### build_crossdev_toolchain(666666 s4)
 * Uninstalling target 'i586-tcc-linux-musl' ...

Performing Global Updates
(Could take a couple of minutes if you have a lot of binary packages.)
p

 * --autounmask-continue has been disabled by --autounmask=n
rm: cannot remove '/usr/i586-tcc-linux-musl': Resource busy
----------------------------------------------------------------------------------------------------------------------------------------------------------------
 * crossdev version:      20240921
 * Host Portage ARCH:     x86
 * Host Portage System:   i486-pc-linux-musl (i486-pc-linux-musl i686-gentoo-linux-musl)
 * Target Portage ARCH:   x86
 * Target System:         i586-tcc-linux-musl
 * Stage:                 4 (C/C++ compiler)
 * USE=multilib:          no
 * Target ABIs:           default

 * binutils:              =binutils-2.32-r2
 * gcc:                   =gcc-4.7.4
 * headers:               =linux-headers-2.4.37.11
 * libc:                  musl-[latest]

 * CROSSDEV_OVERLAY:      /var/db/repos/crossdev
 * PORT_LOGDIR:           /var/log/portage
 * PORTAGE_CONFIGROOT:    /
 * Portage flags:         
  _  -  ~  -  _  -  ~  -  _  -  ~  -  _  -  ~  -  _  -  ~  -  _  -  ~  -  _  -  ~  -  _  -  ~  -  _  -  ~  -  _  -  ~  -  _  -  ~  -  _  -  ~  -  _  -  ~  -  _ 
  _  -  ~  -  _  -  ~  -  _  -  ~  -  _  -  ~  -  _  -  ~  -  _  -  ~  -  _  -  ~  -  _  -  ~  -  _  -  ~  -  _  -  ~  -  _  -  ~  -  _  -  ~  -  _  -  ~  -  _ 
### archive_cross_toolchain(666666)
### restore_cross_toolchain(666666)
 * --autounmask-continue has been disabled by --autounmask=n
 * This action can remove important packages! In order to be safer, use
 * `emerge -pv --depclean <atom>` to check for reverse dependencies before
 * removing packages.

--- Couldn't find 'cross-i586-tcc-linux-musl/binutils' to unmerge.

--- Couldn't find 'cross-i586-tcc-linux-musl/gcc' to unmerge.

--- Couldn't find 'cross-i586-tcc-linux-musl/linux-headers' to unmerge.

--- Couldn't find 'cross-i586-tcc-linux-musl/musl' to unmerge.

>>> No packages selected for removal by unmerge
----------------------------------------------------------------------------------------------------------------------------------------------------------------
 * crossdev version:      20240921
 * Host Portage ARCH:     x86
 * Host Portage System:   i486-pc-linux-musl (i486-pc-linux-musl i686-gentoo-linux-musl)
 * Target Portage ARCH:   x86
 * Target System:         i586-tcc-linux-musl
 * Stage:                 4 (C/C++ compiler)
 * USE=multilib:          no
 * Target ABIs:           default

 * binutils:              =binutils-2.32-r2
 * gcc:                   =gcc-4.7.4
 * headers:               =linux-headers-2.4.37.11
 * libc:                  musl-[latest]

 * CROSSDEV_OVERLAY:      /var/db/repos/crossdev
 * PORT_LOGDIR:           /var/log/portage
 * PORTAGE_CONFIGROOT:    /
 * Portage flags:         
  _  -  ~  -  _  -  ~  -  _  -  ~  -  _  -  ~  -  _  -  ~  -  _  -  ~  -  _  -  ~  -  _  -  ~  -  _  -  ~  -  _  -  ~  -  _  -  ~  -  _  -  ~  -  _  -  ~  -  _ 
 * leaving sys-kernel/linux-headers in /var/db/repos/crossdev
 * leaving sys-libs/musl in /var/db/repos/crossdev
 * leaving sys-devel/binutils in /var/db/repos/crossdev
 * leaving sys-devel/gcc in /var/db/repos/crossdev
  _  -  ~  -  _  -  ~  -  _  -  ~  -  _  -  ~  -  _  -  ~  -  _  -  ~  -  _  -  ~  -  _  -  ~  -  _  -  ~  -  _  -  ~  -  _  -  ~  -  _  -  ~  -  _  -  ~  -  _ 
### prepare_crossdev_stage(666666)
rmdir: failed to remove '/var/db/repos/crossdev': Directory not empty
cp: cannot stat '/usr/i586-tcc-linux-musl/usr/lib/*.o': No such file or directory
ln: failed to create symbolic link '/usr/lib/gcc/i586-tcc-linux-musl/4.7.4/include-fixed': No such file or directory
### build_crossdev_stage(666666)
 * --autounmask-continue has been disabled by --autounmask=n

 * IMPORTANT: config file '/etc/portage/package.accept_keywords/override' needs updating.

These are the packages that would be merged, in reverse order:

Calculating dependencies   * See the CONFIGURATION FILES and CONFIGURATION FILES UPDATE TOOLS
 * sections of the emerge man page to learn how to update config files.
.. ... done!

Total: 0 packages, Size of downloads: 0 KiB

 * --autounmask-continue has been disabled by --autounmask=n

These are the packages that would be merged, in reverse order:

Calculating dependencies  ... done!
[ebuild  N     ] acct-group/wheel-0-r1::gentoo to /usr/i586-tcc-linux-musl/ 0 KiB
[ebuild  N     ] acct-group/vlock-0::gentoo to /usr/i586-tcc-linux-musl/ 0 KiB
[ebuild  N     ] acct-group/video-0-r1::gentoo to /usr/i586-tcc-linux-musl/ 0 KiB
[ebuild  N     ] acct-group/utmp-0-r3::gentoo to /usr/i586-tcc-linux-musl/ 0 KiB
[ebuild  N     ] acct-group/users-0::gentoo to /usr/i586-tcc-linux-musl/ 0 KiB
[ebuild  N     ] acct-group/usb-0-r1::gentoo to /usr/i586-tcc-linux-musl/ 0 KiB
[ebuild  N     ] acct-group/tty-0-r1::gentoo to /usr/i586-tcc-linux-musl/ 0 KiB
[ebuild  N     ] acct-group/ssmtp-0::gentoo to /usr/i586-tcc-linux-musl/ 0 KiB
[ebuild  N     ] acct-group/lpadmin-0-r1::gentoo to /usr/i586-tcc-linux-musl/ 0 KiB
[ebuild  N     ] acct-group/locate-0-r1::gentoo to /usr/i586-tcc-linux-musl/ 0 KiB
[ebuild  N     ] acct-group/kmem-0-r3::gentoo to /usr/i586-tcc-linux-musl/ 0 KiB
[ebuild  N     ] acct-group/input-0-r1::gentoo to /usr/i586-tcc-linux-musl/ 0 KiB
[ebuild  N     ] acct-group/floppy-0-r1::gentoo to /usr/i586-tcc-linux-musl/ 0 KiB
[ebuild  N     ] acct-group/disk-0-r3::gentoo to /usr/i586-tcc-linux-musl/ 0 KiB
[ebuild  N     ] acct-group/cdrom-0-r1::gentoo to /usr/i586-tcc-linux-musl/ 0 KiB
[ebuild  N     ] acct-group/audio-0-r1::gentoo to /usr/i586-tcc-linux-musl/ 0 KiB
[ebuild  N     ] acct-user/uucp-0-r1::gentoo to /usr/i586-tcc-linux-musl/ 0 KiB
[ebuild  N     ] acct-user/transmission-1-r3::gentoo to /usr/i586-tcc-linux-musl/ 0 KiB
[ebuild  N     ] acct-user/tor-0-r1::gentoo to /usr/i586-tcc-linux-musl/ 0 KiB
[ebuild  N     ] acct-user/timidity-0::gentoo to /usr/i586-tcc-linux-musl/ 0 KiB
[ebuild  N     ] acct-user/stunnel-0-r3::gentoo to /usr/i586-tcc-linux-musl/ 0 KiB
[ebuild  N     ] acct-user/sshd-0-r1::gentoo to /usr/i586-tcc-linux-musl/ 0 KiB
[ebuild  N     ] acct-user/smtpq-0-r1::gentoo to /usr/i586-tcc-linux-musl/ 0 KiB
[ebuild  N     ] acct-user/smtpd-0-r1::gentoo to /usr/i586-tcc-linux-musl/ 0 KiB
[ebuild  N     ] acct-user/saned-0::gentoo to /usr/i586-tcc-linux-musl/ 0 KiB
[ebuild  N     ] acct-user/redsocks-0-r1::gentoo to /usr/i586-tcc-linux-musl/ 0 KiB
[ebuild  N     ] acct-user/radvd-0-r2::gentoo to /usr/i586-tcc-linux-musl/ 0 KiB
[ebuild  N     ] acct-user/privoxy-0-r1::gentoo to /usr/i586-tcc-linux-musl/ 0 KiB
[ebuild  N     ] acct-user/postmaster-0-r1::gentoo to /usr/i586-tcc-linux-musl/ 0 KiB
[ebuild  N     ] acct-user/portage-0::gentoo to /usr/i586-tcc-linux-musl/ 0 KiB
[ebuild  N     ] acct-user/popa3d-0::gentoo to /usr/i586-tcc-linux-musl/ 0 KiB
[ebuild  N     ] acct-user/nobody-0-r2::gentoo to /usr/i586-tcc-linux-musl/ 0 KiB
[ebuild  N     ] acct-user/ngircd-0-r1::gentoo to /usr/i586-tcc-linux-musl/ 0 KiB
[ebuild  N     ] acct-user/news-0-r1::gentoo to /usr/i586-tcc-linux-musl/ 0 KiB
[ebuild  N     ] acct-user/mail-0-r1::gentoo to /usr/i586-tcc-linux-musl/ 0 KiB
[ebuild  N     ] acct-user/lp-0-r1::gentoo to /usr/i586-tcc-linux-musl/ 0 KiB
[ebuild  N     ] acct-user/lighttpd-0-r1::gentoo to /usr/i586-tcc-linux-musl/ 0 KiB
[ebuild  N     ] acct-user/ftp-0-r3::gentoo to /usr/i586-tcc-linux-musl/ 0 KiB
[ebuild  N     ] acct-user/fetchmail-0-r1::gentoo to /usr/i586-tcc-linux-musl/ 0 KiB
[ebuild  N     ] acct-user/fax-0-r2::gentoo to /usr/i586-tcc-linux-musl/ 0 KiB
[ebuild  N     ] acct-user/dnsmasq-0-r1::gentoo to /usr/i586-tcc-linux-musl/ 0 KiB
[ebuild  N     ] acct-user/cron-0::gentoo to /usr/i586-tcc-linux-musl/ 0 KiB
[ebuild  N     ] acct-user/at-0::gentoo to /usr/i586-tcc-linux-musl/ 0 KiB
[ebuild  N     ] acct-group/uucp-0-r1::gentoo to /usr/i586-tcc-linux-musl/ 0 KiB
[ebuild  N     ] acct-group/transmission-0-r3::gentoo to /usr/i586-tcc-linux-musl/ 0 KiB
[ebuild  N     ] acct-group/tor-0-r1::gentoo to /usr/i586-tcc-linux-musl/ 0 KiB
[ebuild  N     ] acct-group/stunnel-0-r3::gentoo to /usr/i586-tcc-linux-musl/ 0 KiB
[ebuild  N     ] acct-group/sshd-0-r1::gentoo to /usr/i586-tcc-linux-musl/ 0 KiB
[ebuild  N     ] acct-group/smtpq-0-r1::gentoo to /usr/i586-tcc-linux-musl/ 0 KiB
[ebuild  N     ] acct-group/smtpd-0-r1::gentoo to /usr/i586-tcc-linux-musl/ 0 KiB
[ebuild  N     ] acct-group/scanner-0::gentoo to /usr/i586-tcc-linux-musl/ 0 KiB
[ebuild  N     ] acct-user/root-0-r3::gentoo to /usr/i586-tcc-linux-musl/ 0 KiB
[ebuild  N     ]  acct-group/root-0-r2::gentoo to /usr/i586-tcc-linux-musl/ 0 KiB
[ebuild  N     ] acct-group/redsocks-0-r1::gentoo to /usr/i586-tcc-linux-musl/ 0 KiB
[ebuild  N     ] acct-group/radvd-0-r2::gentoo to /usr/i586-tcc-linux-musl/ 0 KiB
[ebuild  N     ] acct-group/privoxy-0-r1::gentoo to /usr/i586-tcc-linux-musl/ 0 KiB
[ebuild  N     ] acct-group/portage-0::gentoo to /usr/i586-tcc-linux-musl/ 0 KiB
[ebuild  N     ] acct-group/popa3d-0::gentoo to /usr/i586-tcc-linux-musl/ 0 KiB
[ebuild  N     ] acct-group/ngircd-0-r1::gentoo to /usr/i586-tcc-linux-musl/ 0 KiB
[ebuild  N     ] acct-group/news-0-r1::gentoo to /usr/i586-tcc-linux-musl/ 0 KiB
[ebuild  N     ] acct-group/lp-0-r1::gentoo to /usr/i586-tcc-linux-musl/ 0 KiB
[ebuild  N     ] acct-group/lighttpd-0-r1::gentoo to /usr/i586-tcc-linux-musl/ 0 KiB
[ebuild  N     ] acct-group/ftp-0-r1::gentoo to /usr/i586-tcc-linux-musl/ 0 KiB
[ebuild  N     ] acct-group/fetchmail-0-r1::gentoo to /usr/i586-tcc-linux-musl/ 0 KiB
[ebuild  N     ] acct-group/fax-0-r2::gentoo to /usr/i586-tcc-linux-musl/ 0 KiB
[ebuild  N     ] acct-group/dnsmasq-0-r1::gentoo to /usr/i586-tcc-linux-musl/ 0 KiB
[ebuild  N     ] acct-group/cron-0::gentoo to /usr/i586-tcc-linux-musl/ 0 KiB
[ebuild  N     ] acct-group/at-0::gentoo to /usr/i586-tcc-linux-musl/ 0 KiB
[ebuild  N     ] acct-group/nobody-0-r2::gentoo to /usr/i586-tcc-linux-musl/ 0 KiB
[ebuild  N     ] acct-group/mail-0-r1::gentoo to /usr/i586-tcc-linux-musl/ 0 KiB

Total: 70 packages (70 new), Size of downloads: 0 KiB
>>> Verifying ebuild manifests

>>> Running pre-merge checks for acct-group/mail-0-r1
>>> Running pre-merge checks for acct-group/nobody-0-r2
>>> Running pre-merge checks for acct-group/at-0
>>> Running pre-merge checks for acct-group/cron-0
>>> Running pre-merge checks for acct-group/dnsmasq-0-r1
>>> Running pre-merge checks for acct-group/fax-0-r2
>>> Running pre-merge checks for acct-group/fetchmail-0-r1
>>> Running pre-merge checks for acct-group/ftp-0-r1
>>> Running pre-merge checks for acct-group/lighttpd-0-r1
>>> Running pre-merge checks for acct-group/lp-0-r1
>>> Running pre-merge checks for acct-group/news-0-r1
>>> Running pre-merge checks for acct-group/ngircd-0-r1
>>> Running pre-merge checks for acct-group/popa3d-0
>>> Running pre-merge checks for acct-group/portage-0
>>> Running pre-merge checks for acct-group/privoxy-0-r1
>>> Running pre-merge checks for acct-group/radvd-0-r2
>>> Running pre-merge checks for acct-group/redsocks-0-r1
>>> Running pre-merge checks for acct-group/root-0-r2
>>> Running pre-merge checks for acct-user/root-0-r3
>>> Running pre-merge checks for acct-group/scanner-0
>>> Running pre-merge checks for acct-group/smtpd-0-r1
>>> Running pre-merge checks for acct-group/smtpq-0-r1
>>> Running pre-merge checks for acct-group/sshd-0-r1
>>> Running pre-merge checks for acct-group/stunnel-0-r3
>>> Running pre-merge checks for acct-group/tor-0-r1
>>> Running pre-merge checks for acct-group/transmission-0-r3
>>> Running pre-merge checks for acct-group/uucp-0-r1
>>> Running pre-merge checks for acct-user/at-0
>>> Running pre-merge checks for acct-user/cron-0
>>> Running pre-merge checks for acct-user/dnsmasq-0-r1
>>> Running pre-merge checks for acct-user/fax-0-r2
>>> Running pre-merge checks for acct-user/fetchmail-0-r1
>>> Running pre-merge checks for acct-user/ftp-0-r3
>>> Running pre-merge checks for acct-user/lighttpd-0-r1
>>> Running pre-merge checks for acct-user/lp-0-r1
>>> Running pre-merge checks for acct-user/mail-0-r1
>>> Running pre-merge checks for acct-user/news-0-r1
>>> Running pre-merge checks for acct-user/ngircd-0-r1
>>> Running pre-merge checks for acct-user/nobody-0-r2
>>> Running pre-merge checks for acct-user/popa3d-0
>>> Running pre-merge checks for acct-user/portage-0
>>> Running pre-merge checks for acct-user/postmaster-0-r1
>>> Running pre-merge checks for acct-user/privoxy-0-r1
>>> Running pre-merge checks for acct-user/radvd-0-r2
>>> Running pre-merge checks for acct-user/redsocks-0-r1
>>> Running pre-merge checks for acct-user/saned-0
>>> Running pre-merge checks for acct-user/smtpd-0-r1
>>> Running pre-merge checks for acct-user/smtpq-0-r1
>>> Running pre-merge checks for acct-user/sshd-0-r1
>>> Running pre-merge checks for acct-user/stunnel-0-r3
>>> Running pre-merge checks for acct-user/timidity-0
>>> Running pre-merge checks for acct-user/tor-0-r1
>>> Running pre-merge checks for acct-user/transmission-1-r3
>>> Running pre-merge checks for acct-user/uucp-0-r1
>>> Running pre-merge checks for acct-group/audio-0-r1
>>> Running pre-merge checks for acct-group/cdrom-0-r1
>>> Running pre-merge checks for acct-group/disk-0-r3
>>> Running pre-merge checks for acct-group/floppy-0-r1
>>> Running pre-merge checks for acct-group/input-0-r1
>>> Running pre-merge checks for acct-group/kmem-0-r3
>>> Running pre-merge checks for acct-group/locate-0-r1
>>> Running pre-merge checks for acct-group/lpadmin-0-r1
>>> Running pre-merge checks for acct-group/ssmtp-0
>>> Running pre-merge checks for acct-group/tty-0-r1
>>> Running pre-merge checks for acct-group/usb-0-r1
>>> Running pre-merge checks for acct-group/users-0
>>> Running pre-merge checks for acct-group/utmp-0-r3
>>> Running pre-merge checks for acct-group/video-0-r1
>>> Running pre-merge checks for acct-group/vlock-0
>>> Running pre-merge checks for acct-group/wheel-0-r1
>>> Jobs: 0 of 70 complete, 1 running               Load avg: 1.75, 1.35, 0.71
>>> Emerging (1 of 70) acct-group/mail-0-r1::gentoo for /usr/i586-tcc-linux-musl/
>>> Jobs: 0 of 70 complete, 1 running               Load avg: 1.75, 1.35, 0.71
>>> Jobs: 0 of 70 complete, 2 running               Load avg: 1.75, 1.35, 0.71
>>> Emerging (2 of 70) acct-group/nobody-0-r2::gentoo for /usr/i586-tcc-linux-musl/
>>> Jobs: 0 of 70 complete, 2 running               Load avg: 1.75, 1.35, 0.71
>>> Jobs: 0 of 70 complete, 3 running               Load avg: 1.77, 1.36, 0.71
>>> Emerging (3 of 70) acct-group/at-0::gentoo for /usr/i586-tcc-linux-musl/
>>> Jobs: 0 of 70 complete, 3 running               Load avg: 1.77, 1.36, 0.71
>>> Jobs: 0 of 70 complete, 4 running               Load avg: 1.77, 1.36, 0.71
>>> Emerging (4 of 70) acct-group/cron-0::gentoo for /usr/i586-tcc-linux-musl/
>>> Jobs: 0 of 70 complete, 4 running               Load avg: 1.77, 1.36, 0.71
>>> Jobs: 0 of 70 complete, 5 running               Load avg: 1.77, 1.36, 0.71
>>> Emerging (5 of 70) acct-group/dnsmasq-0-r1::gentoo for /usr/i586-tcc-linux-musl/
>>> Jobs: 0 of 70 complete, 5 running               Load avg: 1.77, 1.36, 0.71
>>> Installing (1 of 70) acct-group/mail-0-r1::gentoo to /usr/i586-tcc-linux-musl/
>>> Jobs: 0 of 70 complete, 5 running               Load avg: 2.56, 1.55, 0.79
>>> Jobs: 0 of 70 complete, 4 running               Load avg: 2.56, 1.55, 0.79
>>> Jobs: 0 of 70 complete, 5 running               Load avg: 2.56, 1.55, 0.79
>>> Emerging (6 of 70) acct-group/fax-0-r2::gentoo for /usr/i586-tcc-linux-musl/
>>> Jobs: 0 of 70 complete, 5 running               Load avg: 2.56, 1.55, 0.79
>>> Recording acct-group/mail in "world" favorites file...
>>> Jobs: 0 of 70 complete, 5 running               Load avg: 2.52, 1.56, 0.80
>>> Jobs: 1 of 70 complete, 5 running               Load avg: 2.52, 1.56, 0.80
>>> Installing (2 of 70) acct-group/nobody-0-r2::gentoo to /usr/i586-tcc-linux-musl/
>>> Jobs: 1 of 70 complete, 5 running               Load avg: 2.52, 1.56, 0.80
>>> Jobs: 1 of 70 complete, 4 running               Load avg: 2.52, 1.56, 0.80
>>> Jobs: 1 of 70 complete, 5 running               Load avg: 2.52, 1.56, 0.80
>>> Emerging (7 of 70) acct-group/fetchmail-0-r1::gentoo for /usr/i586-tcc-linux-musl/
>>> Jobs: 1 of 70 complete, 5 running               Load avg: 2.52, 1.56, 0.80
>>> Recording acct-group/nobody in "world" favorites file...
>>> Jobs: 1 of 70 complete, 5 running               Load avg: 2.56, 1.58, 0.81
>>> Jobs: 2 of 70 complete, 5 running               Load avg: 2.56, 1.58, 0.81
>>> Installing (3 of 70) acct-group/at-0::gentoo to /usr/i586-tcc-linux-musl/
>>> Jobs: 2 of 70 complete, 5 running               Load avg: 2.56, 1.58, 0.81
>>> Jobs: 2 of 70 complete, 4 running               Load avg: 2.56, 1.58, 0.81
>>> Jobs: 2 of 70 complete, 5 running               Load avg: 2.56, 1.58, 0.81
>>> Emerging (8 of 70) acct-group/ftp-0-r1::gentoo for /usr/i586-tcc-linux-musl/
>>> Jobs: 2 of 70 complete, 5 running               Load avg: 2.56, 1.58, 0.81
>>> Recording acct-group/at in "world" favorites file...
>>> Jobs: 2 of 70 complete, 5 running               Load avg: 2.91, 1.68, 0.84
>>> Jobs: 3 of 70 complete, 5 running               Load avg: 2.91, 1.68, 0.84
>>> Installing (4 of 70) acct-group/cron-0::gentoo to /usr/i586-tcc-linux-musl/
>>> Jobs: 3 of 70 complete, 5 running               Load avg: 2.91, 1.68, 0.84
>>> Jobs: 3 of 70 complete, 4 running               Load avg: 2.91, 1.68, 0.84
>>> Jobs: 3 of 70 complete, 5 running               Load avg: 2.91, 1.68, 0.84
>>> Emerging (9 of 70) acct-group/lighttpd-0-r1::gentoo for /usr/i586-tcc-linux-musl/
>>> Jobs: 3 of 70 complete, 5 running               Load avg: 2.91, 1.68, 0.84
>>> Recording acct-group/cron in "world" favorites file...
>>> Jobs: 3 of 70 complete, 5 running               Load avg: 3.36, 1.82, 0.90
>>> Jobs: 4 of 70 complete, 5 running               Load avg: 3.36, 1.82, 0.90
>>> Installing (5 of 70) acct-group/dnsmasq-0-r1::gentoo to /usr/i586-tcc-linux-musl/
>>> Jobs: 4 of 70 complete, 5 running               Load avg: 3.36, 1.82, 0.90
>>> Jobs: 4 of 70 complete, 4 running               Load avg: 3.36, 1.82, 0.90
>>> Jobs: 4 of 70 complete, 5 running               Load avg: 3.36, 1.82, 0.90
>>> Emerging (10 of 70) acct-group/lp-0-r1::gentoo for /usr/i586-tcc-linux-musl/
>>> Jobs: 4 of 70 complete, 5 running               Load avg: 3.36, 1.82, 0.90
>>> Recording acct-group/dnsmasq in "world" favorites file...
>>> Jobs: 4 of 70 complete, 5 running               Load avg: 3.25, 1.82, 0.90
>>> Jobs: 5 of 70 complete, 5 running               Load avg: 3.25, 1.82, 0.90
>>> Installing (7 of 70) acct-group/fetchmail-0-r1::gentoo to /usr/i586-tcc-linux-musl/
>>> Jobs: 5 of 70 complete, 5 running               Load avg: 3.25, 1.82, 0.90
>>> Jobs: 5 of 70 complete, 4 running               Load avg: 3.25, 1.82, 0.90
>>> Jobs: 5 of 70 complete, 5 running               Load avg: 3.25, 1.82, 0.90
>>> Emerging (11 of 70) acct-group/news-0-r1::gentoo for /usr/i586-tcc-linux-musl/
>>> Jobs: 5 of 70 complete, 5 running               Load avg: 3.25, 1.82, 0.90
>>> Recording acct-group/fetchmail in "world" favorites file...
>>> Jobs: 5 of 70 complete, 5 running               Load avg: 3.28, 1.88, 0.93
>>> Jobs: 6 of 70 complete, 5 running               Load avg: 3.28, 1.88, 0.93
>>> Installing (6 of 70) acct-group/fax-0-r2::gentoo to /usr/i586-tcc-linux-musl/
>>> Jobs: 6 of 70 complete, 5 running               Load avg: 3.28, 1.88, 0.93
>>> Jobs: 6 of 70 complete, 4 running               Load avg: 3.28, 1.88, 0.93
>>> Jobs: 6 of 70 complete, 5 running               Load avg: 3.28, 1.88, 0.93
>>> Emerging (12 of 70) acct-group/ngircd-0-r1::gentoo for /usr/i586-tcc-linux-musl/
>>> Jobs: 6 of 70 complete, 5 running               Load avg: 3.28, 1.88, 0.93
>>> Recording acct-group/fax in "world" favorites file...
>>> Jobs: 6 of 70 complete, 5 running               Load avg: 3.18, 1.88, 0.94
>>> Jobs: 7 of 70 complete, 5 running               Load avg: 3.18, 1.88, 0.94
>>> Installing (8 of 70) acct-group/ftp-0-r1::gentoo to /usr/i586-tcc-linux-musl/
>>> Jobs: 7 of 70 complete, 5 running               Load avg: 3.18, 1.88, 0.94
>>> Jobs: 7 of 70 complete, 4 running               Load avg: 3.18, 1.88, 0.94
>>> Jobs: 7 of 70 complete, 5 running               Load avg: 3.18, 1.88, 0.94
>>> Emerging (13 of 70) acct-group/popa3d-0::gentoo for /usr/i586-tcc-linux-musl/
>>> Jobs: 7 of 70 complete, 5 running               Load avg: 3.18, 1.88, 0.94
>>> Recording acct-group/ftp in "world" favorites file...
>>> Jobs: 7 of 70 complete, 5 running               Load avg: 3.16, 1.90, 0.95
>>> Jobs: 8 of 70 complete, 5 running               Load avg: 3.16, 1.90, 0.95
>>> Installing (9 of 70) acct-group/lighttpd-0-r1::gentoo to /usr/i586-tcc-linux-musl/
>>> Jobs: 8 of 70 complete, 5 running               Load avg: 3.16, 1.90, 0.95
>>> Jobs: 8 of 70 complete, 4 running               Load avg: 3.16, 1.90, 0.95
>>> Jobs: 8 of 70 complete, 5 running               Load avg: 3.16, 1.90, 0.95
>>> Emerging (14 of 70) acct-group/portage-0::gentoo for /usr/i586-tcc-linux-musl/
>>> Jobs: 8 of 70 complete, 5 running               Load avg: 3.16, 1.90, 0.95
>>> Recording acct-group/lighttpd in "world" favorites file...
>>> Jobs: 8 of 70 complete, 5 running               Load avg: 3.39, 1.97, 0.98
>>> Jobs: 9 of 70 complete, 5 running               Load avg: 3.39, 1.97, 0.98
>>> Installing (10 of 70) acct-group/lp-0-r1::gentoo to /usr/i586-tcc-linux-musl/
>>> Jobs: 9 of 70 complete, 5 running               Load avg: 3.60, 2.03, 1.00
>>> Jobs: 9 of 70 complete, 4 running               Load avg: 3.60, 2.03, 1.00
>>> Jobs: 9 of 70 complete, 5 running               Load avg: 3.60, 2.03, 1.00
>>> Emerging (15 of 70) acct-group/privoxy-0-r1::gentoo for /usr/i586-tcc-linux-musl/
>>> Jobs: 9 of 70 complete, 5 running               Load avg: 3.60, 2.03, 1.00
>>> Recording acct-group/lp in "world" favorites file...
>>> Jobs: 9 of 70 complete, 5 running               Load avg: 3.47, 2.03, 1.01
>>> Jobs: 10 of 70 complete, 5 running              Load avg: 3.47, 2.03, 1.01
>>> Installing (11 of 70) acct-group/news-0-r1::gentoo to /usr/i586-tcc-linux-musl/
>>> Jobs: 10 of 70 complete, 5 running              Load avg: 3.47, 2.03, 1.01
>>> Jobs: 10 of 70 complete, 4 running              Load avg: 3.47, 2.03, 1.01
>>> Jobs: 10 of 70 complete, 5 running              Load avg: 3.47, 2.03, 1.01
>>> Emerging (16 of 70) acct-group/radvd-0-r2::gentoo for /usr/i586-tcc-linux-musl/
>>> Jobs: 10 of 70 complete, 5 running              Load avg: 3.47, 2.03, 1.01
>>> Recording acct-group/news in "world" favorites file...
>>> Jobs: 10 of 70 complete, 5 running              Load avg: 3.54, 2.10, 1.04
>>> Jobs: 11 of 70 complete, 5 running              Load avg: 3.54, 2.10, 1.04
>>> Installing (12 of 70) acct-group/ngircd-0-r1::gentoo to /usr/i586-tcc-linux-musl/
>>> Jobs: 11 of 70 complete, 5 running              Load avg: 3.54, 2.10, 1.04
>>> Jobs: 11 of 70 complete, 4 running              Load avg: 3.54, 2.10, 1.04
>>> Jobs: 11 of 70 complete, 5 running              Load avg: 3.54, 2.10, 1.04
>>> Emerging (17 of 70) acct-group/redsocks-0-r1::gentoo for /usr/i586-tcc-linux-musl/
>>> Jobs: 11 of 70 complete, 5 running              Load avg: 3.54, 2.10, 1.04
>>> Recording acct-group/ngircd in "world" favorites file...
>>> Jobs: 11 of 70 complete, 5 running              Load avg: 3.42, 2.09, 1.05
>>> Jobs: 12 of 70 complete, 5 running              Load avg: 3.42, 2.09, 1.05
>>> Installing (13 of 70) acct-group/popa3d-0::gentoo to /usr/i586-tcc-linux-musl/
>>> Jobs: 12 of 70 complete, 5 running              Load avg: 3.42, 2.09, 1.05
>>> Jobs: 12 of 70 complete, 4 running              Load avg: 3.42, 2.09, 1.05
>>> Jobs: 12 of 70 complete, 5 running              Load avg: 3.42, 2.09, 1.05
>>> Emerging (18 of 70) acct-group/root-0-r2::gentoo for /usr/i586-tcc-linux-musl/
>>> Jobs: 12 of 70 complete, 5 running              Load avg: 3.42, 2.09, 1.05
>>> Recording acct-group/popa3d in "world" favorites file...
>>> Jobs: 12 of 70 complete, 5 running              Load avg: 3.38, 2.11, 1.06
>>> Jobs: 13 of 70 complete, 5 running              Load avg: 3.38, 2.11, 1.06
>>> Installing (14 of 70) acct-group/portage-0::gentoo to /usr/i586-tcc-linux-musl/
>>> Jobs: 13 of 70 complete, 5 running              Load avg: 3.38, 2.11, 1.06
>>> Jobs: 13 of 70 complete, 4 running              Load avg: 3.38, 2.11, 1.06
>>> Jobs: 13 of 70 complete, 5 running              Load avg: 3.38, 2.11, 1.06
>>> Emerging (19 of 70) acct-group/scanner-0::gentoo for /usr/i586-tcc-linux-musl/
>>> Jobs: 13 of 70 complete, 5 running              Load avg: 3.38, 2.11, 1.06
>>> Recording acct-group/portage in "world" favorites file...
>>> Jobs: 13 of 70 complete, 5 running              Load avg: 3.59, 2.17, 1.08
>>> Jobs: 14 of 70 complete, 5 running              Load avg: 3.59, 2.17, 1.08
>>> Installing (15 of 70) acct-group/privoxy-0-r1::gentoo to /usr/i586-tcc-linux-musl/
>>> Jobs: 14 of 70 complete, 5 running              Load avg: 3.71, 2.22, 1.11
>>> Jobs: 14 of 70 complete, 4 running              Load avg: 3.71, 2.22, 1.11
>>> Jobs: 14 of 70 complete, 5 running              Load avg: 3.71, 2.22, 1.11
>>> Emerging (20 of 70) acct-group/smtpd-0-r1::gentoo for /usr/i586-tcc-linux-musl/
>>> Jobs: 14 of 70 complete, 5 running              Load avg: 3.71, 2.22, 1.11
>>> Recording acct-group/privoxy in "world" favorites file...
>>> Jobs: 14 of 70 complete, 5 running              Load avg: 3.57, 2.22, 1.11
>>> Jobs: 15 of 70 complete, 5 running              Load avg: 3.57, 2.22, 1.11
>>> Installing (16 of 70) acct-group/radvd-0-r2::gentoo to /usr/i586-tcc-linux-musl/
>>> Jobs: 15 of 70 complete, 5 running              Load avg: 3.57, 2.22, 1.11
>>> Jobs: 15 of 70 complete, 4 running              Load avg: 3.57, 2.22, 1.11
>>> Jobs: 15 of 70 complete, 5 running              Load avg: 3.57, 2.22, 1.11
>>> Emerging (21 of 70) acct-group/smtpq-0-r1::gentoo for /usr/i586-tcc-linux-musl/
>>> Jobs: 15 of 70 complete, 5 running              Load avg: 3.57, 2.22, 1.11
>>> Recording acct-group/radvd in "world" favorites file...
>>> Jobs: 15 of 70 complete, 5 running              Load avg: 3.68, 2.26, 1.13
>>> Jobs: 16 of 70 complete, 5 running              Load avg: 3.68, 2.26, 1.13
>>> Installing (17 of 70) acct-group/redsocks-0-r1::gentoo to /usr/i586-tcc-linux-musl/
>>> Jobs: 16 of 70 complete, 5 running              Load avg: 3.68, 2.26, 1.13
>>> Jobs: 16 of 70 complete, 4 running              Load avg: 3.68, 2.26, 1.13
>>> Jobs: 16 of 70 complete, 5 running              Load avg: 3.68, 2.26, 1.13
>>> Emerging (22 of 70) acct-group/sshd-0-r1::gentoo for /usr/i586-tcc-linux-musl/
>>> Jobs: 16 of 70 complete, 5 running              Load avg: 3.68, 2.26, 1.13
>>> Recording acct-group/redsocks in "world" favorites file...
>>> Jobs: 16 of 70 complete, 5 running              Load avg: 3.72, 2.32, 1.16
>>> Jobs: 17 of 70 complete, 5 running              Load avg: 3.72, 2.32, 1.16
>>> Installing (18 of 70) acct-group/root-0-r2::gentoo to /usr/i586-tcc-linux-musl/
>>> Jobs: 17 of 70 complete, 5 running              Load avg: 3.72, 2.32, 1.16
>>> Jobs: 17 of 70 complete, 4 running              Load avg: 3.72, 2.32, 1.16
>>> Jobs: 17 of 70 complete, 5 running              Load avg: 3.72, 2.32, 1.16
>>> Emerging (23 of 70) acct-group/stunnel-0-r3::gentoo for /usr/i586-tcc-linux-musl/
>>> Jobs: 17 of 70 complete, 5 running              Load avg: 3.72, 2.32, 1.16
>>> Recording acct-group/root in "world" favorites file...
>>> Jobs: 17 of 70 complete, 5 running              Load avg: 3.82, 2.37, 1.18
>>> Installing (19 of 70) acct-group/scanner-0::gentoo to /usr/i586-tcc-linux-musl/
>>> Jobs: 17 of 70 complete, 5 running              Load avg: 3.82, 2.37, 1.18
>>> Jobs: 17 of 70 complete, 4 running              Load avg: 3.82, 2.37, 1.18
>>> Jobs: 17 of 70 complete, 5 running              Load avg: 3.82, 2.37, 1.18
>>> Emerging (24 of 70) acct-group/tor-0-r1::gentoo for /usr/i586-tcc-linux-musl/
>>> Jobs: 17 of 70 complete, 5 running              Load avg: 3.82, 2.37, 1.18
>>> Jobs: 18 of 70 complete, 5 running              Load avg: 3.82, 2.37, 1.18
>>> Recording acct-group/scanner in "world" favorites file...
>>> Jobs: 18 of 70 complete, 5 running              Load avg: 4.24, 2.48, 1.23
>>> Jobs: 19 of 70 complete, 5 running              Load avg: 4.14, 2.49, 1.24
>>> Installing (20 of 70) acct-group/smtpd-0-r1::gentoo to /usr/i586-tcc-linux-musl/
>>> Jobs: 19 of 70 complete, 5 running              Load avg: 4.14, 2.49, 1.24
>>> Jobs: 19 of 70 complete, 4 running              Load avg: 4.14, 2.49, 1.24
>>> Jobs: 19 of 70 complete, 5 running              Load avg: 4.14, 2.49, 1.24
>>> Emerging (25 of 70) acct-user/root-0-r3::gentoo for /usr/i586-tcc-linux-musl/
>>> Jobs: 19 of 70 complete, 5 running              Load avg: 4.14, 2.49, 1.24
>>> Recording acct-group/smtpd in "world" favorites file...
>>> Jobs: 19 of 70 complete, 5 running              Load avg: 4.05, 2.49, 1.25
>>> Jobs: 20 of 70 complete, 5 running              Load avg: 4.05, 2.49, 1.25
>>> Installing (21 of 70) acct-group/smtpq-0-r1::gentoo to /usr/i586-tcc-linux-musl/
>>> Jobs: 20 of 70 complete, 5 running              Load avg: 4.05, 2.49, 1.25
>>> Jobs: 20 of 70 complete, 4 running              Load avg: 4.05, 2.49, 1.25
>>> Jobs: 20 of 70 complete, 5 running              Load avg: 4.05, 2.49, 1.25
>>> Emerging (26 of 70) acct-group/transmission-0-r3::gentoo for /usr/i586-tcc-linux-musl/
>>> Jobs: 20 of 70 complete, 5 running              Load avg: 4.05, 2.49, 1.25
>>> Recording acct-group/smtpq in "world" favorites file...
>>> Jobs: 20 of 70 complete, 5 running              Load avg: 3.96, 2.50, 1.25
>>> Jobs: 21 of 70 complete, 5 running              Load avg: 3.96, 2.50, 1.25
>>> Installing (22 of 70) acct-group/sshd-0-r1::gentoo to /usr/i586-tcc-linux-musl/
>>> Jobs: 21 of 70 complete, 5 running              Load avg: 3.96, 2.50, 1.25
>>> Jobs: 21 of 70 complete, 4 running              Load avg: 3.96, 2.50, 1.25
>>> Jobs: 21 of 70 complete, 5 running              Load avg: 3.96, 2.50, 1.25
>>> Emerging (27 of 70) acct-group/uucp-0-r1::gentoo for /usr/i586-tcc-linux-musl/
>>> Jobs: 21 of 70 complete, 5 running              Load avg: 3.96, 2.50, 1.25
>>> Recording acct-group/sshd in "world" favorites file...
>>> Jobs: 21 of 70 complete, 5 running              Load avg: 4.05, 2.54, 1.28
>>> Jobs: 22 of 70 complete, 5 running              Load avg: 4.05, 2.54, 1.28
>>> Installing (23 of 70) acct-group/stunnel-0-r3::gentoo to /usr/i586-tcc-linux-musl/
>>> Jobs: 22 of 70 complete, 5 running              Load avg: 4.12, 2.59, 1.30
>>> Jobs: 22 of 70 complete, 4 running              Load avg: 4.12, 2.59, 1.30
>>> Jobs: 22 of 70 complete, 5 running              Load avg: 4.12, 2.59, 1.30
>>> Emerging (28 of 70) acct-user/at-0::gentoo for /usr/i586-tcc-linux-musl/
>>> Jobs: 22 of 70 complete, 5 running              Load avg: 4.12, 2.59, 1.30
>>> Recording acct-group/stunnel in "world" favorites file...
>>> Jobs: 22 of 70 complete, 5 running              Load avg: 4.03, 2.59, 1.30
>>> Jobs: 23 of 70 complete, 5 running              Load avg: 4.03, 2.59, 1.30
>>> Installing (24 of 70) acct-group/tor-0-r1::gentoo to /usr/i586-tcc-linux-musl/
>>> Jobs: 23 of 70 complete, 5 running              Load avg: 4.11, 2.63, 1.32
>>> Jobs: 23 of 70 complete, 4 running              Load avg: 4.11, 2.63, 1.32
>>> Jobs: 23 of 70 complete, 5 running              Load avg: 4.11, 2.63, 1.32
>>> Emerging (29 of 70) acct-user/cron-0::gentoo for /usr/i586-tcc-linux-musl/
>>> Jobs: 23 of 70 complete, 5 running              Load avg: 4.11, 2.63, 1.32
>>> Recording acct-group/tor in "world" favorites file...
>>> Jobs: 23 of 70 complete, 5 running              Load avg: 3.94, 2.62, 1.33
>>> Installing (25 of 70) acct-user/root-0-r3::gentoo to /usr/i586-tcc-linux-musl/
>>> Jobs: 23 of 70 complete, 5 running              Load avg: 3.94, 2.62, 1.33
>>> Jobs: 23 of 70 complete, 4 running              Load avg: 3.94, 2.62, 1.33
>>> Jobs: 23 of 70 complete, 5 running              Load avg: 3.94, 2.62, 1.33
>>> Emerging (30 of 70) acct-user/dnsmasq-0-r1::gentoo for /usr/i586-tcc-linux-musl/
>>> Jobs: 23 of 70 complete, 5 running              Load avg: 3.94, 2.62, 1.33
>>> Jobs: 24 of 70 complete, 5 running              Load avg: 3.94, 2.62, 1.33
>>> Recording acct-user/root in "world" favorites file...
>>> Jobs: 24 of 70 complete, 5 running              Load avg: 3.87, 2.63, 1.34
>>> Jobs: 25 of 70 complete, 5 running              Load avg: 3.87, 2.63, 1.34
>>> Installing (26 of 70) acct-group/transmission-0-r3::gentoo to /usr/i586-tcc-linux-musl/
>>> Jobs: 25 of 70 complete, 5 running              Load avg: 3.87, 2.63, 1.34
>>> Jobs: 25 of 70 complete, 4 running              Load avg: 3.87, 2.63, 1.34
>>> Jobs: 25 of 70 complete, 5 running              Load avg: 3.87, 2.63, 1.34
>>> Emerging (31 of 70) acct-user/fax-0-r2::gentoo for /usr/i586-tcc-linux-musl/
>>> Jobs: 25 of 70 complete, 5 running              Load avg: 3.87, 2.63, 1.34
>>> Recording acct-group/transmission in "world" favorites file...
>>> Jobs: 25 of 70 complete, 5 running              Load avg: 3.96, 2.67, 1.36
>>> Jobs: 26 of 70 complete, 5 running              Load avg: 3.96, 2.67, 1.36
>>> Installing (27 of 70) acct-group/uucp-0-r1::gentoo to /usr/i586-tcc-linux-musl/
>>> Jobs: 26 of 70 complete, 5 running              Load avg: 4.04, 2.71, 1.38
>>> Jobs: 26 of 70 complete, 4 running              Load avg: 4.04, 2.71, 1.38
>>> Jobs: 26 of 70 complete, 5 running              Load avg: 4.04, 2.71, 1.38
>>> Emerging (32 of 70) acct-user/fetchmail-0-r1::gentoo for /usr/i586-tcc-linux-musl/
>>> Jobs: 26 of 70 complete, 5 running              Load avg: 4.04, 2.71, 1.38
>>> Recording acct-group/uucp in "world" favorites file...
>>> Jobs: 26 of 70 complete, 5 running              Load avg: 3.96, 2.71, 1.39
>>> Jobs: 27 of 70 complete, 5 running              Load avg: 3.96, 2.71, 1.39
>>> Installing (28 of 70) acct-user/at-0::gentoo to /usr/i586-tcc-linux-musl/
>>> Jobs: 27 of 70 complete, 5 running              Load avg: 3.96, 2.71, 1.39
>>> Jobs: 27 of 70 complete, 4 running              Load avg: 3.96, 2.71, 1.39
>>> Jobs: 27 of 70 complete, 5 running              Load avg: 3.96, 2.71, 1.39
>>> Emerging (33 of 70) acct-user/ftp-0-r3::gentoo for /usr/i586-tcc-linux-musl/
>>> Jobs: 27 of 70 complete, 5 running              Load avg: 3.96, 2.71, 1.39
>>> Recording acct-user/at in "world" favorites file...
>>> Jobs: 27 of 70 complete, 5 running              Load avg: 3.88, 2.72, 1.40
>>> Jobs: 28 of 70 complete, 5 running              Load avg: 3.88, 2.72, 1.40
>>> Installing (29 of 70) acct-user/cron-0::gentoo to /usr/i586-tcc-linux-musl/
>>> Jobs: 28 of 70 complete, 5 running              Load avg: 4.21, 2.80, 1.43
>>> Jobs: 28 of 70 complete, 4 running              Load avg: 4.21, 2.80, 1.43
>>> Jobs: 28 of 70 complete, 5 running              Load avg: 4.21, 2.80, 1.43
>>> Emerging (34 of 70) acct-user/lighttpd-0-r1::gentoo for /usr/i586-tcc-linux-musl/
>>> Jobs: 28 of 70 complete, 5 running              Load avg: 4.21, 2.80, 1.43
>>> Recording acct-user/cron in "world" favorites file...
>>> Jobs: 28 of 70 complete, 5 running              Load avg: 4.11, 2.81, 1.44
>>> Jobs: 29 of 70 complete, 5 running              Load avg: 4.11, 2.81, 1.44
>>> Installing (30 of 70) acct-user/dnsmasq-0-r1::gentoo to /usr/i586-tcc-linux-musl/
>>> Jobs: 29 of 70 complete, 5 running              Load avg: 4.11, 2.81, 1.44
>>> Jobs: 29 of 70 complete, 4 running              Load avg: 4.11, 2.81, 1.44
>>> Jobs: 29 of 70 complete, 5 running              Load avg: 4.11, 2.81, 1.44
>>> Emerging (35 of 70) acct-user/lp-0-r1::gentoo for /usr/i586-tcc-linux-musl/
>>> Jobs: 29 of 70 complete, 5 running              Load avg: 4.11, 2.81, 1.44
>>> Recording acct-user/dnsmasq in "world" favorites file...
>>> Jobs: 29 of 70 complete, 5 running              Load avg: 4.02, 2.81, 1.45
>>> Jobs: 30 of 70 complete, 5 running              Load avg: 4.02, 2.81, 1.45
>>> Installing (31 of 70) acct-user/fax-0-r2::gentoo to /usr/i586-tcc-linux-musl/
>>> Jobs: 30 of 70 complete, 5 running              Load avg: 4.02, 2.81, 1.45
>>> Jobs: 30 of 70 complete, 4 running              Load avg: 4.02, 2.81, 1.45
>>> Jobs: 30 of 70 complete, 5 running              Load avg: 4.02, 2.81, 1.45
>>> Emerging (36 of 70) acct-user/mail-0-r1::gentoo for /usr/i586-tcc-linux-musl/
>>> Jobs: 30 of 70 complete, 5 running              Load avg: 4.02, 2.81, 1.45
>>> Recording acct-user/fax in "world" favorites file...
>>> Jobs: 30 of 70 complete, 5 running              Load avg: 4.02, 2.83, 1.46
>>> Jobs: 31 of 70 complete, 5 running              Load avg: 4.02, 2.83, 1.46
>>> Installing (32 of 70) acct-user/fetchmail-0-r1::gentoo to /usr/i586-tcc-linux-musl/
>>> Jobs: 31 of 70 complete, 5 running              Load avg: 4.02, 2.83, 1.46
>>> Jobs: 31 of 70 complete, 4 running              Load avg: 4.02, 2.83, 1.46
>>> Jobs: 31 of 70 complete, 5 running              Load avg: 4.02, 2.83, 1.46
>>> Emerging (37 of 70) acct-user/news-0-r1::gentoo for /usr/i586-tcc-linux-musl/
>>> Jobs: 31 of 70 complete, 5 running              Load avg: 4.02, 2.83, 1.46
>>> Recording acct-user/fetchmail in "world" favorites file...
>>> Jobs: 31 of 70 complete, 5 running              Load avg: 4.08, 2.89, 1.50
>>> Jobs: 32 of 70 complete, 5 running              Load avg: 4.08, 2.89, 1.50
>>> Installing (33 of 70) acct-user/ftp-0-r3::gentoo to /usr/i586-tcc-linux-musl/
>>> Jobs: 32 of 70 complete, 5 running              Load avg: 4.08, 2.89, 1.50
>>> Jobs: 32 of 70 complete, 4 running              Load avg: 4.08, 2.89, 1.50
>>> Jobs: 32 of 70 complete, 5 running              Load avg: 4.08, 2.89, 1.50
>>> Emerging (38 of 70) acct-user/ngircd-0-r1::gentoo for /usr/i586-tcc-linux-musl/
>>> Jobs: 32 of 70 complete, 5 running              Load avg: 4.08, 2.89, 1.50
>>> Recording acct-user/ftp in "world" favorites file...
>>> Jobs: 32 of 70 complete, 5 running              Load avg: 3.91, 2.87, 1.50
>>> Jobs: 33 of 70 complete, 5 running              Load avg: 3.91, 2.87, 1.50
>>> Installing (34 of 70) acct-user/lighttpd-0-r1::gentoo to /usr/i586-tcc-linux-musl/
>>> Jobs: 33 of 70 complete, 5 running              Load avg: 4.00, 2.91, 1.52
>>> Jobs: 33 of 70 complete, 4 running              Load avg: 4.00, 2.91, 1.52
>>> Jobs: 33 of 70 complete, 5 running              Load avg: 4.00, 2.91, 1.52
>>> Emerging (39 of 70) acct-user/nobody-0-r2::gentoo for /usr/i586-tcc-linux-musl/
>>> Jobs: 33 of 70 complete, 5 running              Load avg: 4.00, 2.91, 1.52
>>> Recording acct-user/lighttpd in "world" favorites file...
>>> Jobs: 33 of 70 complete, 5 running              Load avg: 3.84, 2.89, 1.52
>>> Jobs: 34 of 70 complete, 5 running              Load avg: 3.84, 2.89, 1.52
>>> Installing (35 of 70) acct-user/lp-0-r1::gentoo to /usr/i586-tcc-linux-musl/
>>> Jobs: 34 of 70 complete, 5 running              Load avg: 3.84, 2.89, 1.52
>>> Jobs: 34 of 70 complete, 4 running              Load avg: 3.84, 2.89, 1.52
>>> Jobs: 34 of 70 complete, 5 running              Load avg: 3.84, 2.89, 1.52
>>> Emerging (40 of 70) acct-user/popa3d-0::gentoo for /usr/i586-tcc-linux-musl/
>>> Jobs: 34 of 70 complete, 5 running              Load avg: 3.84, 2.89, 1.52
>>> Recording acct-user/lp in "world" favorites file...
>>> Jobs: 34 of 70 complete, 5 running              Load avg: 4.01, 2.94, 1.54
>>> Jobs: 35 of 70 complete, 5 running              Load avg: 4.01, 2.94, 1.54
>>> Installing (36 of 70) acct-user/mail-0-r1::gentoo to /usr/i586-tcc-linux-musl/
>>> Jobs: 35 of 70 complete, 5 running              Load avg: 4.09, 2.98, 1.56
>>> Jobs: 35 of 70 complete, 4 running              Load avg: 4.09, 2.98, 1.56
>>> Jobs: 35 of 70 complete, 5 running              Load avg: 4.09, 2.98, 1.56
>>> Emerging (41 of 70) acct-user/portage-0::gentoo for /usr/i586-tcc-linux-musl/
>>> Jobs: 35 of 70 complete, 5 running              Load avg: 4.09, 2.98, 1.56
>>> Recording acct-user/mail in "world" favorites file...
>>> Jobs: 35 of 70 complete, 5 running              Load avg: 3.92, 2.96, 1.57
>>> Installing (37 of 70) acct-user/news-0-r1::gentoo to /usr/i586-tcc-linux-musl/
>>> Jobs: 35 of 70 complete, 5 running              Load avg: 3.92, 2.96, 1.57
>>> Jobs: 35 of 70 complete, 4 running              Load avg: 3.92, 2.96, 1.57
>>> Jobs: 35 of 70 complete, 5 running              Load avg: 3.92, 2.96, 1.57
>>> Emerging (42 of 70) acct-user/postmaster-0-r1::gentoo for /usr/i586-tcc-linux-musl/
>>> Jobs: 35 of 70 complete, 5 running              Load avg: 3.92, 2.96, 1.57
>>> Jobs: 36 of 70 complete, 5 running              Load avg: 3.92, 2.96, 1.57
>>> Recording acct-user/news in "world" favorites file...
>>> Jobs: 36 of 70 complete, 5 running              Load avg: 3.77, 2.94, 1.57
>>> Jobs: 37 of 70 complete, 5 running              Load avg: 3.77, 2.94, 1.57
>>> Installing (38 of 70) acct-user/ngircd-0-r1::gentoo to /usr/i586-tcc-linux-musl/
>>> Jobs: 37 of 70 complete, 5 running              Load avg: 3.77, 2.94, 1.57
>>> Jobs: 37 of 70 complete, 4 running              Load avg: 3.77, 2.94, 1.57
>>> Jobs: 37 of 70 complete, 5 running              Load avg: 3.77, 2.94, 1.57
>>> Emerging (43 of 70) acct-user/privoxy-0-r1::gentoo for /usr/i586-tcc-linux-musl/
>>> Jobs: 37 of 70 complete, 5 running              Load avg: 3.77, 2.94, 1.57
>>> Recording acct-user/ngircd in "world" favorites file...
>>> Jobs: 37 of 70 complete, 5 running              Load avg: 3.87, 2.98, 1.59
>>> Jobs: 38 of 70 complete, 5 running              Load avg: 3.87, 2.98, 1.59
>>> Installing (39 of 70) acct-user/nobody-0-r2::gentoo to /usr/i586-tcc-linux-musl/
>>> Jobs: 38 of 70 complete, 5 running              Load avg: 3.96, 3.01, 1.61
>>> Jobs: 38 of 70 complete, 4 running              Load avg: 3.96, 3.01, 1.61
>>> Jobs: 38 of 70 complete, 5 running              Load avg: 3.96, 3.01, 1.61
>>> Emerging (44 of 70) acct-user/radvd-0-r2::gentoo for /usr/i586-tcc-linux-musl/
>>> Jobs: 38 of 70 complete, 5 running              Load avg: 3.96, 3.01, 1.61
>>> Recording acct-user/nobody in "world" favorites file...
>>> Jobs: 38 of 70 complete, 5 running              Load avg: 3.80, 3.00, 1.61
>>> Jobs: 39 of 70 complete, 5 running              Load avg: 3.80, 3.00, 1.61
>>> Installing (40 of 70) acct-user/popa3d-0::gentoo to /usr/i586-tcc-linux-musl/
>>> Jobs: 39 of 70 complete, 5 running              Load avg: 3.80, 3.00, 1.61
>>> Jobs: 39 of 70 complete, 4 running              Load avg: 3.80, 3.00, 1.61
>>> Jobs: 39 of 70 complete, 5 running              Load avg: 3.80, 3.00, 1.61
>>> Emerging (45 of 70) acct-user/redsocks-0-r1::gentoo for /usr/i586-tcc-linux-musl/
>>> Jobs: 39 of 70 complete, 5 running              Load avg: 3.80, 3.00, 1.61
>>> Recording acct-user/popa3d in "world" favorites file...
>>> Jobs: 39 of 70 complete, 5 running              Load avg: 3.98, 3.05, 1.63
>>> Jobs: 40 of 70 complete, 5 running              Load avg: 3.98, 3.05, 1.63
>>> Installing (42 of 70) acct-user/postmaster-0-r1::gentoo to /usr/i586-tcc-linux-musl/
>>> Jobs: 40 of 70 complete, 5 running              Load avg: 4.06, 3.08, 1.65
>>> Jobs: 40 of 70 complete, 4 running              Load avg: 4.06, 3.08, 1.65
>>> Jobs: 40 of 70 complete, 5 running              Load avg: 4.06, 3.08, 1.65
>>> Emerging (46 of 70) acct-user/saned-0::gentoo for /usr/i586-tcc-linux-musl/
>>> Jobs: 40 of 70 complete, 5 running              Load avg: 4.06, 3.08, 1.65
>>> Recording acct-user/postmaster in "world" favorites file...
>>> Jobs: 40 of 70 complete, 5 running              Load avg: 3.98, 3.08, 1.66
>>> Jobs: 41 of 70 complete, 5 running              Load avg: 3.98, 3.08, 1.66
>>> Installing (41 of 70) acct-user/portage-0::gentoo to /usr/i586-tcc-linux-musl/
>>> Jobs: 41 of 70 complete, 5 running              Load avg: 3.98, 3.08, 1.66
>>> Jobs: 41 of 70 complete, 4 running              Load avg: 3.98, 3.08, 1.66
>>> Jobs: 41 of 70 complete, 5 running              Load avg: 3.98, 3.08, 1.66
>>> Emerging (47 of 70) acct-user/smtpd-0-r1::gentoo for /usr/i586-tcc-linux-musl/
>>> Jobs: 41 of 70 complete, 5 running              Load avg: 3.98, 3.08, 1.66
>>> Recording acct-user/portage in "world" favorites file...
>>> Jobs: 41 of 70 complete, 5 running              Load avg: 4.06, 3.11, 1.68
>>> Jobs: 42 of 70 complete, 5 running              Load avg: 4.06, 3.11, 1.68
>>> Installing (43 of 70) acct-user/privoxy-0-r1::gentoo to /usr/i586-tcc-linux-musl/
>>> Jobs: 42 of 70 complete, 5 running              Load avg: 4.06, 3.11, 1.68
>>> Jobs: 42 of 70 complete, 4 running              Load avg: 4.06, 3.11, 1.68
>>> Jobs: 42 of 70 complete, 5 running              Load avg: 4.06, 3.11, 1.68
>>> Emerging (48 of 70) acct-user/smtpq-0-r1::gentoo for /usr/i586-tcc-linux-musl/
>>> Jobs: 42 of 70 complete, 5 running              Load avg: 4.06, 3.11, 1.68
>>> Recording acct-user/privoxy in "world" favorites file...
>>> Jobs: 42 of 70 complete, 5 running              Load avg: 4.13, 3.14, 1.69
>>> Jobs: 43 of 70 complete, 5 running              Load avg: 4.13, 3.14, 1.69
>>> Installing (44 of 70) acct-user/radvd-0-r2::gentoo to /usr/i586-tcc-linux-musl/
>>> Jobs: 43 of 70 complete, 5 running              Load avg: 4.13, 3.14, 1.69
>>> Jobs: 43 of 70 complete, 4 running              Load avg: 4.13, 3.14, 1.69
>>> Jobs: 43 of 70 complete, 5 running              Load avg: 4.13, 3.14, 1.69
>>> Emerging (49 of 70) acct-user/sshd-0-r1::gentoo for /usr/i586-tcc-linux-musl/
>>> Jobs: 43 of 70 complete, 5 running              Load avg: 4.13, 3.14, 1.69
>>> Recording acct-user/radvd in "world" favorites file...
>>> Jobs: 43 of 70 complete, 5 running              Load avg: 4.10, 3.17, 1.72
>>> Jobs: 44 of 70 complete, 5 running              Load avg: 4.10, 3.17, 1.72
>>> Installing (45 of 70) acct-user/redsocks-0-r1::gentoo to /usr/i586-tcc-linux-musl/
>>> Jobs: 44 of 70 complete, 5 running              Load avg: 4.10, 3.17, 1.72
>>> Jobs: 44 of 70 complete, 4 running              Load avg: 4.10, 3.17, 1.72
>>> Jobs: 44 of 70 complete, 5 running              Load avg: 4.10, 3.17, 1.72
>>> Emerging (50 of 70) acct-user/stunnel-0-r3::gentoo for /usr/i586-tcc-linux-musl/
>>> Jobs: 44 of 70 complete, 5 running              Load avg: 4.10, 3.17, 1.72
>>> Recording acct-user/redsocks in "world" favorites file...
>>> Jobs: 44 of 70 complete, 5 running              Load avg: 4.01, 3.17, 1.73
>>> Jobs: 45 of 70 complete, 5 running              Load avg: 4.01, 3.17, 1.73
>>> Installing (46 of 70) acct-user/saned-0::gentoo to /usr/i586-tcc-linux-musl/
>>> Jobs: 45 of 70 complete, 5 running              Load avg: 4.09, 3.20, 1.75
>>> Jobs: 45 of 70 complete, 4 running              Load avg: 4.09, 3.20, 1.75
>>> Jobs: 45 of 70 complete, 5 running              Load avg: 4.09, 3.20, 1.75
>>> Emerging (51 of 70) acct-user/timidity-0::gentoo for /usr/i586-tcc-linux-musl/
>>> Jobs: 45 of 70 complete, 5 running              Load avg: 4.09, 3.20, 1.75
>>> Recording acct-user/saned in "world" favorites file...
>>> Jobs: 45 of 70 complete, 5 running              Load avg: 4.00, 3.19, 1.75
>>> Jobs: 46 of 70 complete, 5 running              Load avg: 4.00, 3.19, 1.75
>>> Installing (47 of 70) acct-user/smtpd-0-r1::gentoo to /usr/i586-tcc-linux-musl/
>>> Jobs: 46 of 70 complete, 5 running              Load avg: 4.00, 3.19, 1.75
>>> Jobs: 46 of 70 complete, 4 running              Load avg: 4.00, 3.19, 1.75
>>> Jobs: 46 of 70 complete, 5 running              Load avg: 4.00, 3.19, 1.75
>>> Emerging (52 of 70) acct-user/tor-0-r1::gentoo for /usr/i586-tcc-linux-musl/
>>> Jobs: 46 of 70 complete, 5 running              Load avg: 4.00, 3.19, 1.75
>>> Recording acct-user/smtpd in "world" favorites file...
>>> Jobs: 46 of 70 complete, 5 running              Load avg: 4.00, 3.21, 1.76
>>> Jobs: 47 of 70 complete, 5 running              Load avg: 4.00, 3.21, 1.76
>>> Installing (49 of 70) acct-user/sshd-0-r1::gentoo to /usr/i586-tcc-linux-musl/
>>> Jobs: 47 of 70 complete, 5 running              Load avg: 4.16, 3.25, 1.79
>>> Jobs: 47 of 70 complete, 4 running              Load avg: 4.16, 3.25, 1.79
>>> Jobs: 47 of 70 complete, 5 running              Load avg: 4.16, 3.25, 1.79
>>> Emerging (53 of 70) acct-user/transmission-1-r3::gentoo for /usr/i586-tcc-linux-musl/
>>> Jobs: 47 of 70 complete, 5 running              Load avg: 4.16, 3.25, 1.79
>>> Installing (48 of 70) acct-user/smtpq-0-r1::gentoo to /usr/i586-tcc-linux-musl/
>>> Jobs: 47 of 70 complete, 5 running              Load avg: 4.16, 3.25, 1.79
>>> Jobs: 47 of 70 complete, 4 running              Load avg: 4.16, 3.25, 1.79
>>> Jobs: 47 of 70 complete, 5 running              Load avg: 3.99, 3.23, 1.79
>>> Emerging (54 of 70) acct-user/uucp-0-r1::gentoo for /usr/i586-tcc-linux-musl/
>>> Jobs: 47 of 70 complete, 5 running              Load avg: 3.99, 3.23, 1.79
>>> Recording acct-user/sshd in "world" favorites file...
>>> Jobs: 47 of 70 complete, 5 running              Load avg: 3.99, 3.23, 1.79
>>> Recording acct-user/smtpq in "world" favorites file...
>>> Jobs: 47 of 70 complete, 5 running              Load avg: 3.99, 3.23, 1.79
>>> Jobs: 48 of 70 complete, 5 running              Load avg: 3.99, 3.23, 1.79
>>> Jobs: 49 of 70 complete, 5 running              Load avg: 3.99, 3.23, 1.79
>>> Installing (50 of 70) acct-user/stunnel-0-r3::gentoo to /usr/i586-tcc-linux-musl/
>>> Jobs: 49 of 70 complete, 5 running              Load avg: 4.07, 3.26, 1.81
>>> Jobs: 49 of 70 complete, 4 running              Load avg: 4.07, 3.26, 1.81
>>> Jobs: 49 of 70 complete, 5 running              Load avg: 4.07, 3.26, 1.81
>>> Emerging (55 of 70) acct-group/audio-0-r1::gentoo for /usr/i586-tcc-linux-musl/
>>> Jobs: 49 of 70 complete, 5 running              Load avg: 4.07, 3.26, 1.81
>>> Recording acct-user/stunnel in "world" favorites file...
>>> Jobs: 49 of 70 complete, 5 running              Load avg: 3.99, 3.26, 1.81
>>> Jobs: 50 of 70 complete, 5 running              Load avg: 3.99, 3.26, 1.81
>>> Installing (51 of 70) acct-user/timidity-0::gentoo to /usr/i586-tcc-linux-musl/
>>> Jobs: 50 of 70 complete, 5 running              Load avg: 3.99, 3.26, 1.81
>>> Jobs: 50 of 70 complete, 4 running              Load avg: 3.99, 3.26, 1.81
>>> Jobs: 50 of 70 complete, 5 running              Load avg: 3.99, 3.26, 1.81
>>> Emerging (56 of 70) acct-group/cdrom-0-r1::gentoo for /usr/i586-tcc-linux-musl/
>>> Jobs: 50 of 70 complete, 5 running              Load avg: 3.99, 3.26, 1.81
>>> Recording acct-user/timidity in "world" favorites file...
>>> Jobs: 50 of 70 complete, 5 running              Load avg: 4.07, 3.29, 1.83
>>> Jobs: 51 of 70 complete, 5 running              Load avg: 4.07, 3.29, 1.83
>>> Installing (52 of 70) acct-user/tor-0-r1::gentoo to /usr/i586-tcc-linux-musl/
>>> Jobs: 51 of 70 complete, 5 running              Load avg: 4.14, 3.32, 1.85
>>> Jobs: 51 of 70 complete, 4 running              Load avg: 4.14, 3.32, 1.85
>>> Jobs: 51 of 70 complete, 5 running              Load avg: 4.14, 3.32, 1.85
>>> Emerging (57 of 70) acct-group/disk-0-r3::gentoo for /usr/i586-tcc-linux-musl/
>>> Jobs: 51 of 70 complete, 5 running              Load avg: 4.14, 3.32, 1.85
>>> Recording acct-user/tor in "world" favorites file...
>>> Jobs: 51 of 70 complete, 5 running              Load avg: 4.05, 3.31, 1.85
>>> Jobs: 52 of 70 complete, 5 running              Load avg: 4.05, 3.31, 1.85
>>> Installing (54 of 70) acct-user/uucp-0-r1::gentoo to /usr/i586-tcc-linux-musl/
>>> Jobs: 52 of 70 complete, 5 running              Load avg: 4.13, 3.34, 1.87
>>> Jobs: 52 of 70 complete, 4 running              Load avg: 4.13, 3.34, 1.87
>>> Jobs: 52 of 70 complete, 5 running              Load avg: 4.13, 3.34, 1.87
>>> Emerging (58 of 70) acct-group/floppy-0-r1::gentoo for /usr/i586-tcc-linux-musl/
>>> Jobs: 52 of 70 complete, 5 running              Load avg: 4.13, 3.34, 1.87
>>> Recording acct-user/uucp in "world" favorites file...
>>> Jobs: 52 of 70 complete, 5 running              Load avg: 4.20, 3.37, 1.89
>>> Jobs: 53 of 70 complete, 5 running              Load avg: 4.20, 3.37, 1.89
>>> Installing (55 of 70) acct-group/audio-0-r1::gentoo to /usr/i586-tcc-linux-musl/
>>> Jobs: 53 of 70 complete, 5 running              Load avg: 4.20, 3.37, 1.89
>>> Jobs: 53 of 70 complete, 4 running              Load avg: 4.20, 3.37, 1.89
>>> Jobs: 53 of 70 complete, 5 running              Load avg: 4.20, 3.37, 1.89
>>> Emerging (59 of 70) acct-group/input-0-r1::gentoo for /usr/i586-tcc-linux-musl/
>>> Jobs: 53 of 70 complete, 5 running              Load avg: 4.20, 3.37, 1.89
>>> Recording acct-group/audio in "world" favorites file...
>>> Jobs: 53 of 70 complete, 5 running              Load avg: 4.26, 3.39, 1.91
>>> Jobs: 54 of 70 complete, 5 running              Load avg: 4.26, 3.39, 1.91
>>> Installing (53 of 70) acct-user/transmission-1-r3::gentoo to /usr/i586-tcc-linux-musl/
>>> Jobs: 54 of 70 complete, 5 running              Load avg: 4.26, 3.39, 1.91
>>> Jobs: 54 of 70 complete, 4 running              Load avg: 4.26, 3.39, 1.91
>>> Jobs: 54 of 70 complete, 5 running              Load avg: 4.26, 3.39, 1.91
>>> Emerging (60 of 70) acct-group/kmem-0-r3::gentoo for /usr/i586-tcc-linux-musl/
>>> Jobs: 54 of 70 complete, 5 running              Load avg: 4.26, 3.39, 1.91
>>> Recording acct-user/transmission in "world" favorites file...
>>> Jobs: 54 of 70 complete, 5 running              Load avg: 4.28, 3.43, 1.93
>>> Jobs: 55 of 70 complete, 5 running              Load avg: 4.28, 3.43, 1.93
>>> Installing (56 of 70) acct-group/cdrom-0-r1::gentoo to /usr/i586-tcc-linux-musl/
>>> Jobs: 55 of 70 complete, 5 running              Load avg: 4.28, 3.43, 1.93
>>> Jobs: 55 of 70 complete, 4 running              Load avg: 4.28, 3.43, 1.93
>>> Jobs: 55 of 70 complete, 5 running              Load avg: 4.28, 3.43, 1.93
>>> Emerging (61 of 70) acct-group/locate-0-r1::gentoo for /usr/i586-tcc-linux-musl/
>>> Jobs: 55 of 70 complete, 5 running              Load avg: 4.28, 3.43, 1.93
>>> Recording acct-group/cdrom in "world" favorites file...
>>> Jobs: 55 of 70 complete, 5 running              Load avg: 4.18, 3.42, 1.94
>>> Jobs: 56 of 70 complete, 5 running              Load avg: 4.18, 3.42, 1.94
>>> Installing (57 of 70) acct-group/disk-0-r3::gentoo to /usr/i586-tcc-linux-musl/
>>> Jobs: 56 of 70 complete, 5 running              Load avg: 4.18, 3.42, 1.94
>>> Jobs: 56 of 70 complete, 4 running              Load avg: 4.18, 3.42, 1.94
>>> Jobs: 56 of 70 complete, 5 running              Load avg: 4.18, 3.42, 1.94
>>> Emerging (62 of 70) acct-group/lpadmin-0-r1::gentoo for /usr/i586-tcc-linux-musl/
>>> Jobs: 56 of 70 complete, 5 running              Load avg: 4.18, 3.42, 1.94
>>> Recording acct-group/disk in "world" favorites file...
>>> Jobs: 56 of 70 complete, 5 running              Load avg: 4.08, 3.41, 1.95
>>> Jobs: 57 of 70 complete, 5 running              Load avg: 4.08, 3.41, 1.95
>>> Installing (58 of 70) acct-group/floppy-0-r1::gentoo to /usr/i586-tcc-linux-musl/
>>> Jobs: 57 of 70 complete, 5 running              Load avg: 4.16, 3.44, 1.96
>>> Jobs: 57 of 70 complete, 4 running              Load avg: 4.16, 3.44, 1.96
>>> Jobs: 57 of 70 complete, 5 running              Load avg: 4.16, 3.44, 1.96
>>> Emerging (63 of 70) acct-group/ssmtp-0::gentoo for /usr/i586-tcc-linux-musl/
>>> Jobs: 57 of 70 complete, 5 running              Load avg: 4.16, 3.44, 1.96
>>> Recording acct-group/floppy in "world" favorites file...
>>> Jobs: 57 of 70 complete, 5 running              Load avg: 3.99, 3.42, 1.96
>>> Jobs: 58 of 70 complete, 5 running              Load avg: 3.99, 3.42, 1.96
>>> Installing (59 of 70) acct-group/input-0-r1::gentoo to /usr/i586-tcc-linux-musl/
>>> Jobs: 58 of 70 complete, 5 running              Load avg: 3.99, 3.42, 1.96
>>> Jobs: 58 of 70 complete, 4 running              Load avg: 3.99, 3.42, 1.96
>>> Jobs: 58 of 70 complete, 5 running              Load avg: 3.99, 3.42, 1.96
>>> Emerging (64 of 70) acct-group/tty-0-r1::gentoo for /usr/i586-tcc-linux-musl/
>>> Jobs: 58 of 70 complete, 5 running              Load avg: 3.99, 3.42, 1.96
>>> Recording acct-group/input in "world" favorites file...
>>> Jobs: 58 of 70 complete, 5 running              Load avg: 3.91, 3.41, 1.97
>>> Jobs: 59 of 70 complete, 5 running              Load avg: 3.91, 3.41, 1.97
>>> Installing (60 of 70) acct-group/kmem-0-r3::gentoo to /usr/i586-tcc-linux-musl/
>>> Jobs: 59 of 70 complete, 5 running              Load avg: 3.91, 3.41, 1.97
>>> Jobs: 59 of 70 complete, 4 running              Load avg: 3.91, 3.41, 1.97
>>> Jobs: 59 of 70 complete, 5 running              Load avg: 3.99, 3.44, 1.98
>>> Emerging (65 of 70) acct-group/usb-0-r1::gentoo for /usr/i586-tcc-linux-musl/
>>> Jobs: 59 of 70 complete, 5 running              Load avg: 3.99, 3.44, 1.98
>>> Recording acct-group/kmem in "world" favorites file...
>>> Jobs: 59 of 70 complete, 5 running              Load avg: 3.91, 3.43, 1.99
>>> Jobs: 60 of 70 complete, 5 running              Load avg: 3.91, 3.43, 1.99
>>> Installing (61 of 70) acct-group/locate-0-r1::gentoo to /usr/i586-tcc-linux-musl/
>>> Jobs: 60 of 70 complete, 5 running              Load avg: 3.91, 3.43, 1.99
>>> Jobs: 60 of 70 complete, 4 running              Load avg: 3.91, 3.43, 1.99
>>> Jobs: 60 of 70 complete, 5 running              Load avg: 3.91, 3.43, 1.99
>>> Emerging (66 of 70) acct-group/users-0::gentoo for /usr/i586-tcc-linux-musl/
>>> Jobs: 60 of 70 complete, 5 running              Load avg: 3.91, 3.43, 1.99
>>> Recording acct-group/locate in "world" favorites file...
>>> Jobs: 60 of 70 complete, 5 running              Load avg: 3.76, 3.41, 1.99
>>> Jobs: 61 of 70 complete, 5 running              Load avg: 3.76, 3.41, 1.99
>>> Installing (62 of 70) acct-group/lpadmin-0-r1::gentoo to /usr/i586-tcc-linux-musl/
>>> Jobs: 61 of 70 complete, 5 running              Load avg: 3.76, 3.41, 1.99
>>> Jobs: 61 of 70 complete, 4 running              Load avg: 3.76, 3.41, 1.99
>>> Jobs: 61 of 70 complete, 5 running              Load avg: 3.76, 3.41, 1.99
>>> Emerging (67 of 70) acct-group/utmp-0-r3::gentoo for /usr/i586-tcc-linux-musl/
>>> Jobs: 61 of 70 complete, 5 running              Load avg: 3.76, 3.41, 1.99
>>> Recording acct-group/lpadmin in "world" favorites file...
>>> Jobs: 61 of 70 complete, 5 running              Load avg: 3.78, 3.42, 2.00
>>> Jobs: 62 of 70 complete, 5 running              Load avg: 3.78, 3.42, 2.00
>>> Installing (64 of 70) acct-group/tty-0-r1::gentoo to /usr/i586-tcc-linux-musl/
>>> Jobs: 62 of 70 complete, 5 running              Load avg: 3.96, 3.46, 2.02
>>> Jobs: 62 of 70 complete, 4 running              Load avg: 3.96, 3.46, 2.02
>>> Jobs: 62 of 70 complete, 5 running              Load avg: 3.96, 3.46, 2.02
>>> Emerging (68 of 70) acct-group/video-0-r1::gentoo for /usr/i586-tcc-linux-musl/
>>> Jobs: 62 of 70 complete, 5 running              Load avg: 3.96, 3.46, 2.02
>>> Recording acct-group/tty in "world" favorites file...
>>> Jobs: 62 of 70 complete, 5 running              Load avg: 3.80, 3.43, 2.02
>>> Jobs: 63 of 70 complete, 5 running              Load avg: 3.80, 3.43, 2.02
>>> Installing (63 of 70) acct-group/ssmtp-0::gentoo to /usr/i586-tcc-linux-musl/
>>> Jobs: 63 of 70 complete, 5 running              Load avg: 3.80, 3.43, 2.02
>>> Jobs: 63 of 70 complete, 4 running              Load avg: 3.80, 3.43, 2.02
>>> Jobs: 63 of 70 complete, 5 running              Load avg: 3.80, 3.43, 2.02
>>> Emerging (69 of 70) acct-group/vlock-0::gentoo for /usr/i586-tcc-linux-musl/
>>> Jobs: 63 of 70 complete, 5 running              Load avg: 3.80, 3.43, 2.02
>>> Recording acct-group/ssmtp in "world" favorites file...
>>> Jobs: 63 of 70 complete, 5 running              Load avg: 3.66, 3.41, 2.02
>>> Jobs: 64 of 70 complete, 5 running              Load avg: 3.66, 3.41, 2.02
>>> Installing (65 of 70) acct-group/usb-0-r1::gentoo to /usr/i586-tcc-linux-musl/
>>> Jobs: 64 of 70 complete, 5 running              Load avg: 3.66, 3.41, 2.02
>>> Jobs: 64 of 70 complete, 4 running              Load avg: 3.66, 3.41, 2.02
>>> Jobs: 64 of 70 complete, 5 running              Load avg: 3.66, 3.41, 2.02
>>> Emerging (70 of 70) acct-group/wheel-0-r1::gentoo for /usr/i586-tcc-linux-musl/
>>> Jobs: 64 of 70 complete, 5 running              Load avg: 3.66, 3.41, 2.02
>>> Recording acct-group/usb in "world" favorites file...
>>> Jobs: 64 of 70 complete, 5 running              Load avg: 3.76, 3.44, 2.04
>>> Jobs: 65 of 70 complete, 5 running              Load avg: 3.76, 3.44, 2.04
>>> Installing (66 of 70) acct-group/users-0::gentoo to /usr/i586-tcc-linux-musl/
>>> Jobs: 65 of 70 complete, 5 running              Load avg: 3.86, 3.46, 2.06
>>> Jobs: 65 of 70 complete, 4 running              Load avg: 3.86, 3.46, 2.06
>>> Recording acct-group/users in "world" favorites file...
>>> Jobs: 65 of 70 complete, 4 running              Load avg: 3.63, 3.42, 2.05
>>> Jobs: 66 of 70 complete, 4 running              Load avg: 3.63, 3.42, 2.05
>>> Installing (67 of 70) acct-group/utmp-0-r3::gentoo to /usr/i586-tcc-linux-musl/
>>> Jobs: 66 of 70 complete, 4 running              Load avg: 3.63, 3.42, 2.05
>>> Jobs: 66 of 70 complete, 3 running              Load avg: 3.63, 3.42, 2.05
>>> Recording acct-group/utmp in "world" favorites file...
>>> Jobs: 66 of 70 complete, 3 running              Load avg: 3.42, 3.38, 2.04
>>> Jobs: 67 of 70 complete, 3 running              Load avg: 3.42, 3.38, 2.04
>>> Installing (68 of 70) acct-group/video-0-r1::gentoo to /usr/i586-tcc-linux-musl/
>>> Jobs: 67 of 70 complete, 3 running              Load avg: 3.42, 3.38, 2.04
>>> Jobs: 67 of 70 complete, 2 running              Load avg: 3.42, 3.38, 2.04
>>> Installing (70 of 70) acct-group/wheel-0-r1::gentoo to /usr/i586-tcc-linux-musl/
>>> Jobs: 67 of 70 complete, 2 running              Load avg: 3.39, 3.38, 2.05
>>> Jobs: 67 of 70 complete, 1 running              Load avg: 3.39, 3.38, 2.05
>>> Installing (69 of 70) acct-group/vlock-0::gentoo to /usr/i586-tcc-linux-musl/
>>> Jobs: 67 of 70 complete, 1 running              Load avg: 3.39, 3.38, 2.05
>>> Jobs: 67 of 70 complete                         Load avg: 3.39, 3.38, 2.05
>>> Recording acct-group/video in "world" favorites file...
>>> Jobs: 67 of 70 complete                         Load avg: 3.28, 3.35, 2.05
>>> Jobs: 68 of 70 complete                         Load avg: 3.28, 3.35, 2.05
>>> Recording acct-group/wheel in "world" favorites file...
>>> Jobs: 68 of 70 complete                         Load avg: 3.28, 3.35, 2.05
>>> Recording acct-group/vlock in "world" favorites file...
>>> Jobs: 68 of 70 complete                         Load avg: 3.28, 3.35, 2.05
>>> Jobs: 69 of 70 complete                         Load avg: 3.28, 3.35, 2.05
>>> Jobs: 70 of 70 complete                         Load avg: 3.28, 3.35, 2.05

 * Messages for package acct-group/mail-0-r1 merged to /usr/i586-tcc-linux-musl/:
 * Log file: /media/CACHE/RELEASE/2025/logs/acct-group:mail-0-r1:20250608-162513.log
 * Adding group mail
 * Messages for package acct-group/nobody-0-r2 merged to /usr/i586-tcc-linux-musl/:
 * Log file: /media/CACHE/RELEASE/2025/logs/acct-group:nobody-0-r2:20250608-162514.log
 * Adding group nobody
 * Messages for package acct-group/at-0 merged to /usr/i586-tcc-linux-musl/:
 * Log file: /media/CACHE/RELEASE/2025/logs/acct-group:at-0:20250608-162516.log
 * Adding group at
 * Messages for package acct-group/cron-0 merged to /usr/i586-tcc-linux-musl/:
 * Log file: /media/CACHE/RELEASE/2025/logs/acct-group:cron-0:20250608-162518.log
 * Adding group cron
 * Messages for package acct-group/dnsmasq-0-r1 merged to /usr/i586-tcc-linux-musl/:
 * Log file: /media/CACHE/RELEASE/2025/logs/acct-group:dnsmasq-0-r1:20250608-162519.log
 * Adding group dnsmasq
 * Messages for package acct-group/fetchmail-0-r1 merged to /usr/i586-tcc-linux-musl/:
 * Log file: /media/CACHE/RELEASE/2025/logs/acct-group:fetchmail-0-r1:20250608-162538.log
 * Adding group fetchmail
 * Messages for package acct-group/fax-0-r2 merged to /usr/i586-tcc-linux-musl/:
 * Log file: /media/CACHE/RELEASE/2025/logs/acct-group:fax-0-r2:20250608-162533.log
 * Adding group fax
 * Messages for package acct-group/ftp-0-r1 merged to /usr/i586-tcc-linux-musl/:
 * Log file: /media/CACHE/RELEASE/2025/logs/acct-group:ftp-0-r1:20250608-162545.log
 * Adding group ftp
 * Messages for package acct-group/lighttpd-0-r1 merged to /usr/i586-tcc-linux-musl/:
 * Log file: /media/CACHE/RELEASE/2025/logs/acct-group:lighttpd-0-r1:20250608-162551.log
 * Adding group lighttpd
 * Messages for package acct-group/lp-0-r1 merged to /usr/i586-tcc-linux-musl/:
 * Log file: /media/CACHE/RELEASE/2025/logs/acct-group:lp-0-r1:20250608-162556.log
 * Adding group lp
 * Messages for package acct-group/news-0-r1 merged to /usr/i586-tcc-linux-musl/:
 * Log file: /media/CACHE/RELEASE/2025/logs/acct-group:news-0-r1:20250608-162606.log
 * Adding group news
 * Messages for package acct-group/ngircd-0-r1 merged to /usr/i586-tcc-linux-musl/:
 * Log file: /media/CACHE/RELEASE/2025/logs/acct-group:ngircd-0-r1:20250608-162611.log
 * Adding group ngircd
 * Messages for package acct-group/popa3d-0 merged to /usr/i586-tcc-linux-musl/:
 * Log file: /media/CACHE/RELEASE/2025/logs/acct-group:popa3d-0:20250608-162619.log
 * Adding group popa3d
 * Messages for package acct-group/portage-0 merged to /usr/i586-tcc-linux-musl/:
 * Log file: /media/CACHE/RELEASE/2025/logs/acct-group:portage-0:20250608-162625.log
 * Adding group portage
 * Messages for package acct-group/privoxy-0-r1 merged to /usr/i586-tcc-linux-musl/:
 * Log file: /media/CACHE/RELEASE/2025/logs/acct-group:privoxy-0-r1:20250608-162632.log
 * Adding group privoxy
 * Messages for package acct-group/radvd-0-r2 merged to /usr/i586-tcc-linux-musl/:
 * Log file: /media/CACHE/RELEASE/2025/logs/acct-group:radvd-0-r2:20250608-162641.log
 * Adding group radvd
 * Messages for package acct-group/redsocks-0-r1 merged to /usr/i586-tcc-linux-musl/:
 * Log file: /media/CACHE/RELEASE/2025/logs/acct-group:redsocks-0-r1:20250608-162646.log
 * Adding group redsocks
 * Messages for package acct-group/root-0-r2 merged to /usr/i586-tcc-linux-musl/:
 * Log file: /media/CACHE/RELEASE/2025/logs/acct-group:root-0-r2:20250608-162653.log
 * Adding group root
 * Messages for package acct-group/scanner-0 merged to /usr/i586-tcc-linux-musl/:
 * Log file: /media/CACHE/RELEASE/2025/logs/acct-group:scanner-0:20250608-162659.log
 * Adding group scanner
 * Messages for package acct-group/smtpd-0-r1 merged to /usr/i586-tcc-linux-musl/:
 * Log file: /media/CACHE/RELEASE/2025/logs/acct-group:smtpd-0-r1:20250608-162707.log
 * Adding group smtpd
 * Messages for package acct-group/smtpq-0-r1 merged to /usr/i586-tcc-linux-musl/:
 * Log file: /media/CACHE/RELEASE/2025/logs/acct-group:smtpq-0-r1:20250608-162715.log
 * Adding group smtpq
 * Messages for package acct-group/sshd-0-r1 merged to /usr/i586-tcc-linux-musl/:
 * Log file: /media/CACHE/RELEASE/2025/logs/acct-group:sshd-0-r1:20250608-162721.log
 * Adding group sshd
 * Messages for package acct-group/stunnel-0-r3 merged to /usr/i586-tcc-linux-musl/:
 * Log file: /media/CACHE/RELEASE/2025/logs/acct-group:stunnel-0-r3:20250608-162730.log
 * Adding group stunnel
 * Messages for package acct-group/tor-0-r1 merged to /usr/i586-tcc-linux-musl/:
 * Log file: /media/CACHE/RELEASE/2025/logs/acct-group:tor-0-r1:20250608-162736.log
 * Adding group tor
 * Messages for package acct-user/root-0-r3 merged to /usr/i586-tcc-linux-musl/:
 * Log file: /media/CACHE/RELEASE/2025/logs/acct-user:root-0-r3:20250608-162741.log
 * Adding user root
 * Messages for package acct-group/transmission-0-r3 merged to /usr/i586-tcc-linux-musl/:
 * Log file: /media/CACHE/RELEASE/2025/logs/acct-group:transmission-0-r3:20250608-162749.log
 * Adding group transmission
 * Messages for package acct-group/uucp-0-r1 merged to /usr/i586-tcc-linux-musl/:
 * Log file: /media/CACHE/RELEASE/2025/logs/acct-group:uucp-0-r1:20250608-162755.log
 * Adding group uucp
 * Messages for package acct-user/at-0 merged to /usr/i586-tcc-linux-musl/:
 * Log file: /media/CACHE/RELEASE/2025/logs/acct-user:at-0:20250608-162805.log
 * Adding user at
 * Messages for package acct-user/cron-0 merged to /usr/i586-tcc-linux-musl/:
 * Log file: /media/CACHE/RELEASE/2025/logs/acct-user:cron-0:20250608-162812.log
 * Adding user cron
 * Messages for package acct-user/dnsmasq-0-r1 merged to /usr/i586-tcc-linux-musl/:
 * Log file: /media/CACHE/RELEASE/2025/logs/acct-user:dnsmasq-0-r1:20250608-162817.log
 * Adding user dnsmasq
 * Messages for package acct-user/fax-0-r2 merged to /usr/i586-tcc-linux-musl/:
 * Log file: /media/CACHE/RELEASE/2025/logs/acct-user:fax-0-r2:20250608-162825.log
 * Adding user fax
 * Messages for package acct-user/fetchmail-0-r1 merged to /usr/i586-tcc-linux-musl/:
 * Log file: /media/CACHE/RELEASE/2025/logs/acct-user:fetchmail-0-r1:20250608-162832.log
 * Adding user fetchmail
 * Messages for package acct-user/ftp-0-r3 merged to /usr/i586-tcc-linux-musl/:
 * Log file: /media/CACHE/RELEASE/2025/logs/acct-user:ftp-0-r3:20250608-162840.log
 * Adding user ftp
 * Messages for package acct-user/lighttpd-0-r1 merged to /usr/i586-tcc-linux-musl/:
 * Log file: /media/CACHE/RELEASE/2025/logs/acct-user:lighttpd-0-r1:20250608-162849.log
 * Adding user lighttpd
 * Messages for package acct-user/lp-0-r1 merged to /usr/i586-tcc-linux-musl/:
 * Log file: /media/CACHE/RELEASE/2025/logs/acct-user:lp-0-r1:20250608-162854.log
 * Adding user lp
 * Messages for package acct-user/mail-0-r1 merged to /usr/i586-tcc-linux-musl/:
 * Log file: /media/CACHE/RELEASE/2025/logs/acct-user:mail-0-r1:20250608-162900.log
 * Adding user mail
 * Messages for package acct-user/news-0-r1 merged to /usr/i586-tcc-linux-musl/:
 * Log file: /media/CACHE/RELEASE/2025/logs/acct-user:news-0-r1:20250608-162906.log
 * Adding user news
 * Messages for package acct-user/ngircd-0-r1 merged to /usr/i586-tcc-linux-musl/:
 * Log file: /media/CACHE/RELEASE/2025/logs/acct-user:ngircd-0-r1:20250608-162913.log
 * Adding user ngircd
 * Messages for package acct-user/nobody-0-r2 merged to /usr/i586-tcc-linux-musl/:
 * Log file: /media/CACHE/RELEASE/2025/logs/acct-user:nobody-0-r2:20250608-162923.log
 * Adding user nobody
 * Messages for package acct-user/popa3d-0 merged to /usr/i586-tcc-linux-musl/:
 * Log file: /media/CACHE/RELEASE/2025/logs/acct-user:popa3d-0:20250608-162930.log
 * Adding user popa3d
 * Messages for package acct-user/postmaster-0-r1 merged to /usr/i586-tcc-linux-musl/:
 * Log file: /media/CACHE/RELEASE/2025/logs/acct-user:postmaster-0-r1:20250608-162943.log
 * Adding user postmaster
 * Messages for package acct-user/portage-0 merged to /usr/i586-tcc-linux-musl/:
 * Log file: /media/CACHE/RELEASE/2025/logs/acct-user:portage-0:20250608-162937.log
 * Adding user portage
 * Messages for package acct-user/privoxy-0-r1 merged to /usr/i586-tcc-linux-musl/:
 * Log file: /media/CACHE/RELEASE/2025/logs/acct-user:privoxy-0-r1:20250608-162950.log
 * Adding user privoxy
 * Messages for package acct-user/radvd-0-r2 merged to /usr/i586-tcc-linux-musl/:
 * Log file: /media/CACHE/RELEASE/2025/logs/acct-user:radvd-0-r2:20250608-162958.log
 * Adding user radvd
 * Messages for package acct-user/redsocks-0-r1 merged to /usr/i586-tcc-linux-musl/:
 * Log file: /media/CACHE/RELEASE/2025/logs/acct-user:redsocks-0-r1:20250608-163005.log
 * Adding user redsocks
 * Messages for package acct-user/saned-0 merged to /usr/i586-tcc-linux-musl/:
 * Log file: /media/CACHE/RELEASE/2025/logs/acct-user:saned-0:20250608-163014.log
 * Adding user saned
 * Messages for package acct-user/smtpd-0-r1 merged to /usr/i586-tcc-linux-musl/:
 * Log file: /media/CACHE/RELEASE/2025/logs/acct-user:smtpd-0-r1:20250608-163020.log
 * Adding user smtpd
 * Messages for package acct-user/sshd-0-r1 merged to /usr/i586-tcc-linux-musl/:
 * Log file: /media/CACHE/RELEASE/2025/logs/acct-user:sshd-0-r1:20250608-163031.log
 * Adding user sshd
 * Messages for package acct-user/smtpq-0-r1 merged to /usr/i586-tcc-linux-musl/:
 * Log file: /media/CACHE/RELEASE/2025/logs/acct-user:smtpq-0-r1:20250608-163026.log
 * Adding user smtpq
 * Messages for package acct-user/stunnel-0-r3 merged to /usr/i586-tcc-linux-musl/:
 * Log file: /media/CACHE/RELEASE/2025/logs/acct-user:stunnel-0-r3:20250608-163039.log
 * Adding user stunnel
 * Messages for package acct-user/timidity-0 merged to /usr/i586-tcc-linux-musl/:
 * Log file: /media/CACHE/RELEASE/2025/logs/acct-user:timidity-0:20250608-163048.log
 * Adding user timidity
 * Messages for package acct-user/tor-0-r1 merged to /usr/i586-tcc-linux-musl/:
 * Log file: /media/CACHE/RELEASE/2025/logs/acct-user:tor-0-r1:20250608-163056.log
 * Adding user tor
 * Messages for package acct-user/uucp-0-r1 merged to /usr/i586-tcc-linux-musl/:
 * Log file: /media/CACHE/RELEASE/2025/logs/acct-user:uucp-0-r1:20250608-163107.log
 * Adding user uucp
 * Messages for package acct-group/audio-0-r1 merged to /usr/i586-tcc-linux-musl/:
 * Log file: /media/CACHE/RELEASE/2025/logs/acct-group:audio-0-r1:20250608-163113.log
 * Adding group audio
 * Messages for package acct-user/transmission-1-r3 merged to /usr/i586-tcc-linux-musl/:
 * Log file: /media/CACHE/RELEASE/2025/logs/acct-user:transmission-1-r3:20250608-163109.log
 * Adding user transmission
 * Messages for package acct-group/cdrom-0-r1 merged to /usr/i586-tcc-linux-musl/:
 * Log file: /media/CACHE/RELEASE/2025/logs/acct-group:cdrom-0-r1:20250608-163120.log
 * Adding group cdrom
 * Messages for package acct-group/disk-0-r3 merged to /usr/i586-tcc-linux-musl/:
 * Log file: /media/CACHE/RELEASE/2025/logs/acct-group:disk-0-r3:20250608-163128.log
 * Adding group disk
 * Messages for package acct-group/floppy-0-r1 merged to /usr/i586-tcc-linux-musl/:
 * Log file: /media/CACHE/RELEASE/2025/logs/acct-group:floppy-0-r1:20250608-163140.log
 * Adding group floppy
 * Messages for package acct-group/input-0-r1 merged to /usr/i586-tcc-linux-musl/:
 * Log file: /media/CACHE/RELEASE/2025/logs/acct-group:input-0-r1:20250608-163145.log
 * Adding group input
 * Messages for package acct-group/kmem-0-r3 merged to /usr/i586-tcc-linux-musl/:
 * Log file: /media/CACHE/RELEASE/2025/logs/acct-group:kmem-0-r3:20250608-163151.log
 * Adding group kmem
 * Messages for package acct-group/locate-0-r1 merged to /usr/i586-tcc-linux-musl/:
 * Log file: /media/CACHE/RELEASE/2025/logs/acct-group:locate-0-r1:20250608-163157.log
 * Adding group locate
 * Messages for package acct-group/lpadmin-0-r1 merged to /usr/i586-tcc-linux-musl/:
 * Log file: /media/CACHE/RELEASE/2025/logs/acct-group:lpadmin-0-r1:20250608-163203.log
 * Adding group lpadmin
 * Messages for package acct-group/tty-0-r1 merged to /usr/i586-tcc-linux-musl/:
 * Log file: /media/CACHE/RELEASE/2025/logs/acct-group:tty-0-r1:20250608-163220.log
 * Adding group tty
 * Messages for package acct-group/ssmtp-0 merged to /usr/i586-tcc-linux-musl/:
 * Log file: /media/CACHE/RELEASE/2025/logs/acct-group:ssmtp-0:20250608-163213.log
 * Adding group ssmtp
 * Messages for package acct-group/usb-0-r1 merged to /usr/i586-tcc-linux-musl/:
 * Log file: /media/CACHE/RELEASE/2025/logs/acct-group:usb-0-r1:20250608-163227.log
 * Adding group usb
 * Messages for package acct-group/users-0 merged to /usr/i586-tcc-linux-musl/:
 * Log file: /media/CACHE/RELEASE/2025/logs/acct-group:users-0:20250608-163234.log
 * Adding group users
 * Messages for package acct-group/utmp-0-r3 merged to /usr/i586-tcc-linux-musl/:
 * Log file: /media/CACHE/RELEASE/2025/logs/acct-group:utmp-0-r3:20250608-163241.log
 * Adding group utmp
 * Messages for package acct-group/video-0-r1 merged to /usr/i586-tcc-linux-musl/:
 * Log file: /media/CACHE/RELEASE/2025/logs/acct-group:video-0-r1:20250608-163248.log
 * Adding group video
 * Messages for package acct-group/wheel-0-r1 merged to /usr/i586-tcc-linux-musl/:
 * Log file: /media/CACHE/RELEASE/2025/logs/acct-group:wheel-0-r1:20250608-163300.log
 * Adding group wheel
 * Messages for package acct-group/vlock-0 merged to /usr/i586-tcc-linux-musl/:
 * Log file: /media/CACHE/RELEASE/2025/logs/acct-group:vlock-0:20250608-163253.log
 * Adding group vlock












































































































































>>> Auto-cleaning packages...

>>> Using system located in ROOT tree /usr/i586-tcc-linux-musl/

>>> No outdated packages were found on your system.
 * --autounmask-continue has been disabled by --autounmask=n

These are the packages that would be merged, in reverse order:

Calculating dependencies  ... done!
[ebuild  N     ] sys-libs/musl-1.1.24::gentoo to /usr/i586-tcc-linux-musl/ USE="-headers-only" 0 KiB

Total: 1 package (1 new), Size of downloads: 0 KiB
>>> Verifying ebuild manifests

>>> Jobs: 0 of 1 complete, 1 running                Load avg: 2.93, 3.27, 2.04
>>> Emerging (1 of 1) sys-libs/musl-1.1.24::gentoo for /usr/i586-tcc-linux-musl/
>>> Jobs: 0 of 1 complete, 1 running                Load avg: 2.93, 3.27, 2.04
>>> Installing (1 of 1) sys-libs/musl-1.1.24::gentoo to /usr/i586-tcc-linux-musl/
>>> Jobs: 0 of 1 complete, 1 running                Load avg: 2.44, 3.12, 2.03
>>> Jobs: 0 of 1 complete                           Load avg: 2.44, 3.12, 2.03
>>> Recording sys-libs/musl in "world" favorites file...
>>> Jobs: 0 of 1 complete                           Load avg: 2.32, 3.08, 2.02
>>> Jobs: 1 of 1 complete                           Load avg: 2.32, 3.08, 2.02

>>> Auto-cleaning packages...

>>> Using system located in ROOT tree /usr/i586-tcc-linux-musl/

>>> No outdated packages were found on your system.
 * --autounmask-continue has been disabled by --autounmask=n

These are the packages that would be merged, in reverse order:

Calculating dependencies  .... done!
[ebuild  N    *] dev-lang/tcc-9999::gentoo to /usr/i586-tcc-linux-musl/ USE="static -test" 0 KiB

Total: 1 package (1 new), Size of downloads: 0 KiB
>>> Verifying ebuild manifests

>>> Jobs: 0 of 1 complete, 1 running                Load avg: 2.20, 3.03, 2.02
>>> Emerging (1 of 1) dev-lang/tcc-9999::gentoo for /usr/i586-tcc-linux-musl/
>>> Jobs: 0 of 1 complete, 1 running                Load avg: 2.20, 3.03, 2.02
>>> Installing (1 of 1) dev-lang/tcc-9999::gentoo to /usr/i586-tcc-linux-musl/
>>> Jobs: 0 of 1 complete, 1 running                Load avg: 1.81, 2.87, 1.99
>>> Jobs: 0 of 1 complete                           Load avg: 1.81, 2.87, 1.99
>>> Recording dev-lang/tcc in "world" favorites file...
>>> Jobs: 0 of 1 complete                           Load avg: 1.82, 2.85, 1.99
>>> Jobs: 1 of 1 complete                           Load avg: 1.82, 2.85, 1.99

>>> Auto-cleaning packages...

>>> Using system located in ROOT tree /usr/i586-tcc-linux-musl/

>>> No outdated packages were found on your system.
 * --autounmask-continue has been disabled by --autounmask=n

These are the packages that would be merged, in reverse order:

Calculating dependencies  .... done!
[ebuild  N     ] sys-apps/busybox-1.2.2.1::gentoo to /usr/i586-tcc-linux-musl/ USE="static -debug -nfs" 0 KiB

Total: 1 package (1 new), Size of downloads: 0 KiB
>>> Verifying ebuild manifests

>>> Jobs: 0 of 1 complete, 1 running                Load avg: 1.71, 2.78, 1.98
>>> Emerging (1 of 1) sys-apps/busybox-1.2.2.1::gentoo for /usr/i586-tcc-linux-musl/
>>> Jobs: 0 of 1 complete, 1 running                Load avg: 1.71, 2.78, 1.98
>>> Installing (1 of 1) sys-apps/busybox-1.2.2.1::gentoo to /usr/i586-tcc-linux-musl/
>>> Jobs: 0 of 1 complete, 1 running                Load avg: 1.41, 2.55, 1.94
>>> Jobs: 0 of 1 complete                           Load avg: 1.41, 2.55, 1.94
>>> Recording sys-apps/busybox in "world" favorites file...
>>> Jobs: 0 of 1 complete                           Load avg: 1.38, 2.53, 1.94
>>> Jobs: 1 of 1 complete                           Load avg: 1.38, 2.53, 1.94

>>> Auto-cleaning packages...

>>> Using system located in ROOT tree /usr/i586-tcc-linux-musl/

>>> No outdated packages were found on your system.
 * --autounmask-continue has been disabled by --autounmask=n

These are the packages that would be merged, in reverse order:

Calculating dependencies  ... done!
[ebuild  N    #] sys-devel/automake-1.15.1-r2:1.15::gentoo to /usr/i586-tcc-linux-musl/ 0 KiB
[ebuild  N     ]  sys-apps/help2man-1.49.3::gentoo to /usr/i586-tcc-linux-musl/ USE="-nls" 0 KiB
[ebuild  N     ]  sys-devel/autoconf-2.71-r7:2.71::gentoo to /usr/i586-tcc-linux-musl/ USE="-emacs -verify-sig" 0 KiB
[ebuild  N     ]   dev-lang/perl-5.36.0:0/5.36::gentoo to /usr/i586-tcc-linux-musl/ USE="minimal -berkdb -debug -doc -gdbm -ithreads -quadmath" 0 KiB
[ebuild  N     ]    sys-libs/zlib-1.3.1-r1:0/1::gentoo to /usr/i586-tcc-linux-musl/ USE="minizip static-libs -verify-sig" 0 KiB
[ebuild  N     ]   sys-devel/m4-1.4.19-r2::gentoo to /usr/i586-tcc-linux-musl/ USE="-examples -nls -verify-sig" 0 KiB
[nomerge       ] sys-devel/automake-1.15.1-r2:1.15::gentoo to /usr/i586-tcc-linux-musl/
[nomerge       ]  dev-lang/perl-5.36.0:0/5.36::gentoo to /usr/i586-tcc-linux-musl/ USE="minimal -berkdb -debug -doc -gdbm -ithreads -quadmath" 
[ebuild  N     ]   virtual/libcrypt-1-r1:0/1::gentoo to /usr/i586-tcc-linux-musl/ USE="static-libs" 0 KiB
[nomerge       ] sys-devel/m4-1.4.19-r2::gentoo to /usr/i586-tcc-linux-musl/ USE="-examples -nls -verify-sig" 
[ebuild  N     ]  virtual/libiconv-0-r2::gentoo to /usr/i586-tcc-linux-musl/ 0 KiB
[nomerge       ] sys-devel/automake-1.15.1-r2:1.15::gentoo to /usr/i586-tcc-linux-musl/
[ebuild  N     ]  sys-devel/automake-wrapper-20240607::gentoo to /usr/i586-tcc-linux-musl/ 0 KiB
[nomerge       ] sys-devel/autoconf-2.71-r7:2.71::gentoo to /usr/i586-tcc-linux-musl/ USE="-emacs -verify-sig" 
[ebuild  N     ]  sys-devel/autoconf-wrapper-20231224::gentoo to /usr/i586-tcc-linux-musl/ 0 KiB
[ebuild  N     ]  sys-devel/gnuconfig-20240728::gentoo to /usr/i586-tcc-linux-musl/ 0 KiB

Total: 11 packages (11 new), Size of downloads: 0 KiB
>>> Verifying ebuild manifests

>>> Jobs: 0 of 11 complete, 1 running               Load avg: 1.32, 2.48, 1.93
>>> Emerging (1 of 11) sys-devel/gnuconfig-20240728::gentoo for /usr/i586-tcc-linux-musl/
>>> Jobs: 0 of 11 complete, 1 running               Load avg: 1.32, 2.48, 1.93
>>> Jobs: 0 of 11 complete, 2 running               Load avg: 1.32, 2.48, 1.93
>>> Emerging (2 of 11) sys-devel/autoconf-wrapper-20231224::gentoo for /usr/i586-tcc-linux-musl/
>>> Jobs: 0 of 11 complete, 2 running               Load avg: 1.32, 2.48, 1.93
>>> Jobs: 0 of 11 complete, 3 running               Load avg: 1.38, 2.47, 1.93
>>> Emerging (3 of 11) sys-devel/automake-wrapper-20240607::gentoo for /usr/i586-tcc-linux-musl/
>>> Jobs: 0 of 11 complete, 3 running               Load avg: 1.38, 2.47, 1.93
>>> Jobs: 0 of 11 complete, 4 running               Load avg: 1.38, 2.47, 1.93
>>> Emerging (4 of 11) virtual/libiconv-0-r2::gentoo for /usr/i586-tcc-linux-musl/
>>> Jobs: 0 of 11 complete, 4 running               Load avg: 1.38, 2.47, 1.93
>>> Jobs: 0 of 11 complete, 5 running               Load avg: 1.38, 2.47, 1.93
>>> Emerging (5 of 11) virtual/libcrypt-1-r1::gentoo for /usr/i586-tcc-linux-musl/
>>> Jobs: 0 of 11 complete, 5 running               Load avg: 1.38, 2.47, 1.93
>>> Installing (2 of 11) sys-devel/autoconf-wrapper-20231224::gentoo to /usr/i586-tcc-linux-musl/
>>> Jobs: 0 of 11 complete, 5 running               Load avg: 2.18, 2.59, 1.98
>>> Jobs: 0 of 11 complete, 4 running               Load avg: 2.18, 2.59, 1.98
>>> Jobs: 0 of 11 complete, 5 running               Load avg: 2.18, 2.59, 1.98
>>> Emerging (6 of 11) sys-libs/zlib-1.3.1-r1::gentoo for /usr/i586-tcc-linux-musl/
>>> Jobs: 0 of 11 complete, 5 running               Load avg: 2.18, 2.59, 1.98
>>> Jobs: 1 of 11 complete, 5 running               Load avg: 2.37, 2.62, 1.99
>>> Jobs: 1 of 11 complete, 4 running               Load avg: 2.37, 2.62, 1.99
>>> Installing (3 of 11) sys-devel/automake-wrapper-20240607::gentoo to /usr/i586-tcc-linux-musl/
>>> Jobs: 1 of 11 complete, 4 running               Load avg: 2.37, 2.62, 1.99
>>> Jobs: 1 of 11 complete, 3 running               Load avg: 2.37, 2.62, 1.99
>>> Jobs: 2 of 11 complete, 3 running               Load avg: 2.34, 2.61, 1.99
>>> Installing (5 of 11) virtual/libcrypt-1-r1::gentoo to /usr/i586-tcc-linux-musl/
>>> Jobs: 2 of 11 complete, 3 running               Load avg: 2.34, 2.61, 1.99
>>> Jobs: 2 of 11 complete, 2 running               Load avg: 2.34, 2.61, 1.99
>>> Installing (4 of 11) virtual/libiconv-0-r2::gentoo to /usr/i586-tcc-linux-musl/
>>> Jobs: 2 of 11 complete, 2 running               Load avg: 2.34, 2.61, 1.99
>>> Jobs: 2 of 11 complete, 1 running               Load avg: 2.34, 2.61, 1.99
>>> Jobs: 3 of 11 complete, 1 running               Load avg: 2.40, 2.62, 2.00
>>> Jobs: 4 of 11 complete, 1 running               Load avg: 2.40, 2.62, 2.00
>>> Jobs: 4 of 11 complete, 2 running               Load avg: 2.40, 2.62, 2.00
>>> Emerging (7 of 11) sys-devel/m4-1.4.19-r2::gentoo for /usr/i586-tcc-linux-musl/
>>> Jobs: 4 of 11 complete, 2 running               Load avg: 2.40, 2.62, 2.00
>>> Installing (6 of 11) sys-libs/zlib-1.3.1-r1::gentoo to /usr/i586-tcc-linux-musl/
>>> Jobs: 4 of 11 complete, 2 running               Load avg: 2.34, 2.59, 2.01
>>> Jobs: 4 of 11 complete, 1 running               Load avg: 2.34, 2.59, 2.01
>>> Jobs: 5 of 11 complete, 1 running               Load avg: 2.32, 2.58, 2.01
>>> Jobs: 5 of 11 complete, 2 running               Load avg: 2.32, 2.58, 2.01
>>> Emerging (8 of 11) dev-lang/perl-5.36.0::gentoo for /usr/i586-tcc-linux-musl/
>>> Jobs: 5 of 11 complete, 2 running               Load avg: 2.32, 2.58, 2.01
>>> Installing (7 of 11) sys-devel/m4-1.4.19-r2::gentoo to /usr/i586-tcc-linux-musl/
>>> Jobs: 5 of 11 complete, 2 running               Load avg: 2.63, 2.57, 2.07
>>> Jobs: 5 of 11 complete, 1 running               Load avg: 2.63, 2.57, 2.07
>>> Jobs: 6 of 11 complete, 1 running               Load avg: 2.66, 2.57, 2.07
>>> Installing (8 of 11) dev-lang/perl-5.36.0::gentoo to /usr/i586-tcc-linux-musl/
>>> Jobs: 6 of 11 complete, 1 running               Load avg: 1.01, 1.18, 1.49
>>> Jobs: 6 of 11 complete                          Load avg: 1.01, 1.18, 1.49
>>> Jobs: 7 of 11 complete                          Load avg: 1.09, 1.19, 1.50
>>> Installing (1 of 11) sys-devel/gnuconfig-20240728::gentoo to /usr/i586-tcc-linux-musl/
>>> Jobs: 7 of 11 complete                          Load avg: 1.09, 1.19, 1.50
>>> Jobs: 8 of 11 complete                          Load avg: 1.07, 1.18, 1.49
>>> Jobs: 8 of 11 complete, 1 running               Load avg: 1.07, 1.18, 1.49
>>> Emerging (9 of 11) sys-devel/autoconf-2.71-r7::gentoo for /usr/i586-tcc-linux-musl/
>>> Jobs: 8 of 11 complete, 1 running               Load avg: 1.07, 1.18, 1.49
>>> Jobs: 8 of 11 complete, 2 running               Load avg: 1.07, 1.18, 1.49
>>> Emerging (10 of 11) sys-apps/help2man-1.49.3::gentoo for /usr/i586-tcc-linux-musl/
>>> Jobs: 8 of 11 complete, 2 running               Load avg: 1.07, 1.18, 1.49
>>> Installing (9 of 11) sys-devel/autoconf-2.71-r7::gentoo to /usr/i586-tcc-linux-musl/
>>> Jobs: 8 of 11 complete, 2 running               Load avg: 1.33, 1.23, 1.50
>>> Jobs: 8 of 11 complete, 1 running               Load avg: 1.33, 1.23, 1.50
>>> Recording sys-devel/autoconf in "world" favorites file...
>>> Jobs: 8 of 11 complete, 1 running               Load avg: 1.30, 1.23, 1.50
>>> Jobs: 9 of 11 complete, 1 running               Load avg: 1.30, 1.23, 1.50
>>> Installing (10 of 11) sys-apps/help2man-1.49.3::gentoo to /usr/i586-tcc-linux-musl/
>>> Jobs: 9 of 11 complete, 1 running               Load avg: 1.30, 1.23, 1.50
>>> Jobs: 9 of 11 complete                          Load avg: 1.30, 1.23, 1.50
>>> Jobs: 10 of 11 complete                         Load avg: 1.28, 1.23, 1.49
>>> Jobs: 10 of 11 complete, 1 running              Load avg: 1.28, 1.23, 1.49
>>> Emerging (11 of 11) sys-devel/automake-1.15.1-r2::gentoo for /usr/i586-tcc-linux-musl/
>>> Jobs: 10 of 11 complete, 1 running              Load avg: 1.28, 1.23, 1.49
>>> Installing (11 of 11) sys-devel/automake-1.15.1-r2::gentoo to /usr/i586-tcc-linux-musl/
>>> Jobs: 10 of 11 complete, 1 running              Load avg: 1.21, 1.21, 1.48
>>> Jobs: 10 of 11 complete                         Load avg: 1.21, 1.21, 1.48
>>> Recording sys-devel/automake:1.15 in "world" favorites file...
>>> Jobs: 10 of 11 complete                         Load avg: 1.19, 1.21, 1.47
>>> Jobs: 11 of 11 complete                         Load avg: 1.19, 1.21, 1.47

>>> Auto-cleaning packages...

>>> Using system located in ROOT tree /usr/i586-tcc-linux-musl/

>>> No outdated packages were found on your system.
 * --autounmask-continue has been disabled by --autounmask=n

These are the packages that would be merged, in reverse order:

Calculating dependencies  ..... done!
[ebuild  N     ] dev-libs/libressl-3.9.2:0/56::gentoo to /usr/i586-tcc-linux-musl/ USE="static-libs -asm -netcat -test -verify-sig" 0 KiB
[ebuild  N     ]  app-misc/ca-certificates-20240203.3.98::gentoo to /usr/i586-tcc-linux-musl/ USE="-cacert" 0 KiB
[nomerge       ] app-misc/ca-certificates-20240203.3.98::gentoo to /usr/i586-tcc-linux-musl/ USE="-cacert" 
[nomerge       ]  dev-lang/python-3.8.13_p2:3.8::gentoo  USE="(ssl) -bluetooth -build -examples -gdbm (-hardened) -ncurses -readline -sqlite -test (-tk) -verify-sig -wininst -xml" 
[ebuild  N     ]   virtual/awk-1::gentoo  0 KiB

Total: 3 packages (3 new), Size of downloads: 0 KiB
>>> Verifying ebuild manifests

>>> Jobs: 0 of 3 complete, 1 running                Load avg: 1.22, 1.21, 1.47
>>> Emerging (1 of 3) virtual/awk-1::gentoo
>>> Jobs: 0 of 3 complete, 1 running                Load avg: 1.22, 1.21, 1.47
>>> Installing (1 of 3) virtual/awk-1::gentoo
>>> Jobs: 0 of 3 complete, 1 running                Load avg: 1.17, 1.20, 1.46
>>> Jobs: 0 of 3 complete                           Load avg: 1.17, 1.20, 1.46
>>> Jobs: 1 of 3 complete                           Load avg: 1.16, 1.20, 1.46
>>> Jobs: 1 of 3 complete, 1 running                Load avg: 1.16, 1.20, 1.46
>>> Emerging (2 of 3) app-misc/ca-certificates-20240203.3.98::gentoo for /usr/i586-tcc-linux-musl/
>>> Jobs: 1 of 3 complete, 1 running                Load avg: 1.16, 1.20, 1.46
>>> Jobs: 1 of 3 complete                           Load avg: 1.51, 1.30, 1.48
>>> Installing (2 of 3) app-misc/ca-certificates-20240203.3.98::gentoo to /usr/i586-tcc-linux-musl/
>>> Jobs: 1 of 3 complete                           Load avg: 1.51, 1.30, 1.48
>>> Jobs: 2 of 3 complete                           Load avg: 1.47, 1.29, 1.48
>>> Jobs: 2 of 3 complete, 1 running                Load avg: 1.47, 1.29, 1.48
>>> Emerging (3 of 3) dev-libs/libressl-3.9.2::gentoo for /usr/i586-tcc-linux-musl/
>>> Jobs: 2 of 3 complete, 1 running                Load avg: 1.47, 1.29, 1.48
>>> Jobs: 2 of 3 complete                           Load avg: 2.27, 1.58, 1.55
>>> Installing (3 of 3) dev-libs/libressl-3.9.2::gentoo to /usr/i586-tcc-linux-musl/
>>> Jobs: 2 of 3 complete                           Load avg: 2.27, 1.58, 1.55
>>> Jobs: 3 of 3 complete                           Load avg: 2.28, 1.62, 1.57

>>> Auto-cleaning packages...

>>> Using system located in ROOT tree /usr/i586-tcc-linux-musl/

>>> No outdated packages were found on your system.
 * --autounmask-continue has been disabled by --autounmask=n

These are the packages that would be merged, in reverse order:

Calculating dependencies  ... done!
[ebuild  N     ] dev-libs/libtls-bearssl-9999::gentoo to /usr/i586-tcc-linux-musl/ 0 KiB
[ebuild  N     ]  dev-libs/bearssl-9999::gentoo to /usr/i586-tcc-linux-musl/ 0 KiB

Total: 2 packages (2 new), Size of downloads: 0 KiB
>>> Verifying ebuild manifests

>>> Jobs: 0 of 2 complete, 1 running                Load avg: 2.09, 1.60, 1.56
>>> Emerging (1 of 2) dev-libs/bearssl-9999::gentoo for /usr/i586-tcc-linux-musl/
>>> Jobs: 0 of 2 complete, 1 running                Load avg: 2.09, 1.60, 1.56
>>> Installing (1 of 2) dev-libs/bearssl-9999::gentoo to /usr/i586-tcc-linux-musl/
>>> Jobs: 0 of 2 complete, 1 running                Load avg: 1.71, 1.55, 1.54
>>> Jobs: 0 of 2 complete                           Load avg: 1.71, 1.55, 1.54
>>> Recording dev-libs/bearssl in "world" favorites file...
>>> Jobs: 0 of 2 complete                           Load avg: 1.73, 1.56, 1.55
>>> Jobs: 1 of 2 complete                           Load avg: 1.73, 1.56, 1.55
>>> Jobs: 1 of 2 complete, 1 running                Load avg: 1.73, 1.56, 1.55
>>> Emerging (2 of 2) dev-libs/libtls-bearssl-9999::gentoo for /usr/i586-tcc-linux-musl/
>>> Jobs: 1 of 2 complete, 1 running                Load avg: 1.73, 1.56, 1.55
>>> Installing (2 of 2) dev-libs/libtls-bearssl-9999::gentoo to /usr/i586-tcc-linux-musl/
>>> Jobs: 1 of 2 complete, 1 running                Load avg: 1.66, 1.55, 1.54
>>> Jobs: 1 of 2 complete                           Load avg: 1.66, 1.55, 1.54
>>> Recording dev-libs/libtls-bearssl in "world" favorites file...
>>> Jobs: 1 of 2 complete                           Load avg: 1.61, 1.54, 1.54
>>> Jobs: 2 of 2 complete                           Load avg: 1.61, 1.54, 1.54

>>> Auto-cleaning packages...

>>> Using system located in ROOT tree /usr/i586-tcc-linux-musl/

>>> No outdated packages were found on your system.
 * --autounmask-continue has been disabled by --autounmask=n

These are the packages that would be merged, in reverse order:

Calculating dependencies  ... done!
[ebuild  N     ] sys-libs/netbsd-curses-9999::gentoo to /usr/i586-tcc-linux-musl/ 0 KiB

Total: 1 package (1 new), Size of downloads: 0 KiB
>>> Verifying ebuild manifests

>>> Jobs: 0 of 1 complete, 1 running                Load avg: 1.51, 1.52, 1.53
>>> Emerging (1 of 1) sys-libs/netbsd-curses-9999::gentoo for /usr/i586-tcc-linux-musl/
>>> Jobs: 0 of 1 complete, 1 running                Load avg: 1.51, 1.52, 1.53
>>> Installing (1 of 1) sys-libs/netbsd-curses-9999::gentoo to /usr/i586-tcc-linux-musl/
>>> Jobs: 0 of 1 complete, 1 running                Load avg: 2.06, 1.63, 1.57
>>> Jobs: 0 of 1 complete                           Load avg: 2.06, 1.63, 1.57
>>> Recording sys-libs/netbsd-curses in "world" favorites file...
>>> Jobs: 0 of 1 complete                           Load avg: 1.90, 1.60, 1.56
>>> Jobs: 1 of 1 complete                           Load avg: 1.90, 1.60, 1.56

>>> Auto-cleaning packages...

>>> Using system located in ROOT tree /usr/i586-tcc-linux-musl/

>>> No outdated packages were found on your system.
 * --autounmask-continue has been disabled by --autounmask=n

These are the packages that would be merged, in reverse order:

Calculating dependencies  ..... done!
[ebuild  N     ] sys-apps/systrace-1.6g::gentoo to /usr/i586-tcc-linux-musl/ 0 KiB
[ebuild  N     ] sys-fs/devfsd-1.3.25-r9::gentoo to /usr/i586-tcc-linux-musl/ 0 KiB
[ebuild  N     ] sci-calculators/bc-1.08.0::gentoo to /usr/i586-tcc-linux-musl/ 0 KiB
[ebuild  N     ] sys-devel/crossdev-20240921::gentoo to /usr/i586-tcc-linux-musl/ 0 KiB
[ebuild  N     ] app-portage/portage-utils-0.97::gentoo to /usr/i586-tcc-linux-musl/ USE="static -openmp -qmanifest" 0 KiB
[ebuild  N     ] app-portage/elt-patches-20241121::gentoo to /usr/i586-tcc-linux-musl/ 0 KiB
[ebuild  N     ] app-eselect/eselect-vi-20221122::gentoo to /usr/i586-tcc-linux-musl/ 0 KiB
[ebuild  N     ] app-eselect/eselect-timezone-0.2::gentoo to /usr/i586-tcc-linux-musl/ 0 KiB
[ebuild  N     ] app-crypt/gentoo-keys-201901130136::gentoo to /usr/i586-tcc-linux-musl/ 0 KiB
[ebuild  N     ] app-admin/superadduser-1.15::gentoo to /usr/i586-tcc-linux-musl/ 0 KiB
[ebuild  N    *] www-apps/mkws-9999::gentoo to /usr/i586-tcc-linux-musl/ 0 KiB
[ebuild  N    *] app-text/webdump-9999::gentoo to /usr/i586-tcc-linux-musl/ 0 KiB
[ebuild  N     ] app-text/discount-2.2.7c-r1:0/2.2.7::gentoo to /usr/i586-tcc-linux-musl/ USE="-minimal -test" 0 KiB
[ebuild  N     ] x11-misc/makedepend-1.0.9::gentoo to /usr/i586-tcc-linux-musl/ 0 KiB
[ebuild  N     ] x11-apps/bdftopcf-1.1.2::gentoo to /usr/i586-tcc-linux-musl/ 0 KiB
[ebuild  N     ] www-servers/lighttpd-1.4.76-r1::gentoo to /usr/i586-tcc-linux-musl/ USE="dbi pcre ssl system-xxhash xattr -brotli -doc -gnutls -ipv6 -kerberos -ldap -libdeflate -lua -maxminddb -mbedtls -mmap -nettle -nss (-php) -sasl (-selinux) -test -unwind -verify-sig -webdav -zlib -zstd" LUA_SINGLE_TARGET="lua5-1 -lua5-3 -lua5-4" 0 KiB
[ebuild  N     ] www-servers/gmnisrv-9999::gentoo to /usr/i586-tcc-linux-musl/ 0 KiB
[ebuild  N     ] www-client/w3m-0.5.3_p20230121::gentoo to /usr/i586-tcc-linux-musl/ USE="sixel ssl unicode -X -fbcon -gdk-pixbuf -gpm -imlib -lynxkeymap -nls -nntp -xface" L10N="-ja" 0 KiB
[ebuild  N     ] www-client/links-2.30:2::gentoo to /usr/i586-tcc-linux-musl/ USE="fbcon gpm jpeg ssl tiff -X -avif -brotli -bzip2 -freetype -ipv6 -libevent -livecd -lzip -lzma (-selinux) -suid -svga -webp -zlib -zstd" 0 KiB
[ebuild  N     ] www-client/cgmnlm-9999::gentoo to /usr/i586-tcc-linux-musl/ 0 KiB
[ebuild  N     ] sys-process/htop-3.2.1::gentoo to /usr/i586-tcc-linux-musl/ USE="unicode -caps -debug -delayacct -hwloc -llvm-libunwind -lm-sensors -openvz -unwind -vserver" 0 KiB
[ebuild  N     ] sys-process/at-3.2.5-r2::gentoo to /usr/i586-tcc-linux-musl/ USE="-pam (-selinux)" 0 KiB
[ebuild  N     ] sys-libs/timezone-data-2024b::gentoo to /usr/i586-tcc-linux-musl/ USE="leaps-timezone -nls -zic-slim" 0 KiB
[ebuild  N     ] sys-fs/squashfs-tools-9999::gentoo to /usr/i586-tcc-linux-musl/ USE="lzz static xattr -debug -lz4 -lzma -lzo -xz -zstd" 0 KiB
[ebuild  N     ] sys-fs/squashfs-legacy-2.2-r2::gentoo to /usr/i586-tcc-linux-musl/ USE="static" 0 KiB
[ebuild  N     ] sys-fs/jfsutils-1.1.15-r2::gentoo to /usr/i586-tcc-linux-musl/ USE="static" 0 KiB
[ebuild  N     ] sys-fs/exfat-utils-1.4.0::gentoo to /usr/i586-tcc-linux-musl/ 0 KiB
[ebuild  N     ] sys-fs/dosfstools-4.2::gentoo to /usr/i586-tcc-linux-musl/ USE="compat iconv -test" 0 KiB
[ebuild  N    *] sys-devel/slibtool-9999::gentoo to /usr/i586-tcc-linux-musl/ USE="static" 0 KiB
[ebuild  N    *] sys-devel/muon-9999::gentoo to /usr/i586-tcc-linux-musl/ USE="static" 0 KiB
[ebuild  N     ] sys-devel/gdb-7.12.1::gentoo to /usr/i586-tcc-linux-musl/ USE="client server -lzma -multitarget (-nls) -python -test -vanilla -xml" PYTHON_SINGLE_TARGET="python3_8 -python3_9" 0 KiB
[ebuild  N     ] sys-devel/bin86-0.16.21-r2::gentoo to /usr/i586-tcc-linux-musl/ 0 KiB
[ebuild  N     ] sys-devel/autoconf-archive-2024.10.16-r1::gentoo to /usr/i586-tcc-linux-musl/ 0 KiB
[ebuild  N     ] sys-boot/syslinux-3.86::gentoo to /usr/i586-tcc-linux-musl/ USE="custom-cflags" 0 KiB
[ebuild  N     ] sys-block/parted-3.2-r2::gentoo to /usr/i586-tcc-linux-musl/ USE="static-libs -debug -device-mapper -nls -readline (-selinux)" 0 KiB
[ebuild  N     ] sys-block/mtx-1.3.12::gentoo to /usr/i586-tcc-linux-musl/ 0 KiB
[ebuild  N     ] sys-apps/usbutils-0.11::gentoo to /usr/i586-tcc-linux-musl/ 0 KiB
[ebuild  N     ] sys-apps/setserial-2.17-r6::gentoo to /usr/i586-tcc-linux-musl/ 0 KiB
[ebuild  N     ] sys-apps/pv-1.9.0::gentoo to /usr/i586-tcc-linux-musl/ USE="-debug -nls -verify-sig" 0 KiB
[ebuild  N     ] sys-apps/prctl-1.6-r1::gentoo to /usr/i586-tcc-linux-musl/ 0 KiB
[ebuild  N     ] sys-apps/mlocate-0.26-r3::gentoo to /usr/i586-tcc-linux-musl/ USE="-nls (-selinux)" 0 KiB
[ebuild  N     ] sys-apps/miscfiles-1.5-r4::gentoo to /usr/i586-tcc-linux-musl/ USE="-minimal" 0 KiB
[ebuild  N     ] sys-apps/memtester-4.6.0::gentoo to /usr/i586-tcc-linux-musl/ 0 KiB
[ebuild  N     ] sys-apps/man2html-1.6g-r2::gentoo to /usr/i586-tcc-linux-musl/ 0 KiB
[ebuild  N     ] sys-apps/man-pages-5.13::gentoo to /usr/i586-tcc-linux-musl/ L10N="-de -es -fr -it -ja -nl -pl -pt-BR -ro -ru -zh-CN" 0 KiB
[ebuild  N     ] sys-apps/makedev-3.23.1-r3::gentoo to /usr/i586-tcc-linux-musl/ USE="-build (-selinux)" 0 KiB
[ebuild  N     ] sys-apps/hdparm-9.65-r2::gentoo to /usr/i586-tcc-linux-musl/ USE="static" 0 KiB
[ebuild  N     ] sys-apps/flashrom-1.2-r3::gentoo to /usr/i586-tcc-linux-musl/ USE="atavia ch341a_spi dediprog developerbox_spi digilent_spi drkaiser dummy gfxnvidia internal internal-dmi it8212 linux_spi nic3com nicintel nicintel_spi nicinteleeprom nicrealtek ogp_spi pickit2_spi satamv satasii stlinkv3_spi tools -atahpt -atapromise -buspirate_spi -ft2232_spi -jlink_spi -linuxmtd -mstarddc_spi -nicnatsemi -pony_spi -rayer_spi -serprog -usbblaster_spi" 0 KiB
[ebuild  N     ] sys-apps/ethtool-1.8::gentoo to /usr/i586-tcc-linux-musl/ 0 KiB
[ebuild  N     ] sys-apps/dtc-1.6.0::gentoo to /usr/i586-tcc-linux-musl/ USE="static-libs -yaml" 0 KiB
[ebuild  N     ] sci-visualization/gnuplot-5.4.10::gentoo to /usr/i586-tcc-linux-musl/ USE="bitmap gd libcaca regis -X (-aqua) -cairo -doc -examples -ggi -latex -libcerf -lua (-qt5) -readline -wxwidgets" LUA_SINGLE_TARGET="lua5-1 -lua5-3 -lua5-4" 0 KiB
[ebuild  N     ] net-vpn/tor-0.4.8.13::gentoo to /usr/i586-tcc-linux-musl/ USE="server -caps -doc -lzma -man -scrypt (-seccomp) (-selinux) (-systemd) -test -tor-hardening -verify-sig -zstd" 0 KiB
[ebuild  N     ] net-vpn/pptpd-1.4.0-r4::gentoo to /usr/i586-tcc-linux-musl/ USE="-gre-extreme-debug -tcpd" 0 KiB
[ebuild  N    *] net-proxy/redsocks-9999::gentoo to /usr/i586-tcc-linux-musl/ USE="static -doc" 0 KiB
[ebuild  N     ] net-proxy/privoxy-3.0.34::gentoo to /usr/i586-tcc-linux-musl/ USE="fast-redirects force image-blocking openssl ssl stats threads -acl -brotli -client-tags -compression -editor -extended-host-patterns -extended-statistics -external-filters -fuzz -graceful-termination -ipv6 -jit -lfs -mbedtls -png-images -sanitize (-selinux) -toggle -tools -whitelists -zlib" 0 KiB
[ebuild  N     ] net-print/lprng-3.8.35-r3::gentoo to /usr/i586-tcc-linux-musl/ USE="-foomaticdb -kerberos -libressl -nls -ssl" 0 KiB
[ebuild  N     ] net-p2p/transmission-3.00-r1::gentoo to /usr/i586-tcc-linux-musl/ USE="-ayatana -gtk -lightweight (-qt4) (-qt5) (-systemd) -xfs" 0 KiB
[ebuild  N     ] net-nntp/newspost-2.1.1-r3::gentoo to /usr/i586-tcc-linux-musl/ 0 KiB
[ebuild  N     ] net-nntp/leafnode-1.12.0::gentoo to /usr/i586-tcc-linux-musl/ USE="-ipv6" 0 KiB
[ebuild  N     ] net-misc/whois-5.5.23::gentoo to /usr/i586-tcc-linux-musl/ USE="iconv -idn -nls -xcrypt" 0 KiB
[ebuild  N     ] net-misc/urlview-0.9::gentoo to /usr/i586-tcc-linux-musl/ 0 KiB
[ebuild  N     ] net-misc/unix2tcp-0.8.2-r2::gentoo to /usr/i586-tcc-linux-musl/ 0 KiB
[ebuild  N     ] net-misc/taylor-uucp-1.07-r7::gentoo to /usr/i586-tcc-linux-musl/ 0 KiB
[ebuild  N    *] net-misc/stunnel-5.50-r1::gentoo to /usr/i586-tcc-linux-musl/ USE="ssl -ipv6 (-selinux) -stunnel3 -tcpd" 0 KiB
[ebuild  N     ] net-misc/spiped-1.6.2-r1::gentoo to /usr/i586-tcc-linux-musl/ 0 KiB
[ebuild  N     ] net-misc/sntpd-3.1-r1::gentoo to /usr/i586-tcc-linux-musl/ USE="adjtimex (-systemd)" 0 KiB
[ebuild  N     ] net-misc/sipcalc-1.1.6-r1::gentoo to /usr/i586-tcc-linux-musl/ 0 KiB
[ebuild  N     ] net-misc/ser2net-2.10.0-r1::gentoo to /usr/i586-tcc-linux-musl/ USE="-tcpd" 0 KiB
[ebuild  N     ] net-misc/radvd-2.19-r7::gentoo to /usr/i586-tcc-linux-musl/ USE="(-selinux) -test" 0 KiB
[ebuild  N     ] net-misc/netpipe-1.0.0_beta2-r2::gentoo to /usr/i586-tcc-linux-musl/ 0 KiB
[ebuild  N     ] net-misc/netkit-talk-0.17-r8::gentoo to /usr/i586-tcc-linux-musl/ 0 KiB
[ebuild  N     ] net-misc/netkit-routed-0.17-r5::gentoo to /usr/i586-tcc-linux-musl/ 0 KiB
[ebuild  N     ] net-misc/netkit-fingerd-0.17-r3::gentoo to /usr/i586-tcc-linux-musl/ 0 KiB
[ebuild  N     ] net-misc/netkit-bootpd-2.4-r2::gentoo to /usr/i586-tcc-linux-musl/ 0 KiB
[ebuild  N     ] net-misc/netkit-bootparamd-0.17-r5::gentoo to /usr/i586-tcc-linux-musl/ USE="(libtirpc)" 0 KiB
[ebuild  N     ] net-misc/nemesis-1.8::gentoo to /usr/i586-tcc-linux-musl/ 0 KiB
[ebuild  N     ] net-misc/ndisc6-1.0.8::gentoo to /usr/i586-tcc-linux-musl/ USE="-debug" 0 KiB
[ebuild  N    *] net-misc/ndhcpc-9999::gentoo to /usr/i586-tcc-linux-musl/ USE="static" 0 KiB
[ebuild  N     ] net-misc/mrouted-4.6::gentoo to /usr/i586-tcc-linux-musl/ USE="-test" 0 KiB
[ebuild  N     ] net-misc/iperf-3.17.1:3::gentoo to /usr/i586-tcc-linux-musl/ USE="-sctp" 0 KiB
[ebuild  N    *] net-misc/fbvnc-9999::gentoo to /usr/i586-tcc-linux-musl/ 0 KiB
[ebuild  N     ] net-misc/ethcat-9999::gentoo to /usr/i586-tcc-linux-musl/ 0 KiB
[ebuild  N     ] net-misc/endlessh-1.1-r2::gentoo to /usr/i586-tcc-linux-musl/ 0 KiB
[ebuild  N     ] net-misc/dropbear-2024.86::gentoo to /usr/i586-tcc-linux-musl/ USE="bsdpty shadow static syslog -minimal -multicall -pam -test -verify-sig -zlib" 0 KiB
[ebuild  N     ] net-misc/chrony-4.6.1::gentoo to /usr/i586-tcc-linux-musl/ USE="cmdmon libtomcrypt ntp phc refclock rtc sechash -caps -debug -html -nettle -nss -nts -pps -readline -samba (-seccomp) (-selinux) -verify-sig" 0 KiB
[ebuild  N     ] net-misc/bridge-utils-1.7.1-r1::gentoo to /usr/i586-tcc-linux-musl/ USE="(-selinux)" 0 KiB
[ebuild  N     ] net-misc/arpd-0.2-r1::gentoo to /usr/i586-tcc-linux-musl/ 0 KiB
[ebuild  N    *] net-misc/WendzelNNTPd-9999::gentoo to /usr/i586-tcc-linux-musl/ 0 KiB
[ebuild  N     ] net-mail/qprint-1.1-r1::gentoo to /usr/i586-tcc-linux-musl/ 0 KiB
[ebuild  N     ] net-mail/popa3d-1.0.2-r2::gentoo to /usr/i586-tcc-linux-musl/ USE="maildir -mbox -pam" 0 KiB
[ebuild  N     ] net-mail/mpack-1.6-r4::gentoo to /usr/i586-tcc-linux-musl/ 0 KiB
[ebuild  N     ] net-mail/fetchmail-6.4.39::gentoo to /usr/i586-tcc-linux-musl/ USE="ssl -kerberos -nls (-selinux) -socks (-tk)" 0 KiB
[ebuild  N    *] net-irc/sic-9999::gentoo to /usr/i586-tcc-linux-musl/ 0 KiB
[ebuild  N    *] net-irc/pounce-9999::gentoo to /usr/i586-tcc-linux-musl/ USE="static" 0 KiB
[ebuild  N    *] net-irc/niii-9999::gentoo to /usr/i586-tcc-linux-musl/ 0 KiB
[ebuild  N     ] net-irc/ngircd-26.1-r5::gentoo to /usr/i586-tcc-linux-musl/ USE="ssl -debug -gnutls -ident -ipv6 -irc-plus -pam -strict-rfc -tcpd -test -verify-sig -zlib" 0 KiB
[ebuild  N    *] net-irc/ii-9999::gentoo to /usr/i586-tcc-linux-musl/ USE="ssl -ncurses" 0 KiB
[ebuild  N    *] net-irc/catgirl-9999::gentoo to /usr/i586-tcc-linux-musl/ USE="static" 0 KiB
[ebuild  N     ] net-ftp/vsftpd-3.0.5-r1::gentoo to /usr/i586-tcc-linux-musl/ USE="ssl -pam -tcpd" 0 KiB
[ebuild  N     ] net-ftp/pure-ftpd-1.0.52::gentoo to /usr/i586-tcc-linux-musl/ USE="ssl -anondel -anonperm -anonren -anonres -caps -implicittls -ldap -mysql -noiplog -pam -paranoidmsg -postgres -resolveids (-selinux) -sysquota -vchroot -xinetd" 0 KiB
[ebuild  N     ] net-ftp/oftpd-0.3.7-r10::gentoo to /usr/i586-tcc-linux-musl/ USE="-ipv6" 0 KiB
[ebuild  N     ] net-ftp/ncftp-3.2.7-r2::gentoo to /usr/i586-tcc-linux-musl/ USE="(-pch)" 0 KiB
[ebuild  N     ] net-fs/nfs-utils-1.3.4::gentoo to /usr/i586-tcc-linux-musl/ USE="-caps -ipv6 -kerberos -libmount -nfsdcld -nfsidmap -nfsv4 -nfsv41 (-selinux) -tcpd -uuid" 0 KiB
[ebuild  N     ] net-firewall/arptables-0.0.0.7::gentoo to /usr/i586-tcc-linux-musl/ 0 KiB
[ebuild  N     ] net-dns/openresolv-3.13.2-r1::gentoo to /usr/i586-tcc-linux-musl/ USE="(-selinux)" 0 KiB
[ebuild  N     ] net-dns/dnsmasq-2.90::gentoo to /usr/i586-tcc-linux-musl/ USE="dhcp dumpfile loop static -auth-dns -conntrack (-dbus) -dhcp-tools -dnssec -id -idn -inotify -ipv6 -libidn2 -lua -nettlehash -nls -script (-selinux) -tftp" LUA_SINGLE_TARGET="lua5-1 -lua5-3 -lua5-4 -luajit" 0 KiB
[ebuild  N     ] net-dialup/pptpclient-1.10.0::gentoo to /usr/i586-tcc-linux-musl/ USE="(-tk)" 0 KiB
[ebuild  N     ] net-dialup/pppconfig-2.3.25::gentoo to /usr/i586-tcc-linux-musl/ USE="-nls" 0 KiB
[ebuild  N     ] net-dialup/picocom-3.1::gentoo to /usr/i586-tcc-linux-musl/ 0 KiB
[ebuild  N     ] net-dialup/minicom-2.9::gentoo to /usr/i586-tcc-linux-musl/ USE="-nls" 0 KiB
[ebuild  N     ] net-dialup/mingetty-1.08-r3::gentoo to /usr/i586-tcc-linux-musl/ USE="unicode" 0 KiB
[ebuild  N     ] net-dialup/mgetty-1.2.1-r4::gentoo to /usr/i586-tcc-linux-musl/ USE="fax (split-usr) -fidonet" 0 KiB
[ebuild  N     ] net-dialup/diald-1.0-r3::gentoo to /usr/i586-tcc-linux-musl/ USE="-pam" 0 KiB
[ebuild  N     ] net-dialup/dial-1.2-r2::gentoo to /usr/i586-tcc-linux-musl/ 0 KiB
[ebuild  N     ] net-analyzer/traceroute-nanog-6.4.2_p1::gentoo to /usr/i586-tcc-linux-musl/ 0 KiB
[ebuild  N     ] net-analyzer/tcptraceroute-1.5_beta7-r3::gentoo to /usr/i586-tcc-linux-musl/ 0 KiB
[ebuild  N     ] net-analyzer/tcptrace-6.6.7_p6-r2::gentoo to /usr/i586-tcc-linux-musl/ 0 KiB
[ebuild  N     ] net-analyzer/tcpdump-4.99.5::gentoo to /usr/i586-tcc-linux-musl/ USE="-caps -samba -smi -ssl -suid -test -verify-sig" 0 KiB
[ebuild  N     ] net-analyzer/iptraf-ng-1.1.4-r2::gentoo to /usr/i586-tcc-linux-musl/ USE="-doc" 0 KiB
[ebuild  N     ] net-analyzer/ifstat-1.1-r2::gentoo to /usr/i586-tcc-linux-musl/ USE="-snmp" 0 KiB
[ebuild  N     ] net-analyzer/bwm-ng-0.6.3::gentoo to /usr/i586-tcc-linux-musl/ USE="csv html" 0 KiB
[ebuild  N     ] media-video/mplayer-1.4-r1::gentoo to /usr/i586-tcc-linux-musl/ USE="a52 bl dts dvd dvdnav encode faac fbcon gsm iconv joystick jpeg libcaca mng mp3 network oss png pvr radio sdl speex theora twolame unicode v4l vcd vorbis xvid yuv4mpeg -X -aalib -alsa (-altivec) (-aqua) -bidi -bluray -bs2b -cddb -cdio -cdparanoia -cpudetection -debug -dga -directfb -doc -dv -dvb -enca -faad -ftp -ggi -ipv6 -jack -ladspa -libass -libmpeg2 -lirc -live -lzo -mad -md5sum -nas -openal -opengl -osdmenu -pnm -pulseaudio -rar -rtc -rtmp -samba (-selinux) -shm -tga -toolame -tremor -truetype -vdpau -vidix -x264 -xinerama -xscreensaver -xv -zoran" CPU_FLAGS_X86="-3dnow -3dnowext -mmx -mmxext -sse -sse2 -ssse3" VIDEO_CARDS="-mga" 0 KiB
[ebuild  N     ] media-video/lsdvd-0.17::gentoo to /usr/i586-tcc-linux-musl/ 0 KiB
[ebuild  N     ] media-sound/timidity-freepats-20060219-r1::gentoo to /usr/i586-tcc-linux-musl/ 0 KiB
[ebuild  N     ] media-sound/sox-14.4.2::gentoo to /usr/i586-tcc-linux-musl/ USE="encode flac ogg opus oss png static-libs twolame -alsa -amr -ao -debug -id3tag -ladspa -mad -openmp -pulseaudio -sndfile -wavpack" 0 KiB
[ebuild  N    *] media-sound/oss-9999::gentoo to /usr/i586-tcc-linux-musl/ USE="static" 0 KiB
[ebuild  N     ] media-sound/cvoicecontrol-0.9_alpha-r2::gentoo to /usr/i586-tcc-linux-musl/ 0 KiB
[ebuild  N     ] media-sound/cdplay-1.0::gentoo to /usr/i586-tcc-linux-musl/ 0 KiB
[ebuild  N     ] media-sound/cdparanoia-3.10.2-r8::gentoo to /usr/i586-tcc-linux-musl/ USE="static-libs" 0 KiB
[ebuild  N     ] media-sound/audiotag-0.19-r1::gentoo to /usr/i586-tcc-linux-musl/ 0 KiB
[ebuild  N     ] media-radio/ibp-0.21-r2::gentoo to /usr/i586-tcc-linux-musl/ USE="-X" 0 KiB
[ebuild  N     ] media-radio/dxcc-20191204::gentoo to /usr/i586-tcc-linux-musl/ USE="(-tk)" 0 KiB
[ebuild  N    *] media-libs/sixel-9999::gentoo to /usr/i586-tcc-linux-musl/ 0 KiB
[ebuild  N     ] media-libs/sdl-gfx-2.0.26-r2:0/16::gentoo to /usr/i586-tcc-linux-musl/ USE="-doc" CPU_FLAGS_X86="-mmx" 0 KiB
[ebuild  N     ] media-libs/libshout-2.4.6::gentoo to /usr/i586-tcc-linux-musl/ USE="speex static-libs theora" 0 KiB
[ebuild  N    *] media-gfx/sdump-9999::gentoo to /usr/i586-tcc-linux-musl/ 0 KiB
[ebuild  N     ] media-gfx/sane-frontends-1.0.14-r6::gentoo to /usr/i586-tcc-linux-musl/ USE="-gimp -gtk" 0 KiB
[ebuild  N    *] media-gfx/psftools-1.0.10::gentoo to /usr/i586-tcc-linux-musl/ USE="static-libs" 0 KiB
[ebuild  N     ] media-gfx/jpeg2ps-1.9-r2::gentoo to /usr/i586-tcc-linux-musl/ USE="-metric" 0 KiB
[ebuild  N     ] media-gfx/jp2a-1.1.1::gentoo to /usr/i586-tcc-linux-musl/ USE="-curl" 0 KiB
[ebuild  N    *] media-gfx/idump-9999::gentoo to /usr/i586-tcc-linux-musl/ 0 KiB
[ebuild  N     ] media-gfx/graphicsmagick-1.3.45-r1:0/1.3::gentoo to /usr/i586-tcc-linux-musl/ USE="jpeg png static-libs tiff -X -bzip2 (-cxx) -debug -dynamic-loading -fpx -heif -imagemagick -jbig -jpeg2k -jpegxl -lcms -lzma -openmp -perl -postscript -q16 -q32 -tcmalloc -threads -truetype -verify-sig -webp -wmf -zip -zlib -zstd" 0 KiB
[ebuild  N    *] media-gfx/gamut-9999::gentoo to /usr/i586-tcc-linux-musl/ 0 KiB
[ebuild  N    *] media-gfx/ff2sixel-9999::gentoo to /usr/i586-tcc-linux-musl/ 0 KiB
[ebuild  N    *] media-gfx/ff-tools-9999::gentoo to /usr/i586-tcc-linux-musl/ 0 KiB
[ebuild  N    *] media-gfx/fbvis-9999::gentoo to /usr/i586-tcc-linux-musl/ 0 KiB
[ebuild  N     ] media-gfx/fbida-2.10::gentoo to /usr/i586-tcc-linux-musl/ USE="fbcon gif pdf png tiff -X -curl -lirc -scanner -webp" 0 KiB
[ebuild  N     ] media-gfx/fbgrab-1.5::gentoo to /usr/i586-tcc-linux-musl/ 0 KiB
[ebuild  N    *] media-gfx/farbfeld-resize-9999::gentoo to /usr/i586-tcc-linux-musl/ 0 KiB
[ebuild  N     ] media-fonts/unifont-14.0.03::gentoo to /usr/i586-tcc-linux-musl/ USE="-X -fontforge -utils" 0 KiB
[ebuild  N     ] media-fonts/terminus-font-4.49.1-r1::gentoo to /usr/i586-tcc-linux-musl/ USE="center-tilde otf pcf-unicode psf quote ru-g -X -a-like-o -distinct-l -pcf-8bit -ru-dv -ru-i -ru-k" 0 KiB
[ebuild  N     ] media-fonts/neatmkfn-9999::gentoo to /usr/i586-tcc-linux-musl/ 0 KiB
[ebuild  N     ] mail-mta/ssmtp-2.64_p11-r1::gentoo to /usr/i586-tcc-linux-musl/ USE="ssl -gnutls -mta" 0 KiB
[ebuild  N     ] mail-mta/opensmtpd-7.6.0_p1::gentoo to /usr/i586-tcc-linux-musl/ USE="berkdb mta (split-usr) -pam -verify-sig" 0 KiB
[ebuild  N     ] mail-mta/msmtp-1.8.27::gentoo to /usr/i586-tcc-linux-musl/ USE="libressl ssl -daemon -doc -filecaps -gnutls -idn -keyring -mta -nls -sasl" 0 KiB
[ebuild  N     ] mail-client/mutt-2.2.13::gentoo to /usr/i586-tcc-linux-musl/ USE="gdbm hcache imap mbox nls pgp-classic pop sasl smime-classic smtp ssl -autocrypt -berkdb -debug -doc -gnutls -gpgme -gsasl -idn -kerberos -lmdb (-prefix) -qdbm (-selinux) -slang -tokyocabinet -vanilla" 0 KiB
[ebuild  N     ] mail-client/mailx-8.1.2.20220412::gentoo to /usr/i586-tcc-linux-musl/ 0 KiB
[ebuild  N     ] games-util/joystick-1.6.1::gentoo to /usr/i586-tcc-linux-musl/ USE="sdl -udev" 0 KiB
[ebuild  N     ] games-fps/prboom-plus-2.5.1.4::gentoo to /usr/i586-tcc-linux-musl/ USE="net png sdl-image sdl-mixer vorbis -dumb -fluidsynth -mad -nonfree -opengl -pcre -portmidi" 0 KiB
[ebuild  N     ] dev-vcs/rcsi-0.5::gentoo to /usr/i586-tcc-linux-musl/ 0 KiB
[ebuild  N     ] dev-vcs/cvs-1.12.12-r15::gentoo to /usr/i586-tcc-linux-musl/ USE="crypt server -doc -kerberos -nls -pam (-selinux)" 0 KiB
[ebuild  N     ] dev-util/yacc-1.9.1-r8::gentoo to /usr/i586-tcc-linux-musl/ 0 KiB
[ebuild  N     ] dev-util/xxd-9999::gentoo to /usr/i586-tcc-linux-musl/ USE="static" 0 KiB
[ebuild  N     ] dev-util/strace-4.5.15::gentoo to /usr/i586-tcc-linux-musl/ USE="static" 0 KiB
[ebuild  N    *] dev-util/shc-9999::gentoo to /usr/i586-tcc-linux-musl/ USE="static" 0 KiB
[ebuild  N     ] dev-util/indent-2.2.13::gentoo to /usr/i586-tcc-linux-musl/ USE="-nls" 0 KiB
[ebuild  N     ] dev-util/egypt-1.11::gentoo to /usr/i586-tcc-linux-musl/ USE="-test" 0 KiB
[ebuild  N     ] dev-util/cunit-2.1_p3::gentoo to /usr/i586-tcc-linux-musl/ USE="static-libs -ncurses" 0 KiB
[ebuild  N     ] dev-util/ctags-20240609.0::gentoo to /usr/i586-tcc-linux-musl/ USE="pcre -json (-seccomp) -test -xml -yaml" 0 KiB
[ebuild  N     ] dev-util/cflow-1.7::gentoo to /usr/i586-tcc-linux-musl/ USE="-debug -emacs -nls" 0 KiB
[ebuild  N     ] dev-util/autoproject-0.20_p15::gentoo to /usr/i586-tcc-linux-musl/ USE="-test" 0 KiB
[ebuild  N     ] dev-libs/mpfr-4.2.1:0/6::gentoo to /usr/i586-tcc-linux-musl/ USE="static-libs -verify-sig" 0 KiB
[ebuild  N     ] dev-libs/libcdio-paranoia-2.0.1:0/2::gentoo to /usr/i586-tcc-linux-musl/ USE="static-libs (-cxx) -test" 0 KiB
[ebuild  N     ] dev-embedded/zmac-1.3-r1::gentoo to /usr/i586-tcc-linux-musl/ 0 KiB
[ebuild  N     ] dev-embedded/xa-2.4.1::gentoo to /usr/i586-tcc-linux-musl/ 0 KiB
[ebuild  N     ] app-text/wgetpaste-2.34::gentoo to /usr/i586-tcc-linux-musl/ USE="ssl" 0 KiB
[ebuild  N     ] app-text/txt2man-1.7.1::gentoo to /usr/i586-tcc-linux-musl/ 0 KiB
[ebuild  N     ] app-text/tdq-9999::gentoo to /usr/i586-tcc-linux-musl/ 0 KiB
[ebuild  N     ] app-text/sloccount-2.26-r3::gentoo to /usr/i586-tcc-linux-musl/ 0 KiB
[ebuild  N    *] app-text/scdoc-9999::gentoo to /usr/i586-tcc-linux-musl/ 0 KiB
[ebuild  N     ] app-text/rfcutil-3.2.3-r2::gentoo to /usr/i586-tcc-linux-musl/ 0 KiB
[ebuild  N     ] app-text/psutils-1.17-r5::gentoo to /usr/i586-tcc-linux-musl/ 0 KiB
[ebuild  N     ] app-text/pstotext-1.9-r5::gentoo to /usr/i586-tcc-linux-musl/ 0 KiB
[ebuild  N     ] app-text/pep-2.8-r2::gentoo to /usr/i586-tcc-linux-musl/ 0 KiB
[ebuild  N     ] app-text/odt2txt-0.5-r1::gentoo to /usr/i586-tcc-linux-musl/ 0 KiB
[ebuild  N     ] app-text/odt2tex-0.0.13::gentoo to /usr/i586-tcc-linux-musl/ 0 KiB
[ebuild  N     ] app-text/nref-9999::gentoo to /usr/i586-tcc-linux-musl/ 0 KiB
[ebuild  N     ] app-text/neatroff-9999::gentoo to /usr/i586-tcc-linux-musl/ 0 KiB
[ebuild  N     ] app-text/neatrefer-9999::gentoo to /usr/i586-tcc-linux-musl/ 0 KiB
[ebuild  N     ] app-text/neatpost-9999::gentoo to /usr/i586-tcc-linux-musl/ 0 KiB
[ebuild  N     ] app-text/neateqn-9999::gentoo to /usr/i586-tcc-linux-musl/ 0 KiB
[ebuild  N     ] app-text/multitail-6.4.2-r1::gentoo to /usr/i586-tcc-linux-musl/ USE="unicode -debug -examples" 0 KiB
[ebuild  N     ] app-text/htmltidy-0.99.0::gentoo to /usr/i586-tcc-linux-musl/ USE="static-libs -debug -doc" 0 KiB
[ebuild  N     ] app-text/fbpdf-0_p20160409::gentoo to /usr/i586-tcc-linux-musl/ 0 KiB
[ebuild  N     ] app-text/epstool-3.09::gentoo to /usr/i586-tcc-linux-musl/ 0 KiB
[ebuild  N     ] app-text/enscript-1.6.6-r1::gentoo to /usr/i586-tcc-linux-musl/ USE="-nls -ruby" 0 KiB
[ebuild  N     ] app-text/docx2txt-1.4::gentoo to /usr/i586-tcc-linux-musl/ 0 KiB
[ebuild  N     ] app-text/ctxt-9999::gentoo to /usr/i586-tcc-linux-musl/ 0 KiB
[ebuild  N     ] app-text/code2html-0.9.1-r2::gentoo to /usr/i586-tcc-linux-musl/ 0 KiB
[ebuild  N     ] app-text/catdoc-0.95-r1::gentoo to /usr/i586-tcc-linux-musl/ USE="(-tk)" 0 KiB
[ebuild  N     ] app-text/build-docbook-catalog-2.4::gentoo to /usr/i586-tcc-linux-musl/ 0 KiB
[ebuild  N     ] app-text/bib2ref-9999::gentoo to /usr/i586-tcc-linux-musl/ 0 KiB
[ebuild  N     ] app-text/bdf2psf-1.230::gentoo to /usr/i586-tcc-linux-musl/ 0 KiB
[ebuild  N     ] app-misc/vlock-2.2.3-r2::gentoo to /usr/i586-tcc-linux-musl/ USE="-pam -test" 0 KiB
[ebuild  N     ] app-misc/ttyrec-1.0.8-r3::gentoo to /usr/i586-tcc-linux-musl/ 0 KiB
[ebuild  N     ] app-misc/tmux-3.1c::gentoo to /usr/i586-tcc-linux-musl/ USE="-debug (-selinux) -utempter -vim-syntax" 0 KiB
[ebuild  N    *] app-misc/recterm-9999::gentoo to /usr/i586-tcc-linux-musl/ 0 KiB
[ebuild  N     ] app-misc/muttprint-0.73-r5::gentoo to /usr/i586-tcc-linux-musl/ USE="-doc" 0 KiB
[ebuild  N     ] app-misc/musl-locales-9999::gentoo to /usr/i586-tcc-linux-musl/ 0 KiB
[ebuild  N     ] app-misc/fdupes-2.3.2::gentoo to /usr/i586-tcc-linux-musl/ USE="sqlite -ncurses" 0 KiB
[ebuild  N    *] app-misc/fbtest-9999::gentoo to /usr/i586-tcc-linux-musl/ 0 KiB
[ebuild  N    *] app-misc/fbrec-9999::gentoo to /usr/i586-tcc-linux-musl/ 0 KiB
[ebuild  N    *] app-misc/dmux-9999::gentoo to /usr/i586-tcc-linux-musl/ 0 KiB
[ebuild  N     ] app-misc/delay-1.6-r6::gentoo to /usr/i586-tcc-linux-musl/ 0 KiB
[ebuild  N     ] app-misc/countrycodes-1.0.6::gentoo to /usr/i586-tcc-linux-musl/ 0 KiB
[ebuild  N     ] app-misc/color-1.2-r3::gentoo to /usr/i586-tcc-linux-musl/ 0 KiB
[ebuild  N     ] app-misc/cmatrix-2.0-r2::gentoo to /usr/i586-tcc-linux-musl/ USE="unicode -X" 0 KiB
[ebuild  N     ] app-misc/ckermit-9.0.302::gentoo to /usr/i586-tcc-linux-musl/ USE="-ncurses" 0 KiB
[ebuild  N     ] app-misc/cdspeed-0.4-r2::gentoo to /usr/i586-tcc-linux-musl/ 0 KiB
[ebuild  N     ] app-misc/beep-1.4.9-r1::gentoo to /usr/i586-tcc-linux-musl/ USE="-filecaps" 0 KiB
[ebuild  N     ] app-misc/banner-1.3.6::gentoo to /usr/i586-tcc-linux-musl/ 0 KiB
[ebuild  N    *] app-editors/vis-9999::gentoo to /usr/i586-tcc-linux-musl/ USE="lua ncurses static (-selinux) -test -tre" LUA_SINGLE_TARGET="lua5-4" 0 KiB
[ebuild  N     ] app-editors/nano-8.2::gentoo to /usr/i586-tcc-linux-musl/ USE="magic spell (unicode) -debug -justify -minimal -ncurses -nls" 0 KiB
[ebuild  N     ] app-editors/dhex-0.69::gentoo to /usr/i586-tcc-linux-musl/ 0 KiB
[ebuild  N     ] app-dicts/myspell-ru-20200606::gentoo to /usr/i586-tcc-linux-musl/ 0 KiB
[ebuild  N     ] app-dicts/myspell-it-20221123::gentoo to /usr/i586-tcc-linux-musl/ 0 KiB
[ebuild  N     ] app-dicts/myspell-fr-7.0-r1::gentoo to /usr/i586-tcc-linux-musl/ 0 KiB
[ebuild  N     ] app-dicts/myspell-es-2.6::gentoo to /usr/i586-tcc-linux-musl/ 0 KiB
[ebuild  N     ] app-dicts/myspell-en-20240801::gentoo to /usr/i586-tcc-linux-musl/ L10N="en-AU en-CA en-GB en-US en-ZA" 0 KiB
[ebuild  N     ] app-dicts/myspell-de_1901-20170622::gentoo to /usr/i586-tcc-linux-musl/ 0 KiB
[ebuild  N     ] app-dicts/myspell-de-2017.01.12-r1::gentoo to /usr/i586-tcc-linux-musl/ L10N="de -de-AT -de-CH -de-DE" 0 KiB
[ebuild  N     ] app-crypt/shash-0.2.6-r4::gentoo to /usr/i586-tcc-linux-musl/ USE="static" 0 KiB
[ebuild  N     ] app-crypt/pinentry-1.2.1::gentoo to /usr/i586-tcc-linux-musl/ USE="-caps -efl -emacs -gnome-keyring -gtk -ncurses (-qt5)" 0 KiB
[ebuild  N     ] app-crypt/hashalot-0.3-r2::gentoo to /usr/i586-tcc-linux-musl/ 0 KiB
[ebuild  N    *] app-crypt/elosetup-9999::gentoo to /usr/i586-tcc-linux-musl/ USE="static" 0 KiB
[ebuild  N     ] app-crypt/aespipe-2.4f::gentoo to /usr/i586-tcc-linux-musl/ USE="static -asm" CPU_FLAGS_X86="-aes -padlock" 0 KiB
[ebuild  N     ] app-cdr/cdrtools-3.02_alpha09-r5::gentoo to /usr/i586-tcc-linux-musl/ USE="unicode -acl -caps -filecaps -nls (-selinux)" 0 KiB
[ebuild  N     ] app-benchmarks/stress-1.0.7::gentoo to /usr/i586-tcc-linux-musl/ USE="static" 0 KiB
[ebuild  N     ] app-arch/pax-20201030::gentoo to /usr/i586-tcc-linux-musl/ 0 KiB
[ebuild  N     ] app-arch/lzop-1.04-r1::gentoo to /usr/i586-tcc-linux-musl/ 0 KiB
[ebuild  N     ] app-admin/verynice-1.1-r3::gentoo to /usr/i586-tcc-linux-musl/ 0 KiB
[ebuild  N     ] app-admin/pass-1.7.4-r2::gentoo to /usr/i586-tcc-linux-musl/ USE="git -X -dmenu -emacs -importers -wayland" 0 KiB
[ebuild  N     ] app-admin/logrotate-3.22.0::gentoo to /usr/i586-tcc-linux-musl/ USE="cron -acl (-selinux) -verify-sig" 0 KiB
[ebuild  N     ] app-admin/chrpath-0.16-r1::gentoo to /usr/i586-tcc-linux-musl/ 0 KiB
[ebuild  N     ] sys-devel/make-3.82-r4::gentoo to /usr/i586-tcc-linux-musl/ USE="static -nls" 0 KiB
[ebuild  N    #] sys-devel/binutils-2.32-r2:2.32::gentoo to /usr/i586-tcc-linux-musl/ USE="static-libs -default-gold -doc (-gold) -multitarget -nls -plugins -test" 0 KiB
[ebuild  N     ] sys-apps/kbd-2.6.4::gentoo to /usr/i586-tcc-linux-musl/ USE="-nls -pam (-selinux) -test" 0 KiB
[ebuild  N     ] sys-apps/baselayout-2.17::gentoo to /usr/i586-tcc-linux-musl/ USE="(split-usr) -build" 0 KiB
[ebuild  N     ] net-misc/iputils-20121221-r2::gentoo to /usr/i586-tcc-linux-musl/ USE="SECURITY_HAZARD arping doc rarpd rdisc ssl static tftpd -caps -clockdiff -gnutls (-idn) -ipv6 -tracepath -traceroute" 0 KiB
[ebuild  N    *] dev-util/samurai-9999::gentoo to /usr/i586-tcc-linux-musl/ 0 KiB
[nomerge       ] dev-db/libdbi-0.9.0::gentoo to /usr/i586-tcc-linux-musl/ USE="static-libs -doc" 
[ebuild  N     ]  dev-db/libdbi-drivers-0.9.0-r3::gentoo to /usr/i586-tcc-linux-musl/ USE="sqlite static-libs -doc -firebird -mysql -oci8 -postgres" 0 KiB
[ebuild  N     ]   dev-db/libdbi-0.9.0::gentoo to /usr/i586-tcc-linux-musl/ USE="static-libs -doc" 0 KiB
[nomerge       ] sys-apps/flashrom-1.2-r3::gentoo to /usr/i586-tcc-linux-musl/ USE="atavia ch341a_spi dediprog developerbox_spi digilent_spi drkaiser dummy gfxnvidia internal internal-dmi it8212 linux_spi nic3com nicintel nicintel_spi nicinteleeprom nicrealtek ogp_spi pickit2_spi satamv satasii stlinkv3_spi tools -atahpt -atapromise -buspirate_spi -ft2232_spi -jlink_spi -linuxmtd -mstarddc_spi -nicnatsemi -pony_spi -rayer_spi -serprog -usbblaster_spi" 
[ebuild  N     ]  virtual/libusb-0-r2::gentoo to /usr/i586-tcc-linux-musl/ 0 KiB
[ebuild  N     ] app-text/mupdf-1.8:0/1.8::gentoo to /usr/i586-tcc-linux-musl/ USE="curl static static-libs -X -javascript -libressl -opengl -openssl -vanilla" 0 KiB
[nomerge       ] app-admin/pass-1.7.4-r2::gentoo to /usr/i586-tcc-linux-musl/ USE="git -X -dmenu -emacs -importers -wayland" 
[ebuild  N     ]  media-gfx/qrencode-4.1.1-r1:0/4::gentoo to /usr/i586-tcc-linux-musl/ USE="png -test" 0 KiB
[nomerge       ] app-arch/lzop-1.04-r1::gentoo to /usr/i586-tcc-linux-musl/
[ebuild  N     ]  dev-libs/lzo-2.10:2::gentoo to /usr/i586-tcc-linux-musl/ USE="(split-usr) static-libs -examples" 0 KiB
[nomerge       ] app-crypt/pinentry-1.2.1::gentoo to /usr/i586-tcc-linux-musl/ USE="-caps -efl -emacs -gnome-keyring -gtk -ncurses (-qt5)" 
[ebuild  N     ]  app-eselect/eselect-pinentry-0.7.4::gentoo to /usr/i586-tcc-linux-musl/ 0 KiB
[nomerge       ] app-crypt/shash-0.2.6-r4::gentoo to /usr/i586-tcc-linux-musl/ USE="static" 
[ebuild  N     ]  app-crypt/mhash-0.9.9.9-r3::gentoo to /usr/i586-tcc-linux-musl/ USE="static-libs" 0 KiB
[nomerge       ] app-editors/vis-9999::gentoo to /usr/i586-tcc-linux-musl/ USE="lua ncurses static (-selinux) -test -tre" LUA_SINGLE_TARGET="lua5-4" 
[ebuild  N     ]  dev-libs/libtermkey-0.22-r2::gentoo to /usr/i586-tcc-linux-musl/ USE="static-libs -demos" 0 KiB
[nomerge       ] app-misc/dmux-9999::gentoo to /usr/i586-tcc-linux-musl/
[ebuild  N    *]  app-misc/dvtm-9999::gentoo to /usr/i586-tcc-linux-musl/ USE="static" 0 KiB
[nomerge       ] app-misc/recterm-9999::gentoo to /usr/i586-tcc-linux-musl/
[ebuild  N    *]  app-misc/yaft-9999::gentoo to /usr/i586-tcc-linux-musl/ USE="static" 0 KiB
[nomerge       ] app-text/odt2tex-0.0.13::gentoo to /usr/i586-tcc-linux-musl/
[ebuild  N     ]  dev-libs/libzip-1.3.0:0/5::gentoo to /usr/i586-tcc-linux-musl/ USE="static-libs -bzip2" 0 KiB
[nomerge       ] net-misc/arpd-0.2-r1::gentoo to /usr/i586-tcc-linux-musl/
[ebuild  N     ]  dev-libs/libdnet-1.16.4::gentoo to /usr/i586-tcc-linux-musl/ USE="-python -test" PYTHON_TARGETS="python3_8 -python3_9 -python3_10 -python3_11" 0 KiB
[ebuild  N     ]   dev-libs/libbsd-0.11.8::gentoo to /usr/i586-tcc-linux-musl/ USE="static-libs -verify-sig" 0 KiB
[ebuild  N     ]    app-crypt/libmd-1.0.4::gentoo to /usr/i586-tcc-linux-musl/ 0 KiB
[nomerge       ] dev-libs/libcdio-paranoia-2.0.1:0/2::gentoo to /usr/i586-tcc-linux-musl/ USE="static-libs (-cxx) -test" 
[ebuild  N     ]  app-eselect/eselect-cdparanoia-0.1-r1::gentoo to /usr/i586-tcc-linux-musl/ 0 KiB
[nomerge       ] net-misc/chrony-4.6.1::gentoo to /usr/i586-tcc-linux-musl/ USE="cmdmon libtomcrypt ntp phc refclock rtc sechash -caps -debug -html -nettle -nss -nts -pps -readline -samba (-seccomp) (-selinux) -verify-sig" 
[ebuild  N     ]  dev-libs/libtomcrypt-1.18.2-r4:0/1::gentoo to /usr/i586-tcc-linux-musl/ USE="libtommath -gmp -tomsfastmath" 0 KiB
[ebuild  N     ]   dev-libs/libtommath-1.2.1::gentoo to /usr/i586-tcc-linux-musl/ USE="static-libs -doc -examples" 0 KiB
[ebuild  N     ] dev-lua/lpeg-1.1.0::gentoo to /usr/i586-tcc-linux-musl/ USE="-debug -doc -test" LUA_TARGETS="lua5-4" 0 KiB
[ebuild  N     ]  dev-lang/lua-5.4.6:5.4::gentoo to /usr/i586-tcc-linux-musl/ USE="deprecated -readline" 0 KiB
[ebuild  N     ]   app-eselect/eselect-lua-4-r1::gentoo to /usr/i586-tcc-linux-musl/ 0 KiB
[nomerge       ] mail-client/mailx-8.1.2.20220412::gentoo to /usr/i586-tcc-linux-musl/
[ebuild  N     ]  net-libs/liblockfile-1.17::gentoo to /usr/i586-tcc-linux-musl/ USE="static-libs" 0 KiB
[nomerge       ] mail-client/mutt-2.2.13::gentoo to /usr/i586-tcc-linux-musl/ USE="gdbm hcache imap mbox nls pgp-classic pop sasl smime-classic smtp ssl -autocrypt -berkdb -debug -doc -gnutls -gpgme -gsasl -idn -kerberos -lmdb (-prefix) -qdbm (-selinux) -slang -tokyocabinet -vanilla" 
[ebuild  N     ]  dev-libs/cyrus-sasl-2.1.28-r5:2::gentoo to /usr/i586-tcc-linux-musl/ USE="sqlite ssl static-libs urandom -authdaemond -berkdb -gdbm -kerberos -ldapdb -mysql -openldap -pam -postgres -sample (-selinux) -srp" 0 KiB
[nomerge       ] media-gfx/fbida-2.10::gentoo to /usr/i586-tcc-linux-musl/ USE="fbcon gif pdf png tiff -X -curl -lirc -scanner -webp" 
[ebuild  N     ]  media-libs/fontconfig-2.12.93:1.0::gentoo to /usr/i586-tcc-linux-musl/ USE="static-libs -doc" 0 KiB
[ebuild  N     ]   app-eselect/eselect-fontconfig-20220403::gentoo to /usr/i586-tcc-linux-musl/ 0 KiB
[ebuild  N     ]  media-libs/libexif-0.6.24::gentoo to /usr/i586-tcc-linux-musl/ USE="-doc -nls" 0 KiB
[nomerge       ] media-sound/sox-14.4.2::gentoo to /usr/i586-tcc-linux-musl/ USE="encode flac ogg opus oss png static-libs twolame -alsa -amr -ao -debug -id3tag -ladspa -mad -openmp -pulseaudio -sndfile -wavpack" 
[ebuild  N     ]  media-libs/opusfile-0.12-r1::gentoo to /usr/i586-tcc-linux-musl/ USE="float static-libs -doc (-fixed-point) -http" 0 KiB
[nomerge       ] media-video/mplayer-1.4-r1::gentoo to /usr/i586-tcc-linux-musl/ USE="a52 bl dts dvd dvdnav encode faac fbcon gsm iconv joystick jpeg libcaca mng mp3 network oss png pvr radio sdl speex theora twolame unicode v4l vcd vorbis xvid yuv4mpeg -X -aalib -alsa (-altivec) (-aqua) -bidi -bluray -bs2b -cddb -cdio -cdparanoia -cpudetection -debug -dga -directfb -doc -dv -dvb -enca -faad -ftp -ggi -ipv6 -jack -ladspa -libass -libmpeg2 -lirc -live -lzo -mad -md5sum -nas -openal -opengl -osdmenu -pnm -pulseaudio -rar -rtc -rtmp -samba (-selinux) -shm -tga -toolame -tremor -truetype -vdpau -vidix -x264 -xinerama -xscreensaver -xv -zoran" CPU_FLAGS_X86="-3dnow -3dnowext -mmx -mmxext -sse -sse2 -ssse3" VIDEO_CARDS="-mga" 
[ebuild  N     ]  media-libs/libdvdnav-6.1.1::gentoo to /usr/i586-tcc-linux-musl/ USE="static-libs" 0 KiB
[ebuild  N     ]   media-libs/libdvdread-6.1.3:0/8::gentoo to /usr/i586-tcc-linux-musl/ USE="css static-libs" 0 KiB
[ebuild  N     ]    media-libs/libdvdcss-1.4.3:1.2::gentoo to /usr/i586-tcc-linux-musl/ USE="-doc" 0 KiB
[ebuild  N     ]  media-libs/libmng-2.0.3-r1:0/2::gentoo to /usr/i586-tcc-linux-musl/ USE="-lcms" 0 KiB
[ebuild  N     ]  media-libs/faac-1.30::gentoo to /usr/i586-tcc-linux-musl/ 0 KiB
[ebuild  N     ]  media-libs/libdca-0.0.7::gentoo to /usr/i586-tcc-linux-musl/ USE="oss -debug" 0 KiB
[ebuild  N     ]  media-libs/a52dec-0.7.4-r8::gentoo to /usr/i586-tcc-linux-musl/ USE="oss -djbfft" 0 KiB
[nomerge       ] net-dialup/dial-1.2-r2::gentoo to /usr/i586-tcc-linux-musl/
[ebuild  N     ]  net-dialup/dwun-0.96e-r6::gentoo to /usr/i586-tcc-linux-musl/ 0 KiB
[nomerge       ] net-dialup/mgetty-1.2.1-r4::gentoo to /usr/i586-tcc-linux-musl/ USE="fax (split-usr) -fidonet" 
[ebuild  N     ]  media-libs/netpbm-11.8.2:0/advanced::gentoo to /usr/i586-tcc-linux-musl/ USE="jpeg png static-libs tiff -X -jbig -postscript -rle -svga -xml" CPU_FLAGS_X86="-sse2" 0 KiB
[ebuild  N     ] net-firewall/iptables-1.8.8-r2:0/1.8.3::gentoo to /usr/i586-tcc-linux-musl/ USE="(split-usr) static-libs -conntrack -netlink -nftables -pcap" 0 KiB
[ebuild  N     ]  app-eselect/eselect-iptables-20220320::gentoo to /usr/i586-tcc-linux-musl/ 0 KiB
[nomerge       ] net-fs/nfs-utils-1.3.4::gentoo to /usr/i586-tcc-linux-musl/ USE="-caps -ipv6 -kerberos -libmount -nfsdcld -nfsidmap -nfsv4 -nfsv41 (-selinux) -tcpd -uuid" 
[ebuild  N     ]  net-nds/rpcbind-1.2.6::gentoo to /usr/i586-tcc-linux-musl/ USE="-debug -remotecalls (-selinux) (-systemd) -tcpd -warmstarts" 0 KiB
[nomerge       ] net-ftp/pure-ftpd-1.0.52::gentoo to /usr/i586-tcc-linux-musl/ USE="ssl -anondel -anonperm -anonren -anonres -caps -implicittls -ldap -mysql -noiplog -pam -paranoidmsg -postgres -resolveids (-selinux) -sysquota -vchroot -xinetd" 
[ebuild  N     ]  dev-libs/libsodium-1.0.19_p20240117:0/26::gentoo to /usr/i586-tcc-linux-musl/ USE="static-libs urandom -asm -minimal -verify-sig" CPU_FLAGS_X86="-aes -sse4_1" 0 KiB
[nomerge       ] net-ftp/vsftpd-3.0.5-r1::gentoo to /usr/i586-tcc-linux-musl/ USE="ssl -pam -tcpd" 
[ebuild  N     ]  sys-libs/libcap-2.28-r1::gentoo to /usr/i586-tcc-linux-musl/ USE="(split-usr) static-libs -pam" 0 KiB
[nomerge       ] net-misc/netkit-bootparamd-0.17-r5::gentoo to /usr/i586-tcc-linux-musl/ USE="(libtirpc)" 
[ebuild  N     ]  net-libs/rpcsvc-proto-1.4.4::gentoo to /usr/i586-tcc-linux-musl/ 0 KiB
[nomerge       ] net-proxy/privoxy-3.0.34::gentoo to /usr/i586-tcc-linux-musl/ USE="fast-redirects force image-blocking openssl ssl stats threads -acl -brotli -client-tags -compression -editor -extended-host-patterns -extended-statistics -external-filters -fuzz -graceful-termination -ipv6 -jit -lfs -mbedtls -png-images -sanitize (-selinux) -toggle -tools -whitelists -zlib" 
[ebuild  N     ]  dev-libs/libpcre-8.45-r3:3::gentoo to /usr/i586-tcc-linux-musl/ USE="pcre16 static-libs (unicode) -bzip2 (-cxx) -jit -libedit -pcre32 -readline -valgrind -zlib" 0 KiB
[nomerge       ] www-client/links-2.30:2::gentoo to /usr/i586-tcc-linux-musl/ USE="fbcon gpm jpeg ssl tiff -X -avif -brotli -bzip2 -freetype -ipv6 -libevent -livecd -lzip -lzma (-selinux) -suid -svga -webp -zlib -zstd" 
[ebuild  N     ]  sys-libs/gpm-1.20.7-r6::gentoo to /usr/i586-tcc-linux-musl/ USE="static-libs (-selinux)" 0 KiB
[nomerge       ] www-client/w3m-0.5.3_p20230121::gentoo to /usr/i586-tcc-linux-musl/ USE="sixel ssl unicode -X -fbcon -gdk-pixbuf -gpm -imlib -lynxkeymap -nls -nntp -xface" L10N="-ja" 
[ebuild  N     ]  dev-libs/boehm-gc-8.2.8::gentoo to /usr/i586-tcc-linux-musl/ USE="large static-libs (-cxx) -threads" 0 KiB
[ebuild  N     ]   dev-libs/libatomic_ops-7.8.2::gentoo to /usr/i586-tcc-linux-musl/ 0 KiB
[ebuild  N     ] sys-apps/portage-3.0.30-r5::gentoo to /usr/i586-tcc-linux-musl/ USE="(ipc) lzz native-extensions xattr -apidoc -build -doc -gentoo-dev -rsync-verify (-selinux) -test" PYTHON_TARGETS="python3_8 -pypy3 -python3_9 -python3_10 -python3_11" 0 KiB
[ebuild  N     ] media-video/ffmpeg-4.3.1:0/56.58.58::gentoo to /usr/i586-tcc-linux-musl/ USE="encode gpl gsm iconv libcaca mp3 network opus oss (pic) postproc sixel speex static-libs theora twolame v4l vorbis webp xvid -X -alsa -amr -amrenc (-appkit) -armv6 -bluray -bs2b -bzip2 -cdio -chromaprint -chromium -codec2 -cpudetection (-cuda) -dav1d -debug -doc -fdk -flite -fontconfig -frei0r -fribidi -gcrypt -gme -gmp -gnutls -hardcoded-tables -iec61883 -ieee1394 -jack -jpeg2k -kvazaar -ladspa -libaom -libaribb24 -libass -libdrm -libilbc -libressl -librtmp -libsoxr -libtesseract -libv4l -libxml2 -lv2 -lzma (-mipsdspr1) (-mipsdspr2) (-mipsfpu) (-mmal) -modplug -openal -opencl -opengl -openh264 -openssl -pulseaudio -rav1e -rubberband -samba -sdl -snappy -srt -ssh -svg -test -threads -truetype -vaapi -vdpau -vidstab -vpx -vulkan -wavpack -x264 -x265 -zeromq -zimg -zlib -zvbi" CPU_FLAGS_X86="-3dnow -3dnowext -aes -avx -avx2 -fma3 -fma4 -mmx -mmxext -sse -sse2 -sse3 -sse4_1 -sse4_2 -ssse3 -xop" FFTOOLS="aviocat ffescape ffeval ffhash fourcc2pixfmt graph2dot ismindex pktdumper qt-faststart sidxindex trasher" VIDEO_CARDS="-nvidia" 0 KiB
[ebuild  N     ] media-libs/sdl-mixer-1.2.12-r4::gentoo to /usr/i586-tcc-linux-musl/ USE="flac midi mikmod mod static-libs timidity vorbis wav -fluidsynth -mad -modplug -mp3 -playtools -smpeg" 0 KiB
[ebuild  N     ]  media-libs/sdl-sound-1.0.3_p20220525::gentoo to /usr/i586-tcc-linux-musl/ USE="flac mikmod mp3 speex static-libs vorbis -modplug" 0 KiB
[ebuild  N     ] media-libs/sdl-net-1.2.8_p20221010::gentoo to /usr/i586-tcc-linux-musl/ 0 KiB
[ebuild  N     ] media-libs/sdl-image-1.2.12_p20220527-r1::gentoo to /usr/i586-tcc-linux-musl/ USE="gif jpeg png static-libs tiff -webp" 0 KiB
[ebuild  N     ] app-admin/sup-9999::gentoo to /usr/i586-tcc-linux-musl/ USE="static" 0 KiB
[nomerge       ] app-misc/dmux-9999::gentoo to /usr/i586-tcc-linux-musl/
[ebuild  N     ]  app-misc/abduco-9999::gentoo to /usr/i586-tcc-linux-musl/ 0 KiB
[ebuild  N    *]  app-shells/oksh-9999::gentoo to /usr/i586-tcc-linux-musl/ USE="static" 0 KiB
[ebuild  N     ] media-libs/libsdl-1.2.15-r9::gentoo to /usr/i586-tcc-linux-musl/ USE="custom-cflags fbcon joystick libcaca oss sixel sound static-libs video -X -aalib -alsa -armv6 -dga -directfb -nas -opengl -pulseaudio -tslib -xinerama -xv" 0 KiB
[ebuild  N    *]  media-libs/libsixel-9999::gentoo to /usr/i586-tcc-linux-musl/ USE="static-libs -curl" 0 KiB
[ebuild  N    *] media-gfx/farbfeld-9999::gentoo to /usr/i586-tcc-linux-musl/ 0 KiB
[ebuild  N     ] net-misc/rsync-3.3.0-r1::gentoo to /usr/i586-tcc-linux-musl/ USE="iconv ssl xattr -acl -examples -lz4 -rrsync -stunnel -system-zlib -verify-sig -xxhash -zstd" PYTHON_SINGLE_TARGET="python3_8 -python3_9 -python3_10 -python3_11" 0 KiB
[ebuild  N    *] app-arch/lzz-9999:0/r132::gentoo to /usr/i586-tcc-linux-musl/ USE="static static-libs" 0 KiB
[ebuild  N    *] sys-apps/attr-9999::gentoo to /usr/i586-tcc-linux-musl/ USE="(split-usr) static-libs -debug -nls" 0 KiB
[ebuild  N     ] dev-lang/python-3.8.13_p2:3.8::gentoo to /usr/i586-tcc-linux-musl/ USE="(ssl) -bluetooth -build -examples -gdbm (-hardened) -ncurses -readline -sqlite -test (-tk) -verify-sig -wininst -xml" 0 KiB
[ebuild  N     ]  dev-lang/python-exec-2.4.9:2::gentoo to /usr/i586-tcc-linux-musl/ USE="(native-symlinks) -test" PYTHON_TARGETS="(pypy3) (python3_8) (python3_9) (python3_10) (python3_11)" 0 KiB
[ebuild  N     ]   dev-lang/python-exec-conf-2.4.6:2::gentoo to /usr/i586-tcc-linux-musl/ PYTHON_TARGETS="python3_8 -pypy3 -python3_9 -python3_10 -python3_11" 0 KiB
[ebuild  N     ] media-gfx/sane-backends-1.1.1-r2::gentoo to /usr/i586-tcc-linux-musl/ USE="-gphoto2 -ipv6 -snmp (-systemd) -threads -usb -v4l -xinetd -zeroconf" SANE_BACKENDS="abaton agfafocus apple artec artec_eplus48u as6e avision bh canon canon630u canon_dr canon_lide70 cardscan coolscan coolscan2 coolscan3 dc25 dc210 dc240 dmc epjitsu epson epson2 fujitsu gt68xx hp hp3500 hp3900 hp4200 hp5400 hp5590 hpljm1005 hs2p ibm kodak kodakaio kvs20xx kvs1025 leo lexmark ma1509 magicolor matsushita microtek microtek2 mustek mustek_usb nec net niash p5 pie pieusb pixma plustek plustek_pp qcam ricoh ricoh2 rts8891 s9036 sceptre sharp sm3600 sm3840 snapscan sp15c st400 stv680 tamarack teco1 teco2 teco3 test u12 umax umax1220u umax_pp xerox_mfp -canon_pp -escl -hpsj5s -kvs40xx -mustek_pp -mustek_usb2 -pnm" 0 KiB
[ebuild  N     ] x11-base/xorg-proto-2024.1::gentoo to /usr/i586-tcc-linux-musl/ 0 KiB
[ebuild  N     ] www-client/lynx-2.9.2::gentoo to /usr/i586-tcc-linux-musl/ USE="ssl -brotli -bzip2 -cjk -gnutls -idn -nls -verify-sig" 0 KiB
[ebuild  N     ] sys-libs/gdbm-1.24:0/6::gentoo to /usr/i586-tcc-linux-musl/ USE="static-libs -berkdb -nls -readline -test -verify-sig" 0 KiB
[ebuild  N     ] sys-libs/db-6.0.35-r5:6.0::gentoo to /usr/i586-tcc-linux-musl/ USE="(-cxx) -doc -examples -tcl -test" 0 KiB
[ebuild  NS    ] sys-devel/automake-1.16.5-r2:1.16::gentoo [1.15.1-r2:1.15::gentoo] to /usr/i586-tcc-linux-musl/ USE="-test% -verify-sig%" 0 KiB
[ebuild  N     ] media-sound/timidity++-2.15.0-r6::gentoo to /usr/i586-tcc-linux-musl/ USE="flac ogg oss speex vorbis -X -Xaw3d -alsa -ao -emacs -gtk -jack -motif -nas -ncurses (-selinux) -slang (-tk)" 0 KiB
[ebuild  N     ]  media-sound/timidity-eawpatches-12-r5::gentoo to /usr/i586-tcc-linux-musl/ 0 KiB
[ebuild  N     ] dev-vcs/rcs-5.9.4::gentoo to /usr/i586-tcc-linux-musl/ USE="-doc" 0 KiB
[ebuild  N     ] dev-vcs/git-2.35.1::gentoo to /usr/i586-tcc-linux-musl/ USE="blksha1 curl gpg iconv -cgi -cvs -doc -gnome-keyring -highlight (-mediawiki) (-mediawiki-experimental) -nls -pcre -perforce -perl (-ppcsha1) (-selinux) -subversion -test -threads (-tk) -webdav -xinetd" PYTHON_SINGLE_TARGET="python3_8 -python3_9 -python3_10" 0 KiB
[ebuild  N     ] dev-util/dialog-1.3.20240307:0/15::gentoo to /usr/i586-tcc-linux-musl/ USE="unicode -examples -minimal -nls -verify-sig" 0 KiB
[ebuild  N     ] dev-libs/libgcrypt-1.10.3-r2:0/20::gentoo to /usr/i586-tcc-linux-musl/ USE="static-libs -asm -doc -getentropy -verify-sig" CPU_FLAGS_X86="-aes -avx -avx2 -padlock -sha -sse4_1" 0 KiB
[ebuild  N     ] dev-libs/libcdio-2.1.0-r2:0/19::gentoo to /usr/i586-tcc-linux-musl/ USE="static-libs -cddb (-cxx) -minimal -test" 0 KiB
[ebuild  N     ] dev-libs/libassuan-2.5.7::gentoo to /usr/i586-tcc-linux-musl/ USE="-verify-sig" 0 KiB
[ebuild  N     ] dev-lang/nasm-2.16.03::gentoo to /usr/i586-tcc-linux-musl/ USE="-doc" 0 KiB
[nomerge       ] sys-devel/binutils-2.32-r2:2.32::gentoo to /usr/i586-tcc-linux-musl/ USE="static-libs -default-gold -doc (-gold) -multitarget -nls -plugins -test" 
[ebuild  N     ]  virtual/yacc-0::gentoo to /usr/i586-tcc-linux-musl/ 0 KiB
[nomerge       ] sys-apps/usbutils-0.11::gentoo to /usr/i586-tcc-linux-musl/
[ebuild  N     ]  dev-libs/libusb-compat-0.1.8::gentoo to /usr/i586-tcc-linux-musl/ USE="(split-usr) -debug -examples" 0 KiB
[ebuild  N     ]   virtual/libusb-1-r2:1::gentoo to /usr/i586-tcc-linux-musl/ USE="-udev" 0 KiB
[nomerge       ] app-text/mupdf-1.8:0/1.8::gentoo to /usr/i586-tcc-linux-musl/ USE="curl static static-libs -X -javascript -libressl -opengl -openssl -vanilla" 
[ebuild  N     ]  media-libs/jbig2dec-0.20:0/0.20::gentoo to /usr/i586-tcc-linux-musl/ USE="png static-libs -test" 0 KiB
[nomerge       ] app-eselect/eselect-cdparanoia-0.1-r1::gentoo to /usr/i586-tcc-linux-musl/
[ebuild  N     ]  app-eselect/eselect-lib-bin-symlink-0.1.1-r1::gentoo to /usr/i586-tcc-linux-musl/ 0 KiB
[nomerge       ] media-gfx/sane-backends-1.1.1-r2::gentoo to /usr/i586-tcc-linux-musl/ USE="-gphoto2 -ipv6 -snmp (-systemd) -threads -usb -v4l -xinetd -zeroconf" SANE_BACKENDS="abaton agfafocus apple artec artec_eplus48u as6e avision bh canon canon630u canon_dr canon_lide70 cardscan coolscan coolscan2 coolscan3 dc25 dc210 dc240 dmc epjitsu epson epson2 fujitsu gt68xx hp hp3500 hp3900 hp4200 hp5400 hp5590 hpljm1005 hs2p ibm kodak kodakaio kvs20xx kvs1025 leo lexmark ma1509 magicolor matsushita microtek microtek2 mustek mustek_usb nec net niash p5 pie pieusb pixma plustek plustek_pp qcam ricoh ricoh2 rts8891 s9036 sceptre sharp sm3600 sm3840 snapscan sp15c st400 stv680 tamarack teco1 teco2 teco3 test u12 umax umax1220u umax_pp xerox_mfp -canon_pp -escl -hpsj5s -kvs40xx -mustek_pp -mustek_usb2 -pnm" 
[ebuild  N     ]  dev-libs/libxml2-2.13.5:2::gentoo to /usr/i586-tcc-linux-musl/ USE="static-libs -examples -icu -lzma -python -readline -test" PYTHON_TARGETS="python3_8 -python3_9 -python3_10 -python3_11" 0 KiB
[nomerge       ] media-libs/sdl-sound-1.0.3_p20220525::gentoo to /usr/i586-tcc-linux-musl/ USE="flac mikmod mp3 speex static-libs vorbis -modplug" 
[ebuild  N     ]  media-libs/libmikmod-3.3.11.1-r2::gentoo to /usr/i586-tcc-linux-musl/ USE="oss static-libs -alsa (-coreaudio) -debug -nas -openal -pulseaudio -threads" CPU_FLAGS_X86="(-sse2)" 0 KiB
[ebuild  N     ]  media-sound/mpg123-1.32.3-r100::gentoo to /usr/i586-tcc-linux-musl/ USE="oss -alsa (-coreaudio) -int-quality -ipv6 -jack -nas -portaudio -pulseaudio -sdl" CPU_FLAGS_X86="-3dnow -3dnowext -mmx -sse" 0 KiB
[nomerge       ] media-video/mplayer-1.4-r1::gentoo to /usr/i586-tcc-linux-musl/ USE="a52 bl dts dvd dvdnav encode faac fbcon gsm iconv joystick jpeg libcaca mng mp3 network oss png pvr radio sdl speex theora twolame unicode v4l vcd vorbis xvid yuv4mpeg -X -aalib -alsa (-altivec) (-aqua) -bidi -bluray -bs2b -cddb -cdio -cdparanoia -cpudetection -debug -dga -directfb -doc -dv -dvb -enca -faad -ftp -ggi -ipv6 -jack -ladspa -libass -libmpeg2 -lirc -live -lzo -mad -md5sum -nas -openal -opengl -osdmenu -pnm -pulseaudio -rar -rtc -rtmp -samba (-selinux) -shm -tga -toolame -tremor -truetype -vdpau -vidix -x264 -xinerama -xscreensaver -xv -zoran" CPU_FLAGS_X86="-3dnow -3dnowext -mmx -mmxext -sse -sse2 -ssse3" VIDEO_CARDS="-mga" 
[ebuild  N     ]  media-libs/xvid-1.3.7-r2::gentoo to /usr/i586-tcc-linux-musl/ USE="-examples" 0 KiB
[nomerge       ] net-dns/dnsmasq-2.90::gentoo to /usr/i586-tcc-linux-musl/ USE="dhcp dumpfile loop static -auth-dns -conntrack (-dbus) -dhcp-tools -dnssec -id -idn -inotify -ipv6 -libidn2 -lua -nettlehash -nls -script (-selinux) -tftp" LUA_SINGLE_TARGET="lua5-1 -lua5-3 -lua5-4 -luajit" 
[ebuild  N     ]  dev-libs/gmp-6.3.0-r1:0/10.4::gentoo to /usr/i586-tcc-linux-musl/ USE="(pic) static-libs -asm -cpudetection (-cxx) -doc" 0 KiB
[nomerge       ] net-misc/nemesis-1.8::gentoo to /usr/i586-tcc-linux-musl/
[ebuild  N     ]  net-libs/libnet-1.3-r1:1.1::gentoo to /usr/i586-tcc-linux-musl/ USE="static-libs -man -test" 0 KiB
[nomerge       ] sci-visualization/gnuplot-5.4.10::gentoo to /usr/i586-tcc-linux-musl/ USE="bitmap gd libcaca regis -X (-aqua) -cairo -doc -examples -ggi -latex -libcerf -lua (-qt5) -readline -wxwidgets" LUA_SINGLE_TARGET="lua5-1 -lua5-3 -lua5-4" 
[ebuild  N     ]  media-libs/gd-2.3.3-r4:2/3::gentoo to /usr/i586-tcc-linux-musl/ USE="jpeg png static-libs tiff -avif -fontconfig -heif -test -truetype -webp -xpm -zlib" CPU_FLAGS_X86="-sse" 0 KiB
[nomerge       ] sys-apps/usbutils-0.11::gentoo to /usr/i586-tcc-linux-musl/
[ebuild  N     ]  dev-libs/libusb-1.0.24-r1:1::gentoo to /usr/i586-tcc-linux-musl/ USE="(split-usr) static-libs -debug -doc -examples -test -udev" 0 KiB
[nomerge       ] media-video/mplayer-1.4-r1::gentoo to /usr/i586-tcc-linux-musl/ USE="a52 bl dts dvd dvdnav encode faac fbcon gsm iconv joystick jpeg libcaca mng mp3 network oss png pvr radio sdl speex theora twolame unicode v4l vcd vorbis xvid yuv4mpeg -X -aalib -alsa (-altivec) (-aqua) -bidi -bluray -bs2b -cddb -cdio -cdparanoia -cpudetection -debug -dga -directfb -doc -dv -dvb -enca -faad -ftp -ggi -ipv6 -jack -ladspa -libass -libmpeg2 -lirc -live -lzo -mad -md5sum -nas -openal -opengl -osdmenu -pnm -pulseaudio -rar -rtc -rtmp -samba (-selinux) -shm -tga -toolame -tremor -truetype -vdpau -vidix -x264 -xinerama -xscreensaver -xv -zoran" CPU_FLAGS_X86="-3dnow -3dnowext -mmx -mmxext -sse -sse2 -ssse3" VIDEO_CARDS="-mga" 
[ebuild  N     ]  media-libs/libtheora-1.1.1-r2::gentoo to /usr/i586-tcc-linux-musl/ USE="encode static-libs -doc -examples" 0 KiB
[ebuild  N     ]  media-sound/lame-3.100-r3::gentoo to /usr/i586-tcc-linux-musl/ USE="frontend static-libs -debug -mp3rtp -sndfile" CPU_FLAGS_X86="-mmx" 0 KiB
[ebuild  N     ]  media-sound/twolame-0.4.0::gentoo to /usr/i586-tcc-linux-musl/ USE="static-libs -sndfile -test" 0 KiB
[nomerge       ] net-misc/netkit-bootparamd-0.17-r5::gentoo to /usr/i586-tcc-linux-musl/ USE="(libtirpc)" 
[ebuild  N     ]  net-libs/libtirpc-1.3.5:0/3::gentoo to /usr/i586-tcc-linux-musl/ USE="(split-usr) static-libs -ipv6 -kerberos" 0 KiB
[ebuild  N     ] net-misc/curl-8.11.0::gentoo to /usr/i586-tcc-linux-musl/ USE="alt-svc ftp hsts imap openssl pop3 progress-meter smtp ssl static-libs telnet tftp -adns -brotli -curl_quic_ngtcp2 -curl_quic_openssl -debug -gnutls -gopher -http2 -http3 -idn -kerberos -ldap -mbedtls -psl -quic -rtmp -rustls -samba -ssh -sslv3 -test -verify-sig -websockets -zstd" CURL_SSL="openssl -gnutls -mbedtls -rustls" 0 KiB
[nomerge       ] media-gfx/fbida-2.10::gentoo to /usr/i586-tcc-linux-musl/ USE="fbcon gif pdf png tiff -X -curl -lirc -scanner -webp" 
[ebuild  N     ]  media-libs/freetype-2.13.3:2::gentoo to /usr/i586-tcc-linux-musl/ USE="cleartype-hinting png static-libs -X -adobe-cff -brotli -bzip2 -debug -doc -fontforge -harfbuzz -svg -utils" 0 KiB
[nomerge       ] media-sound/timidity++-2.15.0-r6::gentoo to /usr/i586-tcc-linux-musl/ USE="flac ogg oss speex vorbis -X -Xaw3d -alsa -ao -emacs -gtk -jack -motif -nas -ncurses (-selinux) -slang (-tk)" 
[ebuild  N     ]  media-libs/flac-1.4.3:0/10-12::gentoo to /usr/i586-tcc-linux-musl/ USE="ogg static-libs (-cxx) -debug" 0 KiB
[nomerge       ] sci-visualization/gnuplot-5.4.10::gentoo to /usr/i586-tcc-linux-musl/ USE="bitmap gd libcaca regis -X (-aqua) -cairo -doc -examples -ggi -latex -libcerf -lua (-qt5) -readline -wxwidgets" LUA_SINGLE_TARGET="lua5-1 -lua5-3 -lua5-4" 
[ebuild  N     ]  media-libs/libcaca-0.99_beta19-r11::gentoo to /usr/i586-tcc-linux-musl/ USE="static-libs -X -doc -imlib -ncurses -opengl -slang -test -truetype" 0 KiB
[nomerge       ] www-servers/lighttpd-1.4.76-r1::gentoo to /usr/i586-tcc-linux-musl/ USE="dbi pcre ssl system-xxhash xattr -brotli -doc -gnutls -ipv6 -kerberos -ldap -libdeflate -lua -maxminddb -mbedtls -mmap -nettle -nss (-php) -sasl (-selinux) -test -unwind -verify-sig -webdav -zlib -zstd" LUA_SINGLE_TARGET="lua5-1 -lua5-3 -lua5-4" 
[ebuild  N     ]  dev-libs/libpcre2-10.44-r1:0/3::gentoo to /usr/i586-tcc-linux-musl/ USE="pcre16 pcre32 static-libs unicode -bzip2 -jit -libedit -readline -valgrind -verify-sig -zlib" 0 KiB
[nomerge       ] media-video/mplayer-1.4-r1::gentoo to /usr/i586-tcc-linux-musl/ USE="a52 bl dts dvd dvdnav encode faac fbcon gsm iconv joystick jpeg libcaca mng mp3 network oss png pvr radio sdl speex theora twolame unicode v4l vcd vorbis xvid yuv4mpeg -X -aalib -alsa (-altivec) (-aqua) -bidi -bluray -bs2b -cddb -cdio -cdparanoia -cpudetection -debug -dga -directfb -doc -dv -dvb -enca -faad -ftp -ggi -ipv6 -jack -ladspa -libass -libmpeg2 -lirc -live -lzo -mad -md5sum -nas -openal -opengl -osdmenu -pnm -pulseaudio -rar -rtc -rtmp -samba (-selinux) -shm -tga -toolame -tremor -truetype -vdpau -vidix -x264 -xinerama -xscreensaver -xv -zoran" CPU_FLAGS_X86="-3dnow -3dnowext -mmx -mmxext -sse -sse2 -ssse3" VIDEO_CARDS="-mga" 
[ebuild  N     ]  media-libs/speex-1.2.1-r2::gentoo to /usr/i586-tcc-linux-musl/ USE="vbr -utils -valgrind" CPU_FLAGS_X86="-sse" 0 KiB
[ebuild  N     ]  media-libs/libvorbis-1.3.7-r1::gentoo to /usr/i586-tcc-linux-musl/ USE="static-libs -test" 0 KiB
[ebuild  N     ] app-shells/bash-5.1_p16-r13::gentoo to /usr/i586-tcc-linux-musl/ USE="(readline) -afs -bashlogger -examples (-mem-scramble) -net -nls -plugins -verify-sig" 0 KiB
[ebuild  N     ]  sys-libs/readline-8.2_p13-r1:0/8::gentoo to /usr/i586-tcc-linux-musl/ USE="static-libs (unicode) -utils -verify-sig" 0 KiB
[ebuild  N     ] sys-apps/util-linux-2.24.2::gentoo to /usr/i586-tcc-linux-musl/ USE="cramfs static-libs (unicode) -caps -cytune -fdformat -ncurses -nls -pam -python (-selinux) -slang -suid -test -tty-helpers -udev" PYTHON_SINGLE_TARGET="python3_8" 0 KiB
[ebuild  N     ]  virtual/pkgconfig-3::gentoo to /usr/i586-tcc-linux-musl/ USE="native-symlinks" 0 KiB
[ebuild  N     ]   dev-util/pkgconf-1.8.1:0/3::gentoo to /usr/i586-tcc-linux-musl/ USE="-test" 0 KiB
[ebuild  N     ] sys-apps/iproute2-2.4.7::gentoo to /usr/i586-tcc-linux-musl/ USE="minimal -atm -berkdb" 0 KiB
[ebuild  N     ]  sys-devel/bison-3.8.2-r2::gentoo to /usr/i586-tcc-linux-musl/ USE="static -examples -nls -test -verify-sig" 0 KiB
[ebuild  N     ] sys-apps/texinfo-6.8::gentoo to /usr/i586-tcc-linux-musl/ USE="standalone static -nls" 0 KiB
[ebuild  N     ] app-text/ghostscript-gpl-7.07b::gentoo to /usr/i586-tcc-linux-musl/ USE="static-libs -X" 0 KiB
[nomerge       ] www-client/links-2.30:2::gentoo to /usr/i586-tcc-linux-musl/ USE="fbcon gpm jpeg ssl tiff -X -avif -brotli -bzip2 -freetype -ipv6 -libevent -livecd -lzip -lzma (-selinux) -suid -svga -webp -zlib -zstd" 
[ebuild  N     ]  media-libs/tiff-4.7.0-r1:0/6::gentoo to /usr/i586-tcc-linux-musl/ USE="jpeg static-libs (-cxx) -jbig -lerc -lzma -opengl -test -verify-sig -webp -zlib -zstd" 0 KiB
[ebuild  N     ]   virtual/jpeg-100-r1::gentoo to /usr/i586-tcc-linux-musl/ USE="static-libs" 0 KiB
[ebuild  N     ]    media-libs/jpeg-9d::gentoo to /usr/i586-tcc-linux-musl/ USE="static-libs" 0 KiB
[ebuild  N     ] dev-libs/expat-2.6.3::gentoo to /usr/i586-tcc-linux-musl/ USE="static-libs unicode -examples -test" 0 KiB
[ebuild  N     ] dev-lang/yasm-1.3.0-r2::gentoo to /usr/i586-tcc-linux-musl/ USE="-nls" 0 KiB
[nomerge       ] media-sound/timidity-freepats-20060219-r1::gentoo to /usr/i586-tcc-linux-musl/
[ebuild  N     ]  app-eselect/eselect-timidity-20110513::gentoo to /usr/i586-tcc-linux-musl/ 0 KiB
[nomerge       ] media-video/ffmpeg-4.3.1:0/56.58.58::gentoo to /usr/i586-tcc-linux-musl/ USE="encode gpl gsm iconv libcaca mp3 network opus oss (pic) postproc sixel speex static-libs theora twolame v4l vorbis webp xvid -X -alsa -amr -amrenc (-appkit) -armv6 -bluray -bs2b -bzip2 -cdio -chromaprint -chromium -codec2 -cpudetection (-cuda) -dav1d -debug -doc -fdk -flite -fontconfig -frei0r -fribidi -gcrypt -gme -gmp -gnutls -hardcoded-tables -iec61883 -ieee1394 -jack -jpeg2k -kvazaar -ladspa -libaom -libaribb24 -libass -libdrm -libilbc -libressl -librtmp -libsoxr -libtesseract -libv4l -libxml2 -lv2 -lzma (-mipsdspr1) (-mipsdspr2) (-mipsfpu) (-mmal) -modplug -openal -opencl -opengl -openh264 -openssl -pulseaudio -rav1e -rubberband -samba -sdl -snappy -srt -ssh -svg -test -threads -truetype -vaapi -vdpau -vidstab -vpx -vulkan -wavpack -x264 -x265 -zeromq -zimg -zlib -zvbi" CPU_FLAGS_X86="-3dnow -3dnowext -aes -avx -avx2 -fma3 -fma4 -mmx -mmxext -sse -sse2 -sse3 -sse4_1 -sse4_2 -ssse3 -xop" FFTOOLS="aviocat ffescape ffeval ffhash fourcc2pixfmt graph2dot ismindex pktdumper qt-faststart sidxindex trasher" VIDEO_CARDS="-nvidia" 
[ebuild  N     ]  media-libs/opus-1.3.1-r3::gentoo to /usr/i586-tcc-linux-musl/ USE="static-libs -custom-modes -doc" CPU_FLAGS_X86="-sse" 0 KiB
[ebuild  N     ] sys-devel/flex-2.6.4-r6::gentoo to /usr/i586-tcc-linux-musl/ USE="static -nls -test" 0 KiB
[ebuild  N     ] dev-libs/libgpg-error-1.51::gentoo to /usr/i586-tcc-linux-musl/ USE="static-libs -common-lisp -nls -test -verify-sig" 0 KiB
[nomerge       ] net-misc/arpd-0.2-r1::gentoo to /usr/i586-tcc-linux-musl/
[ebuild  N     ]  net-libs/libpcap-1.9.1-r3::gentoo to /usr/i586-tcc-linux-musl/ USE="static-libs -bluetooth (-dbus) -ipv6 -netlink -rdma -remote -usb -yydebug" 0 KiB
[ebuild  N     ] dev-db/sqlite-3.30.1:3::gentoo to /usr/i586-tcc-linux-musl/ USE="static-libs -debug -doc -icu -readline -secure-delete -tcl -test -tools" 0 KiB
[ebuild  N     ] app-crypt/gnupg-1.4.23::gentoo to /usr/i586-tcc-linux-musl/ USE="static -bzip2 -curl -ldap -mta -nls -readline (-selinux) -smartcard -usb -zlib" 0 KiB
[nomerge       ] sys-apps/systrace-1.6g::gentoo to /usr/i586-tcc-linux-musl/
[ebuild  N     ]  dev-libs/libevent-2.1.12-r1:0/2.1-7::gentoo to /usr/i586-tcc-linux-musl/ USE="clock-gettime ssl static-libs -debug -malloc-replacement -test -verbose-debug -verify-sig" 0 KiB
[nomerge       ] media-video/ffmpeg-4.3.1:0/56.58.58::gentoo to /usr/i586-tcc-linux-musl/ USE="encode gpl gsm iconv libcaca mp3 network opus oss (pic) postproc sixel speex static-libs theora twolame v4l vorbis webp xvid -X -alsa -amr -amrenc (-appkit) -armv6 -bluray -bs2b -bzip2 -cdio -chromaprint -chromium -codec2 -cpudetection (-cuda) -dav1d -debug -doc -fdk -flite -fontconfig -frei0r -fribidi -gcrypt -gme -gmp -gnutls -hardcoded-tables -iec61883 -ieee1394 -jack -jpeg2k -kvazaar -ladspa -libaom -libaribb24 -libass -libdrm -libilbc -libressl -librtmp -libsoxr -libtesseract -libv4l -libxml2 -lv2 -lzma (-mipsdspr1) (-mipsdspr2) (-mipsfpu) (-mmal) -modplug -openal -opencl -opengl -openh264 -openssl -pulseaudio -rav1e -rubberband -samba -sdl -snappy -srt -ssh -svg -test -threads -truetype -vaapi -vdpau -vidstab -vpx -vulkan -wavpack -x264 -x265 -zeromq -zimg -zlib -zvbi" CPU_FLAGS_X86="-3dnow -3dnowext -aes -avx -avx2 -fma3 -fma4 -mmx -mmxext -sse -sse2 -sse3 -sse4_1 -sse4_2 -ssse3 -xop" FFTOOLS="aviocat ffescape ffeval ffhash fourcc2pixfmt graph2dot ismindex pktdumper qt-faststart sidxindex trasher" VIDEO_CARDS="-nvidia" 
[nomerge       ]  media-libs/libtheora-1.1.1-r2::gentoo to /usr/i586-tcc-linux-musl/ USE="encode static-libs -doc -examples" 
[nomerge       ]   media-libs/libvorbis-1.3.7-r1::gentoo to /usr/i586-tcc-linux-musl/ USE="static-libs -test" 
[ebuild  N     ]    media-libs/libogg-1.3.5-r1::gentoo to /usr/i586-tcc-linux-musl/ USE="static-libs" 0 KiB
[nomerge       ] www-client/w3m-0.5.3_p20230121::gentoo to /usr/i586-tcc-linux-musl/ USE="sixel ssl unicode -X -fbcon -gdk-pixbuf -gpm -imlib -lynxkeymap -nls -nntp -xface" L10N="-ja" 
[nomerge       ]  media-libs/libsixel-9999::gentoo to /usr/i586-tcc-linux-musl/ USE="static-libs -curl" 
[ebuild  N     ]   media-libs/libpng-1.6.44:0/16::gentoo to /usr/i586-tcc-linux-musl/ USE="static-libs -apng -test" CPU_FLAGS_X86="-sse" 0 KiB
[ebuild  N     ] app-misc/pax-utils-1.3.4::gentoo to /usr/i586-tcc-linux-musl/ USE="-caps -debug -python (-seccomp)" PYTHON_SINGLE_TARGET="python3_8 -python3_9 -python3_10" 0 KiB
[ebuild  N     ] sys-apps/shadow-4.8.1-r4::gentoo to /usr/i586-tcc-linux-musl/ USE="(split-usr) -acl -audit -bcrypt -cracklib -nls -pam (-selinux) -skey -su" 0 KiB
[nomerge       ] net-misc/rsync-3.3.0-r1::gentoo to /usr/i586-tcc-linux-musl/ USE="iconv ssl xattr -acl -examples -lz4 -rrsync -stunnel -system-zlib -verify-sig -xxhash -zstd" PYTHON_SINGLE_TARGET="python3_8 -python3_9 -python3_10 -python3_11" 
[ebuild  N     ]  dev-libs/popt-1.19-r1::gentoo to /usr/i586-tcc-linux-musl/ USE="static-libs -nls" 0 KiB
[ebuild  N     ] sys-apps/gawk-5.2.2::gentoo to /usr/i586-tcc-linux-musl/ USE="-mpfr -nls -pma -readline -verify-sig" 0 KiB
[ebuild  N     ] sys-libs/fts-standalone-1.2.7-r1::gentoo to /usr/i586-tcc-linux-musl/ USE="static-libs" 0 KiB
[ebuild  N     ] app-admin/eselect-1.4.28::gentoo to /usr/i586-tcc-linux-musl/ USE="-doc -emacs -vim-syntax" 0 KiB
[ebuild  N     ]  sys-apps/file-5.45-r4::gentoo to /usr/i586-tcc-linux-musl/ USE="static-libs -bzip2 -lzip -lzma -python (-seccomp) -verify-sig -zlib -zstd" PYTHON_TARGETS="python3_8 -python3_9 -python3_10 -python3_11" 0 KiB
[nomerge       ] dev-util/ctags-20240609.0::gentoo to /usr/i586-tcc-linux-musl/ USE="pcre -json (-seccomp) -test -xml -yaml" 
[ebuild  N     ]  app-eselect/eselect-ctags-1.19::gentoo  0 KiB
[nomerge       ] media-video/mplayer-1.4-r1::gentoo to /usr/i586-tcc-linux-musl/ USE="a52 bl dts dvd dvdnav encode faac fbcon gsm iconv joystick jpeg libcaca mng mp3 network oss png pvr radio sdl speex theora twolame unicode v4l vcd vorbis xvid yuv4mpeg -X -aalib -alsa (-altivec) (-aqua) -bidi -bluray -bs2b -cddb -cdio -cdparanoia -cpudetection -debug -dga -directfb -doc -dv -dvb -enca -faad -ftp -ggi -ipv6 -jack -ladspa -libass -libmpeg2 -lirc -live -lzo -mad -md5sum -nas -openal -opengl -osdmenu -pnm -pulseaudio -rar -rtc -rtmp -samba (-selinux) -shm -tga -toolame -tremor -truetype -vdpau -vidix -x264 -xinerama -xscreensaver -xv -zoran" CPU_FLAGS_X86="-3dnow -3dnowext -mmx -mmxext -sse -sse2 -ssse3" VIDEO_CARDS="-mga" 
[nomerge       ]  media-sound/mpg123-1.32.3-r100::gentoo to /usr/i586-tcc-linux-musl/ USE="oss -alsa (-coreaudio) -int-quality -ipv6 -jack -nas -portaudio -pulseaudio -sdl" CPU_FLAGS_X86="-3dnow -3dnowext -mmx -sse" 
[ebuild  N     ]   app-eselect/eselect-mpg123-0.1-r1::gentoo  0 KiB
[ebuild  N     ] sys-apps/pciutils-3.7.0-r2::gentoo to /usr/i586-tcc-linux-musl/ USE="static-libs -dns -kmod -udev -zlib" 0 KiB
[nomerge       ] app-misc/muttprint-0.73-r5::gentoo to /usr/i586-tcc-linux-musl/ USE="-doc" 
[ebuild  N     ]  dev-perl/TimeDate-2.330.0-r1::gentoo to /usr/i586-tcc-linux-musl/ USE="-test" 0 KiB
[ebuild  N     ] sys-apps/man-pages-posix-2017a-r1::gentoo to /usr/i586-tcc-linux-musl/ 0 KiB
[ebuild  N     ]  virtual/man-0-r4::gentoo to /usr/i586-tcc-linux-musl/ 0 KiB
[ebuild  N     ]   app-text/mandoc-1.14.6::gentoo to /usr/i586-tcc-linux-musl/ USE="system-man -cgi" 0 KiB
[nomerge       ] sys-process/at-3.2.5-r2::gentoo to /usr/i586-tcc-linux-musl/ USE="-pam (-selinux)" 
[ebuild  N     ]  virtual/logger-0-r1::gentoo to /usr/i586-tcc-linux-musl/ 0 KiB
[nomerge       ] net-misc/netkit-talk-0.17-r8::gentoo to /usr/i586-tcc-linux-musl/
[ebuild  N     ]  virtual/inetd-1::gentoo to /usr/i586-tcc-linux-musl/ 0 KiB
[ebuild  N     ]   net-misc/ipsvd-1.0.0-r3::gentoo to /usr/i586-tcc-linux-musl/ USE="static" 0 KiB
[nomerge       ] app-admin/logrotate-3.22.0::gentoo to /usr/i586-tcc-linux-musl/ USE="cron -acl (-selinux) -verify-sig" 
[ebuild  N     ]  virtual/cron-0-r3::gentoo to /usr/i586-tcc-linux-musl/ 0 KiB
[nomerge       ] app-text/ghostscript-gpl-7.07b::gentoo to /usr/i586-tcc-linux-musl/ USE="static-libs -X" 
[ebuild  N     ]  media-fonts/urw-fonts-20230503-r1::gentoo to /usr/i586-tcc-linux-musl/ USE="-X" 0 KiB
[ebuild  N     ]  app-text/poppler-data-0.4.12::gentoo to /usr/i586-tcc-linux-musl/ 0 KiB
[nomerge       ] mail-client/mutt-2.2.13::gentoo to /usr/i586-tcc-linux-musl/ USE="gdbm hcache imap mbox nls pgp-classic pop sasl smime-classic smtp ssl -autocrypt -berkdb -debug -doc -gnutls -gpgme -gsasl -idn -kerberos -lmdb (-prefix) -qdbm (-selinux) -slang -tokyocabinet -vanilla" 
[ebuild  N     ]  app-misc/mime-types-2.1.54::gentoo to /usr/i586-tcc-linux-musl/ USE="-nginx" 0 KiB
[ebuild  N     ]  net-mail/mailbase-1.8.1::gentoo to /usr/i586-tcc-linux-musl/ USE="-pam" 0 KiB
[nomerge       ] media-gfx/fbida-2.10::gentoo to /usr/i586-tcc-linux-musl/ USE="fbcon gif pdf png tiff -X -curl -lirc -scanner -webp" 
[ebuild  N     ]  media-libs/giflib-5.2.2:0/7::gentoo to /usr/i586-tcc-linux-musl/ USE="static-libs -doc" 0 KiB
[nomerge       ] net-dialup/diald-1.0-r3::gentoo to /usr/i586-tcc-linux-musl/ USE="-pam" 
[ebuild  N     ]  sys-apps/tcp-wrappers-7.6.31-r1::gentoo to /usr/i586-tcc-linux-musl/ USE="static-libs -ipv6 -netgroups (-selinux)" 0 KiB
[nomerge       ] net-ftp/vsftpd-3.0.5-r1::gentoo to /usr/i586-tcc-linux-musl/ USE="ssl -pam -tcpd" 
[ebuild  N     ]  net-ftp/ftpbase-0.01-r6::gentoo to /usr/i586-tcc-linux-musl/ USE="-pam -zeroconf" 0 KiB
[nomerge       ] net-p2p/transmission-3.00-r1::gentoo to /usr/i586-tcc-linux-musl/ USE="-ayatana -gtk -lightweight (-qt4) (-qt5) (-systemd) -xfs" 
[ebuild  N     ]  net-libs/libnatpmp-20230423-r1::gentoo to /usr/i586-tcc-linux-musl/ 0 KiB
[nomerge       ] sys-apps/pciutils-3.7.0-r2::gentoo to /usr/i586-tcc-linux-musl/ USE="static-libs -dns -kmod -udev -zlib" 
[ebuild  N     ]  sys-apps/hwdata-0.383::gentoo to /usr/i586-tcc-linux-musl/ 0 KiB
[nomerge       ] www-servers/lighttpd-1.4.76-r1::gentoo to /usr/i586-tcc-linux-musl/ USE="dbi pcre ssl system-xxhash xattr -brotli -doc -gnutls -ipv6 -kerberos -ldap -libdeflate -lua -maxminddb -mbedtls -mmap -nettle -nss (-php) -sasl (-selinux) -test -unwind -verify-sig -webdav -zlib -zstd" LUA_SINGLE_TARGET="lua5-1 -lua5-3 -lua5-4" 
[ebuild  N     ]  dev-libs/xxhash-0.8.2::gentoo to /usr/i586-tcc-linux-musl/ 0 KiB
[nomerge       ] x11-base/xorg-proto-2024.1::gentoo to /usr/i586-tcc-linux-musl/
[ebuild  N     ]  x11-misc/util-macros-1.20.2::gentoo to /usr/i586-tcc-linux-musl/ 0 KiB
[nomerge       ] sys-apps/portage-3.0.30-r5::gentoo to /usr/i586-tcc-linux-musl/ USE="(ipc) lzz native-extensions xattr -apidoc -build -doc -gentoo-dev -rsync-verify (-selinux) -test" PYTHON_TARGETS="python3_8 -pypy3 -python3_9 -python3_10 -python3_11" 
[ebuild  N     ]  sys-apps/install-xattr-0.8-r1::gentoo to /usr/i586-tcc-linux-musl/ 0 KiB
[nomerge       ] sys-devel/crossdev-20240921::gentoo to /usr/i586-tcc-linux-musl/
[ebuild  N     ]  sys-apps/config-site-0::gentoo to /usr/i586-tcc-linux-musl/ 0 KiB
[ebuild  N     ] sys-fs/mtools-4.0.40::gentoo to /usr/i586-tcc-linux-musl/ USE="-X" 0 KiB
[ebuild  N     ] net-dialup/ppp-2.3.9:0/2.3.9::gentoo to /usr/i586-tcc-linux-musl/ 0 KiB
[ebuild  N     ]  net-dialup/ppp-scripts-0::gentoo to /usr/i586-tcc-linux-musl/ 0 KiB
[ebuild  N     ] mail-client/mailx-support-20060102-r3::gentoo to /usr/i586-tcc-linux-musl/ 0 KiB
[ebuild  N     ] app-text/tree-2.0.1::gentoo to /usr/i586-tcc-linux-musl/ 0 KiB
[nomerge       ] mail-client/mailx-8.1.2.20220412::gentoo to /usr/i586-tcc-linux-musl/
[ebuild  N     ]  virtual/mta-1-r2::gentoo to /usr/i586-tcc-linux-musl/ 0 KiB
[nomerge       ] mail-client/mutt-2.2.13::gentoo to /usr/i586-tcc-linux-musl/ USE="gdbm hcache imap mbox nls pgp-classic pop sasl smime-classic smtp ssl -autocrypt -berkdb -debug -doc -gnutls -gpgme -gsasl -idn -kerberos -lmdb (-prefix) -qdbm (-selinux) -slang -tokyocabinet -vanilla" 
[ebuild  N     ]  virtual/libintl-0-r2::gentoo to /usr/i586-tcc-linux-musl/ 0 KiB
[nomerge       ] media-video/mplayer-1.4-r1::gentoo to /usr/i586-tcc-linux-musl/ USE="a52 bl dts dvd dvdnav encode faac fbcon gsm iconv joystick jpeg libcaca mng mp3 network oss png pvr radio sdl speex theora twolame unicode v4l vcd vorbis xvid yuv4mpeg -X -aalib -alsa (-altivec) (-aqua) -bidi -bluray -bs2b -cddb -cdio -cdparanoia -cpudetection -debug -dga -directfb -doc -dv -dvb -enca -faad -ftp -ggi -ipv6 -jack -ladspa -libass -libmpeg2 -lirc -live -lzo -mad -md5sum -nas -openal -opengl -osdmenu -pnm -pulseaudio -rar -rtc -rtmp -samba (-selinux) -shm -tga -toolame -tremor -truetype -vdpau -vidix -x264 -xinerama -xscreensaver -xv -zoran" CPU_FLAGS_X86="-3dnow -3dnowext -mmx -mmxext -sse -sse2 -ssse3" VIDEO_CARDS="-mga" 
[ebuild  N     ]  media-sound/gsm-1.0.22_p1::gentoo to /usr/i586-tcc-linux-musl/ 0 KiB
[ebuild  N     ] sys-devel/binutils-config-5.5.2::gentoo to /usr/i586-tcc-linux-musl/ USE="(native-symlinks)" 0 KiB
[ebuild  N     ] sys-libs/queue-standalone-0.1-r1::gentoo to /usr/i586-tcc-linux-musl/ 0 KiB
[nomerge       ] sys-devel/crossdev-20240921::gentoo to /usr/i586-tcc-linux-musl/
[ebuild  N     ]  sys-apps/gentoo-functions-0.19::gentoo to /usr/i586-tcc-linux-musl/ 0 KiB
[ebuild  N     ] virtual/os-headers-0-r2::gentoo to /usr/i586-tcc-linux-musl/ 0 KiB

Total: 420 packages (419 new, 1 in new slot), Size of downloads: 0 KiB

WARNING: Requested packages will not be merged because they are listed in
package.provided:

  app-admin/entr pulled in by 'args'
  app-admin/metalog pulled in by 'args'
  app-arch/bzip2 pulled in by 'args'
  app-arch/cpio pulled in by 'args'
  app-arch/gzip pulled in by 'args'
  app-arch/mt-st pulled in by 'args'
  app-arch/tar pulled in by 'args'
  app-arch/unzip pulled in by 'args'
  app-text/dos2unix pulled in by 'args'
  app-text/texi2html pulled in by 'args'
  net-analyzer/arp-sk pulled in by 'args'
  net-analyzer/netcat pulled in by 'args'
  net-analyzer/traceroute pulled in by 'args'
  net-dialup/lrzsz pulled in by 'args'
  net-firewall/ebtables pulled in by 'args'
  net-misc/adjtimex pulled in by 'args'
  net-misc/fakeidentd pulled in by 'args'
  net-misc/ipcalc pulled in by 'args'
  net-misc/rdate pulled in by 'args'
  net-misc/sdhcp pulled in by 'args'
  net-misc/telnet-bsd pulled in by 'args'
  net-misc/vconfig pulled in by 'args'
  net-misc/wget pulled in by 'args'
  sys-apps/coreutils pulled in by 'args'
  sys-apps/diffutils pulled in by 'args'
  sys-apps/ed pulled in by 'args'
  sys-apps/fbset pulled in by 'args'
  sys-apps/findutils pulled in by 'args'
  sys-apps/grep pulled in by 'args'
  sys-apps/less pulled in by 'args'
  sys-apps/net-tools pulled in by 'args'
  sys-apps/sed pulled in by 'args'
  sys-apps/which pulled in by 'args'
  sys-devel/bc pulled in by 'args'
  sys-devel/gcc pulled in by 'args'
  sys-devel/gcc-config pulled in by 'args'
  sys-devel/libtool pulled in by 'args'
  sys-devel/patch pulled in by 'args'
  sys-fs/e2fsprogs pulled in by 'args'
  sys-fs/mdadm pulled in by 'args'
  sys-fs/nilfs-utils pulled in by 'args'
  sys-kernel/linux-headers pulled in by 'args'
  sys-libs/ncurses pulled in by 'args'
  sys-process/cronbase pulled in by 'args'
  sys-process/dcron pulled in by 'args'
  sys-process/procps pulled in by 'args'
  sys-process/psmisc pulled in by 'args'
  app-admin/perl-cleaner pulled in by 'args'


>>> Recording app-misc/ca-certificates in "world" favorites file...
>>> Recording sys-apps/help2man in "world" favorites file...
>>> Recording sys-devel/m4 in "world" favorites file...
>>> Verifying ebuild manifests
>>> Running pre-merge checks for app-text/mandoc-1.14.6
>>> Running pre-merge checks for media-libs/freetype-2.13.3
>>> Running pre-merge checks for dev-libs/gmp-6.3.0-r1
>>> Running pre-merge checks for dev-libs/libgcrypt-1.10.3-r2
>>> Running pre-merge checks for sys-apps/portage-3.0.30-r5
 * Disabling USE=native-extensions for cross-compilation (bug #612158)
 * Determining the location of the kernel source code
 * Unable to find kernel sources at /usr/i586-tcc-linux-musl/usr/src/linux
 * Please ensure that the KERNEL_DIR environment variable points at full Linux sources of the kernel you wish to compile against.
 * Unable to calculate Linux Kernel version for build, attempting to use running version
 * Unable to check for the following kernel config options due
 * to absence of any configured kernel sources or compiled
 * config:
 *  - IPC_NS
 *  - PID_NS
 *  - NET_NS
 *  - UTS_NS
 * You're on your own to make sure they are set if needed.
>>> Running pre-merge checks for sys-libs/gpm-1.20.7-r6
 * Determining the location of the kernel source code
 * Unable to find kernel sources at /usr/i586-tcc-linux-musl/usr/src/linux
 * Please ensure that the KERNEL_DIR environment variable points at full Linux sources of the kernel you wish to compile against.
 * Unable to calculate Linux Kernel version for build, attempting to use running version
 * Unable to check for the following kernel config options due
 * to absence of any configured kernel sources or compiled
 * config:
 *  - INPUT_MOUSEDEV - CONFIG_INPUT_MOUSEDEV:	is not set (required to expose mice for GPM)
 * You're on your own to make sure they are set if needed.
>>> Running pre-merge checks for media-gfx/graphicsmagick-1.3.45-r1
>>> Running pre-merge checks for net-dns/dnsmasq-2.90
 * Only sys-libs/gmp and dev-libs/nettle are statically linked.
 * Thus, dnsmasq-2.90[!dnssec,static] makes no sense; in this case the static USE flag does nothing.
>>> Running pre-merge checks for net-proxy/privoxy-3.0.34
>>> Jobs: 0 of 420 complete, 1 running              Load avg: 1.37, 1.50, 1.53
>>> Emerging (1 of 420) virtual/os-headers-0-r2::gentoo for /usr/i586-tcc-linux-musl/
>>> Jobs: 0 of 420 complete, 1 running              Load avg: 1.37, 1.50, 1.53
>>> Jobs: 0 of 420 complete, 2 running              Load avg: 1.37, 1.50, 1.53
>>> Emerging (2 of 420) sys-apps/gentoo-functions-0.19::gentoo for /usr/i586-tcc-linux-musl/
>>> Jobs: 0 of 420 complete, 2 running              Load avg: 1.37, 1.50, 1.53
>>> Jobs: 0 of 420 complete, 3 running              Load avg: 1.37, 1.50, 1.53
>>> Emerging (3 of 420) sys-libs/queue-standalone-0.1-r1::gentoo for /usr/i586-tcc-linux-musl/
>>> Jobs: 0 of 420 complete, 3 running              Load avg: 1.37, 1.50, 1.53
>>> Jobs: 0 of 420 complete, 4 running              Load avg: 1.37, 1.50, 1.53
>>> Emerging (4 of 420) media-sound/gsm-1.0.22_p1::gentoo for /usr/i586-tcc-linux-musl/
>>> Jobs: 0 of 420 complete, 4 running              Load avg: 1.37, 1.50, 1.53
>>> Jobs: 0 of 420 complete, 5 running              Load avg: 1.37, 1.50, 1.53
>>> Emerging (5 of 420) virtual/libintl-0-r2::gentoo for /usr/i586-tcc-linux-musl/
>>> Jobs: 0 of 420 complete, 5 running              Load avg: 1.37, 1.50, 1.53
>>> Jobs: 0 of 420 complete, 4 running              Load avg: 2.48, 1.74, 1.61
>>> Jobs: 0 of 420 complete, 5 running              Load avg: 2.48, 1.74, 1.61
>>> Emerging (6 of 420) virtual/mta-1-r2::gentoo for /usr/i586-tcc-linux-musl/
>>> Jobs: 0 of 420 complete, 5 running              Load avg: 2.48, 1.74, 1.61
>>> Jobs: 0 of 420 complete, 4 running              Load avg: 2.48, 1.74, 1.61
>>> Jobs: 0 of 420 complete, 3 running              Load avg: 2.48, 1.74, 1.61
>>> Jobs: 0 of 420 complete, 4 running              Load avg: 2.48, 1.74, 1.61
>>> Emerging (7 of 420) app-text/tree-2.0.1::gentoo for /usr/i586-tcc-linux-musl/
>>> Jobs: 0 of 420 complete, 4 running              Load avg: 2.48, 1.74, 1.61
>>> Jobs: 0 of 420 complete, 5 running              Load avg: 2.48, 1.74, 1.61
>>> Emerging (8 of 420) mail-client/mailx-support-20060102-r3::gentoo for /usr/i586-tcc-linux-musl/
>>> Jobs: 0 of 420 complete, 5 running              Load avg: 2.48, 1.74, 1.61
>>> Installing (5 of 420) virtual/libintl-0-r2::gentoo to /usr/i586-tcc-linux-musl/
>>> Jobs: 0 of 420 complete, 5 running              Load avg: 2.76, 1.81, 1.63
>>> Jobs: 0 of 420 complete, 4 running              Load avg: 2.76, 1.81, 1.63
>>> Jobs: 0 of 420 complete, 5 running              Load avg: 2.76, 1.81, 1.63
>>> Emerging (9 of 420) net-dialup/ppp-scripts-0::gentoo for /usr/i586-tcc-linux-musl/
>>> Jobs: 0 of 420 complete, 5 running              Load avg: 2.76, 1.81, 1.63
>>> Installing (4 of 420) media-sound/gsm-1.0.22_p1::gentoo to /usr/i586-tcc-linux-musl/
>>> Jobs: 0 of 420 complete, 5 running              Load avg: 2.34, 1.75, 1.61
>>> Jobs: 0 of 420 complete, 4 running              Load avg: 2.34, 1.75, 1.61
>>> Jobs: 0 of 420 complete, 5 running              Load avg: 2.34, 1.75, 1.61
>>> Emerging (10 of 420) sys-fs/mtools-4.0.40::gentoo for /usr/i586-tcc-linux-musl/
>>> Jobs: 0 of 420 complete, 5 running              Load avg: 2.34, 1.75, 1.61
>>> Installing (6 of 420) virtual/mta-1-r2::gentoo to /usr/i586-tcc-linux-musl/
>>> Jobs: 0 of 420 complete, 5 running              Load avg: 2.44, 1.80, 1.63
>>> Jobs: 0 of 420 complete, 4 running              Load avg: 2.44, 1.80, 1.63
>>> Jobs: 0 of 420 complete, 5 running              Load avg: 2.44, 1.80, 1.63
>>> Emerging (11 of 420) sys-apps/config-site-0::gentoo for /usr/i586-tcc-linux-musl/
>>> Jobs: 0 of 420 complete, 5 running              Load avg: 2.44, 1.80, 1.63
>>> Jobs: 1 of 420 complete, 5 running              Load avg: 2.49, 1.82, 1.64
>>> Jobs: 2 of 420 complete, 5 running              Load avg: 2.49, 1.82, 1.64
>>> Jobs: 3 of 420 complete, 5 running              Load avg: 2.49, 1.82, 1.64
>>> Installing (8 of 420) mail-client/mailx-support-20060102-r3::gentoo to /usr/i586-tcc-linux-musl/
>>> Jobs: 3 of 420 complete, 5 running              Load avg: 2.77, 1.89, 1.66
>>> Jobs: 3 of 420 complete, 4 running              Load avg: 2.77, 1.89, 1.66
>>> Jobs: 3 of 420 complete, 5 running              Load avg: 2.77, 1.89, 1.66
>>> Emerging (12 of 420) sys-apps/install-xattr-0.8-r1::gentoo for /usr/i586-tcc-linux-musl/
>>> Jobs: 3 of 420 complete, 5 running              Load avg: 2.77, 1.89, 1.66
>>> Recording mail-client/mailx-support in "world" favorites file...
>>> Jobs: 3 of 420 complete, 5 running              Load avg: 2.79, 1.90, 1.67
>>> Jobs: 4 of 420 complete, 5 running              Load avg: 2.79, 1.90, 1.67
>>> Installing (7 of 420) app-text/tree-2.0.1::gentoo to /usr/i586-tcc-linux-musl/
>>> Jobs: 4 of 420 complete, 5 running              Load avg: 3.21, 2.02, 1.71
>>> Jobs: 4 of 420 complete, 4 running              Load avg: 3.21, 2.02, 1.71
>>> Jobs: 4 of 420 complete, 5 running              Load avg: 3.21, 2.02, 1.71
>>> Emerging (13 of 420) x11-misc/util-macros-1.20.2::gentoo for /usr/i586-tcc-linux-musl/
>>> Jobs: 4 of 420 complete, 5 running              Load avg: 3.21, 2.02, 1.71
>>> Recording app-text/tree in "world" favorites file...
>>> Jobs: 4 of 420 complete, 5 running              Load avg: 3.19, 2.04, 1.72
>>> Jobs: 5 of 420 complete, 5 running              Load avg: 3.19, 2.04, 1.72
>>> Installing (12 of 420) sys-apps/install-xattr-0.8-r1::gentoo to /usr/i586-tcc-linux-musl/
>>> Jobs: 5 of 420 complete, 5 running              Load avg: 3.34, 2.09, 1.73
>>> Jobs: 5 of 420 complete, 4 running              Load avg: 3.34, 2.09, 1.73
>>> Jobs: 5 of 420 complete, 5 running              Load avg: 3.34, 2.09, 1.73
>>> Emerging (14 of 420) dev-libs/xxhash-0.8.2::gentoo for /usr/i586-tcc-linux-musl/
>>> Jobs: 5 of 420 complete, 5 running              Load avg: 3.34, 2.09, 1.73
>>> Jobs: 6 of 420 complete, 5 running              Load avg: 3.42, 2.15, 1.76
>>> Installing (11 of 420) sys-apps/config-site-0::gentoo to /usr/i586-tcc-linux-musl/
>>> Jobs: 6 of 420 complete, 5 running              Load avg: 3.42, 2.15, 1.76
>>> Jobs: 6 of 420 complete, 4 running              Load avg: 3.42, 2.15, 1.76
>>> Jobs: 6 of 420 complete, 5 running              Load avg: 3.42, 2.15, 1.76
>>> Emerging (15 of 420) sys-apps/hwdata-0.383::gentoo for /usr/i586-tcc-linux-musl/
>>> Jobs: 6 of 420 complete, 5 running              Load avg: 3.42, 2.15, 1.76
>>> Installing (9 of 420) net-dialup/ppp-scripts-0::gentoo to /usr/i586-tcc-linux-musl/
>>> Jobs: 6 of 420 complete, 5 running              Load avg: 3.42, 2.15, 1.76
>>> Jobs: 6 of 420 complete, 4 running              Load avg: 3.42, 2.15, 1.76
>>> Jobs: 6 of 420 complete, 5 running              Load avg: 3.42, 2.15, 1.76
>>> Emerging (16 of 420) net-libs/libnatpmp-20230423-r1::gentoo for /usr/i586-tcc-linux-musl/
>>> Jobs: 6 of 420 complete, 5 running              Load avg: 3.42, 2.15, 1.76
>>> Recording net-dialup/ppp-scripts in "world" favorites file...
>>> Jobs: 6 of 420 complete, 5 running              Load avg: 3.39, 2.17, 1.77
>>> Jobs: 7 of 420 complete, 5 running              Load avg: 3.39, 2.17, 1.77
>>> Jobs: 8 of 420 complete, 5 running              Load avg: 3.39, 2.17, 1.77
>>> Installing (10 of 420) sys-fs/mtools-4.0.40::gentoo to /usr/i586-tcc-linux-musl/
>>> Jobs: 8 of 420 complete, 5 running              Load avg: 4.00, 2.31, 1.82
>>> Jobs: 8 of 420 complete, 4 running              Load avg: 4.00, 2.31, 1.82
>>> Jobs: 8 of 420 complete, 5 running              Load avg: 4.00, 2.31, 1.82
>>> Emerging (17 of 420) net-dialup/ppp-2.3.9::gentoo for /usr/i586-tcc-linux-musl/
>>> Jobs: 8 of 420 complete, 5 running              Load avg: 4.00, 2.31, 1.82
>>> Recording sys-fs/mtools in "world" favorites file...
>>> Jobs: 8 of 420 complete, 5 running              Load avg: 3.84, 2.31, 1.82
>>> Jobs: 9 of 420 complete, 5 running              Load avg: 3.84, 2.31, 1.82
>>> Installing (13 of 420) x11-misc/util-macros-1.20.2::gentoo to /usr/i586-tcc-linux-musl/
>>> Jobs: 9 of 420 complete, 5 running              Load avg: 3.93, 2.35, 1.83
>>> Jobs: 9 of 420 complete, 4 running              Load avg: 3.93, 2.35, 1.83
>>> Jobs: 9 of 420 complete, 5 running              Load avg: 3.93, 2.35, 1.83
>>> Emerging (18 of 420) net-ftp/ftpbase-0.01-r6::gentoo for /usr/i586-tcc-linux-musl/
>>> Jobs: 9 of 420 complete, 5 running              Load avg: 3.93, 2.35, 1.83
>>> Jobs: 10 of 420 complete, 5 running             Load avg: 3.86, 2.36, 1.84
>>> Installing (15 of 420) sys-apps/hwdata-0.383::gentoo to /usr/i586-tcc-linux-musl/
>>> Jobs: 10 of 420 complete, 5 running             Load avg: 4.03, 2.42, 1.86
>>> Jobs: 10 of 420 complete, 4 running             Load avg: 4.03, 2.42, 1.86
>>> Jobs: 10 of 420 complete, 5 running             Load avg: 4.03, 2.42, 1.86
>>> Emerging (19 of 420) sys-apps/tcp-wrappers-7.6.31-r1::gentoo for /usr/i586-tcc-linux-musl/
>>> Jobs: 10 of 420 complete, 5 running             Load avg: 4.03, 2.42, 1.86
>>> Jobs: 11 of 420 complete, 5 running             Load avg: 3.87, 2.42, 1.86
>>> Installing (16 of 420) net-libs/libnatpmp-20230423-r1::gentoo to /usr/i586-tcc-linux-musl/
>>> Jobs: 11 of 420 complete, 5 running             Load avg: 3.96, 2.46, 1.88
>>> Jobs: 11 of 420 complete, 4 running             Load avg: 3.96, 2.46, 1.88
>>> Jobs: 11 of 420 complete, 5 running             Load avg: 3.96, 2.46, 1.88
>>> Emerging (20 of 420) media-libs/giflib-5.2.2::gentoo for /usr/i586-tcc-linux-musl/
>>> Jobs: 11 of 420 complete, 5 running             Load avg: 3.96, 2.46, 1.88
>>> Jobs: 12 of 420 complete, 5 running             Load avg: 3.88, 2.47, 1.89
>>> Installing (14 of 420) dev-libs/xxhash-0.8.2::gentoo to /usr/i586-tcc-linux-musl/
>>> Jobs: 12 of 420 complete, 5 running             Load avg: 3.88, 2.47, 1.89
>>> Jobs: 12 of 420 complete, 4 running             Load avg: 3.88, 2.47, 1.89
>>> Jobs: 12 of 420 complete, 5 running             Load avg: 3.88, 2.47, 1.89
>>> Emerging (21 of 420) net-mail/mailbase-1.8.1::gentoo for /usr/i586-tcc-linux-musl/
>>> Jobs: 12 of 420 complete, 5 running             Load avg: 3.88, 2.47, 1.89
>>> Jobs: 13 of 420 complete, 5 running             Load avg: 3.97, 2.51, 1.90
>>> Installing (18 of 420) net-ftp/ftpbase-0.01-r6::gentoo to /usr/i586-tcc-linux-musl/
>>> Jobs: 13 of 420 complete, 5 running             Load avg: 4.37, 2.62, 1.94
>>> Jobs: 13 of 420 complete, 4 running             Load avg: 4.37, 2.62, 1.94
>>> Jobs: 13 of 420 complete, 5 running             Load avg: 4.37, 2.62, 1.94
>>> Emerging (22 of 420) app-misc/mime-types-2.1.54::gentoo for /usr/i586-tcc-linux-musl/
>>> Jobs: 13 of 420 complete, 5 running             Load avg: 4.37, 2.62, 1.94
>>> Jobs: 14 of 420 complete, 5 running             Load avg: 4.18, 2.61, 1.94
>>> Installing (17 of 420) net-dialup/ppp-2.3.9::gentoo to /usr/i586-tcc-linux-musl/
>>> Jobs: 14 of 420 complete, 5 running             Load avg: 4.18, 2.61, 1.94
>>> Jobs: 14 of 420 complete, 4 running             Load avg: 4.18, 2.61, 1.94
>>> Jobs: 14 of 420 complete, 5 running             Load avg: 4.18, 2.61, 1.94
>>> Emerging (23 of 420) app-text/poppler-data-0.4.12::gentoo for /usr/i586-tcc-linux-musl/
>>> Jobs: 14 of 420 complete, 5 running             Load avg: 4.18, 2.61, 1.94
>>> Recording net-dialup/ppp in "world" favorites file...
>>> Jobs: 14 of 420 complete, 5 running             Load avg: 4.33, 2.66, 1.97
>>> Jobs: 15 of 420 complete, 5 running             Load avg: 4.33, 2.66, 1.97
>>> Installing (19 of 420) sys-apps/tcp-wrappers-7.6.31-r1::gentoo to /usr/i586-tcc-linux-musl/
>>> Jobs: 15 of 420 complete, 5 running             Load avg: 4.86, 2.80, 2.01
>>> Jobs: 15 of 420 complete, 4 running             Load avg: 4.86, 2.80, 2.01
>>> Jobs: 15 of 420 complete, 5 running             Load avg: 4.86, 2.80, 2.01
>>> Emerging (24 of 420) media-fonts/urw-fonts-20230503-r1::gentoo for /usr/i586-tcc-linux-musl/
>>> Jobs: 15 of 420 complete, 5 running             Load avg: 4.86, 2.80, 2.01
>>> Jobs: 16 of 420 complete, 5 running             Load avg: 4.63, 2.79, 2.01
>>> Installing (21 of 420) net-mail/mailbase-1.8.1::gentoo to /usr/i586-tcc-linux-musl/
>>> Jobs: 16 of 420 complete, 5 running             Load avg: 4.74, 2.84, 2.04
>>> Jobs: 16 of 420 complete, 4 running             Load avg: 4.74, 2.84, 2.04
>>> Jobs: 16 of 420 complete, 5 running             Load avg: 4.74, 2.84, 2.04
>>> Emerging (25 of 420) virtual/cron-0-r3::gentoo for /usr/i586-tcc-linux-musl/
>>> Jobs: 16 of 420 complete, 5 running             Load avg: 4.74, 2.84, 2.04
>>> Jobs: 17 of 420 complete, 5 running             Load avg: 4.84, 2.90, 2.06
>>> Installing (20 of 420) media-libs/giflib-5.2.2::gentoo to /usr/i586-tcc-linux-musl/
>>> Jobs: 17 of 420 complete, 5 running             Load avg: 5.50, 3.06, 2.12
>>> Jobs: 17 of 420 complete, 4 running             Load avg: 5.50, 3.06, 2.12
>>> Jobs: 18 of 420 complete, 4 running             Load avg: 5.14, 3.03, 2.11
>>> Installing (22 of 420) app-misc/mime-types-2.1.54::gentoo to /usr/i586-tcc-linux-musl/
>>> Jobs: 18 of 420 complete, 4 running             Load avg: 5.14, 3.03, 2.11
>>> Jobs: 18 of 420 complete, 3 running             Load avg: 5.14, 3.03, 2.11
>>> Jobs: 19 of 420 complete, 3 running             Load avg: 4.81, 3.03, 2.12
>>> Jobs: 19 of 420 complete, 4 running             Load avg: 4.81, 3.03, 2.12
>>> Emerging (26 of 420) net-misc/ipsvd-1.0.0-r3::gentoo for /usr/i586-tcc-linux-musl/
>>> Jobs: 19 of 420 complete, 4 running             Load avg: 4.81, 3.03, 2.12
>>> Installing (23 of 420) app-text/poppler-data-0.4.12::gentoo to /usr/i586-tcc-linux-musl/
>>> Jobs: 19 of 420 complete, 4 running             Load avg: 4.81, 3.03, 2.12
>>> Jobs: 19 of 420 complete, 3 running             Load avg: 4.81, 3.03, 2.12
>>> Jobs: 19 of 420 complete, 4 running             Load avg: 4.66, 3.03, 2.12
>>> Emerging (27 of 420) virtual/logger-0-r1::gentoo for /usr/i586-tcc-linux-musl/
>>> Jobs: 19 of 420 complete, 4 running             Load avg: 4.66, 3.03, 2.12
>>> Jobs: 19 of 420 complete, 5 running             Load avg: 4.66, 3.03, 2.12
>>> Emerging (28 of 420) app-text/mandoc-1.14.6::gentoo for /usr/i586-tcc-linux-musl/
>>> Jobs: 19 of 420 complete, 5 running             Load avg: 4.66, 3.03, 2.12
>>> Jobs: 20 of 420 complete, 5 running             Load avg: 4.53, 3.03, 2.13
>>> Installing (25 of 420) virtual/cron-0-r3::gentoo to /usr/i586-tcc-linux-musl/
>>> Jobs: 20 of 420 complete, 5 running             Load avg: 4.53, 3.03, 2.13
>>> Jobs: 20 of 420 complete, 4 running             Load avg: 4.53, 3.03, 2.13
>>> Jobs: 20 of 420 complete, 5 running             Load avg: 4.53, 3.03, 2.13
>>> Emerging (29 of 420) dev-perl/TimeDate-2.330.0-r1::gentoo for /usr/i586-tcc-linux-musl/
>>> Jobs: 20 of 420 complete, 5 running             Load avg: 4.53, 3.03, 2.13
>>> Jobs: 21 of 420 complete, 5 running             Load avg: 4.33, 3.01, 2.13
>>> Installing (24 of 420) media-fonts/urw-fonts-20230503-r1::gentoo to /usr/i586-tcc-linux-musl/
>>> Jobs: 21 of 420 complete, 5 running             Load avg: 4.33, 3.01, 2.13
>>> Jobs: 21 of 420 complete, 4 running             Load avg: 4.33, 3.01, 2.13
>>> Jobs: 21 of 420 complete, 5 running             Load avg: 4.33, 3.01, 2.13
>>> Emerging (30 of 420) sys-apps/pciutils-3.7.0-r2::gentoo for /usr/i586-tcc-linux-musl/
>>> Jobs: 21 of 420 complete, 5 running             Load avg: 4.33, 3.01, 2.13
>>> Jobs: 22 of 420 complete, 5 running             Load avg: 4.14, 2.99, 2.13
>>> Installing (27 of 420) virtual/logger-0-r1::gentoo to /usr/i586-tcc-linux-musl/
>>> Jobs: 22 of 420 complete, 5 running             Load avg: 4.42, 3.09, 2.17
>>> Jobs: 22 of 420 complete, 4 running             Load avg: 4.42, 3.09, 2.17
>>> Jobs: 22 of 420 complete, 5 running             Load avg: 4.42, 3.09, 2.17
>>> Emerging (31 of 420) app-eselect/eselect-mpg123-0.1-r1::gentoo
>>> Jobs: 22 of 420 complete, 5 running             Load avg: 4.42, 3.09, 2.17
>>> Jobs: 23 of 420 complete, 5 running             Load avg: 4.23, 3.07, 2.17
>>> Installing (26 of 420) net-misc/ipsvd-1.0.0-r3::gentoo to /usr/i586-tcc-linux-musl/
>>> Jobs: 23 of 420 complete, 5 running             Load avg: 4.29, 3.11, 2.18
>>> Jobs: 23 of 420 complete, 4 running             Load avg: 4.29, 3.11, 2.18
>>> Jobs: 23 of 420 complete, 5 running             Load avg: 4.29, 3.11, 2.18
>>> Emerging (32 of 420) app-eselect/eselect-ctags-1.19::gentoo
>>> Jobs: 23 of 420 complete, 5 running             Load avg: 4.29, 3.11, 2.18
>>> Jobs: 24 of 420 complete, 5 running             Load avg: 4.19, 3.10, 2.19
>>> Installing (29 of 420) dev-perl/TimeDate-2.330.0-r1::gentoo to /usr/i586-tcc-linux-musl/
>>> Jobs: 24 of 420 complete, 5 running             Load avg: 4.25, 3.14, 2.20
>>> Jobs: 24 of 420 complete, 4 running             Load avg: 4.25, 3.14, 2.20
>>> Jobs: 24 of 420 complete, 5 running             Load avg: 4.25, 3.14, 2.20
>>> Emerging (33 of 420) virtual/inetd-1::gentoo for /usr/i586-tcc-linux-musl/
>>> Jobs: 24 of 420 complete, 5 running             Load avg: 4.25, 3.14, 2.20
>>> Jobs: 25 of 420 complete, 5 running             Load avg: 4.07, 3.12, 2.20
>>> Jobs: 25 of 420 complete, 4 running             Load avg: 4.07, 3.12, 2.20
>>> Jobs: 25 of 420 complete, 5 running             Load avg: 4.07, 3.12, 2.20
>>> Emerging (34 of 420) sys-apps/file-5.45-r4::gentoo for /usr/i586-tcc-linux-musl/
>>> Jobs: 25 of 420 complete, 5 running             Load avg: 4.07, 3.12, 2.20
>>> Installing (30 of 420) sys-apps/pciutils-3.7.0-r2::gentoo to /usr/i586-tcc-linux-musl/
>>> Jobs: 25 of 420 complete, 5 running             Load avg: 4.07, 3.12, 2.20
>>> Jobs: 25 of 420 complete, 4 running             Load avg: 4.07, 3.12, 2.20
>>> Jobs: 25 of 420 complete, 5 running             Load avg: 4.07, 3.12, 2.20
>>> Emerging (35 of 420) sys-libs/fts-standalone-1.2.7-r1::gentoo for /usr/i586-tcc-linux-musl/
>>> Jobs: 25 of 420 complete, 5 running             Load avg: 4.07, 3.12, 2.20
>>> Recording sys-apps/pciutils in "world" favorites file...
>>> Jobs: 25 of 420 complete, 5 running             Load avg: 3.98, 3.11, 2.21
>>> Jobs: 26 of 420 complete, 5 running             Load avg: 3.98, 3.11, 2.21
>>> Installing (31 of 420) app-eselect/eselect-mpg123-0.1-r1::gentoo
>>> Jobs: 26 of 420 complete, 5 running             Load avg: 3.98, 3.11, 2.21
>>> Jobs: 26 of 420 complete, 4 running             Load avg: 3.98, 3.11, 2.21
>>> Jobs: 26 of 420 complete, 5 running             Load avg: 3.98, 3.11, 2.21
>>> Emerging (36 of 420) sys-apps/gawk-5.2.2::gentoo for /usr/i586-tcc-linux-musl/
>>> Jobs: 26 of 420 complete, 5 running             Load avg: 3.98, 3.11, 2.21
>>> Jobs: 27 of 420 complete, 5 running             Load avg: 4.29, 3.21, 2.25
>>> Installing (32 of 420) app-eselect/eselect-ctags-1.19::gentoo
>>> Jobs: 27 of 420 complete, 5 running             Load avg: 4.35, 3.24, 2.26
>>> Jobs: 27 of 420 complete, 4 running             Load avg: 4.35, 3.24, 2.26
>>> Jobs: 27 of 420 complete, 5 running             Load avg: 4.35, 3.24, 2.26
>>> Emerging (37 of 420) dev-libs/popt-1.19-r1::gentoo for /usr/i586-tcc-linux-musl/
>>> Jobs: 27 of 420 complete, 5 running             Load avg: 4.35, 3.24, 2.26
>>> Jobs: 28 of 420 complete, 5 running             Load avg: 4.67, 3.35, 2.31
>>> Installing (33 of 420) virtual/inetd-1::gentoo to /usr/i586-tcc-linux-musl/
>>> Jobs: 28 of 420 complete, 5 running             Load avg: 4.67, 3.35, 2.31
>>> Jobs: 28 of 420 complete, 4 running             Load avg: 4.67, 3.35, 2.31
>>> Jobs: 28 of 420 complete, 5 running             Load avg: 4.67, 3.35, 2.31
>>> Emerging (38 of 420) sys-apps/shadow-4.8.1-r4::gentoo for /usr/i586-tcc-linux-musl/
>>> Jobs: 28 of 420 complete, 5 running             Load avg: 4.67, 3.35, 2.31
>>> Jobs: 29 of 420 complete, 5 running             Load avg: 5.04, 3.47, 2.36
>>> Jobs: 29 of 420 complete, 4 running             Load avg: 5.27, 3.66, 2.45
>>> Jobs: 29 of 420 complete, 3 running             Load avg: 5.41, 3.71, 2.48
>>> Jobs: 29 of 420 complete, 2 running             Load avg: 5.21, 3.70, 2.48
>>> Jobs: 29 of 420 complete, 1 running             Load avg: 4.30, 3.61, 2.48
>>> Jobs: 29 of 420 complete, 2 running             Load avg: 4.30, 3.61, 2.48
>>> Emerging (39 of 420) app-misc/pax-utils-1.3.4::gentoo for /usr/i586-tcc-linux-musl/
>>> Jobs: 29 of 420 complete, 2 running             Load avg: 4.30, 3.61, 2.48
>>> Jobs: 29 of 420 complete, 3 running             Load avg: 4.30, 3.61, 2.48
>>> Emerging (40 of 420) media-libs/libpng-1.6.44::gentoo for /usr/i586-tcc-linux-musl/
>>> Jobs: 29 of 420 complete, 3 running             Load avg: 4.30, 3.61, 2.48
>>> Jobs: 29 of 420 complete, 4 running             Load avg: 4.30, 3.61, 2.48
>>> Emerging (41 of 420) media-libs/libogg-1.3.5-r1::gentoo for /usr/i586-tcc-linux-musl/
>>> Jobs: 29 of 420 complete, 4 running             Load avg: 4.30, 3.61, 2.48
>>> Jobs: 29 of 420 complete, 5 running             Load avg: 4.30, 3.61, 2.48
>>> Emerging (42 of 420) dev-libs/libevent-2.1.12-r1::gentoo for /usr/i586-tcc-linux-musl/
>>> Jobs: 29 of 420 complete, 5 running             Load avg: 4.30, 3.61, 2.48
>>> Jobs: 29 of 420 complete, 4 running             Load avg: 4.69, 3.76, 2.56
>>> Jobs: 29 of 420 complete, 5 running             Load avg: 4.69, 3.76, 2.56
>>> Emerging (43 of 420) app-crypt/gnupg-1.4.23::gentoo for /usr/i586-tcc-linux-musl/
>>> Jobs: 29 of 420 complete, 5 running             Load avg: 4.69, 3.76, 2.56
>>> Jobs: 29 of 420 complete, 4 running             Load avg: 4.69, 3.76, 2.56
>>> Jobs: 29 of 420 complete, 5 running             Load avg: 4.63, 3.76, 2.57
>>> Emerging (44 of 420) dev-db/sqlite-3.30.1::gentoo for /usr/i586-tcc-linux-musl/
>>> Jobs: 29 of 420 complete, 5 running             Load avg: 4.63, 3.76, 2.57
>>> Installing (40 of 420) media-libs/libpng-1.6.44::gentoo to /usr/i586-tcc-linux-musl/
>>> Jobs: 29 of 420 complete, 5 running             Load avg: 5.44, 4.04, 2.71
>>> Jobs: 29 of 420 complete, 4 running             Load avg: 5.44, 4.04, 2.71
>>> Jobs: 30 of 420 complete, 4 running             Load avg: 5.13, 4.03, 2.72
>>> Installing (41 of 420) media-libs/libogg-1.3.5-r1::gentoo to /usr/i586-tcc-linux-musl/
>>> Jobs: 30 of 420 complete, 4 running             Load avg: 5.13, 4.03, 2.72
>>> Jobs: 30 of 420 complete, 3 running             Load avg: 5.13, 4.03, 2.72
>>> Jobs: 31 of 420 complete, 3 running             Load avg: 4.88, 3.99, 2.71
>>> Jobs: 31 of 420 complete, 4 running             Load avg: 4.88, 3.99, 2.71
>>> Emerging (45 of 420) net-libs/libpcap-1.9.1-r3::gentoo for /usr/i586-tcc-linux-musl/
>>> Jobs: 31 of 420 complete, 4 running             Load avg: 4.88, 3.99, 2.71
>>> Jobs: 31 of 420 complete, 5 running             Load avg: 4.88, 3.99, 2.71
>>> Emerging (46 of 420) dev-libs/libgpg-error-1.51::gentoo for /usr/i586-tcc-linux-musl/
>>> Jobs: 31 of 420 complete, 5 running             Load avg: 4.88, 3.99, 2.71
>>> Installing (44 of 420) dev-db/sqlite-3.30.1::gentoo to /usr/i586-tcc-linux-musl/
>>> Jobs: 31 of 420 complete, 5 running             Load avg: 5.53, 4.14, 2.77
>>> Jobs: 31 of 420 complete, 4 running             Load avg: 5.53, 4.14, 2.77
>>> Recording dev-db/sqlite in "world" favorites file...
>>> Jobs: 31 of 420 complete, 4 running             Load avg: 5.33, 4.12, 2.77
>>> Jobs: 32 of 420 complete, 4 running             Load avg: 5.33, 4.12, 2.77
>>> Installing (42 of 420) dev-libs/libevent-2.1.12-r1::gentoo to /usr/i586-tcc-linux-musl/
>>> Jobs: 32 of 420 complete, 4 running             Load avg: 5.33, 4.12, 2.77
>>> Jobs: 32 of 420 complete, 3 running             Load avg: 5.22, 4.12, 2.78
>>> Jobs: 33 of 420 complete, 3 running             Load avg: 5.04, 4.10, 2.78
>>> Installing (43 of 420) app-crypt/gnupg-1.4.23::gentoo to /usr/i586-tcc-linux-musl/
>>> Jobs: 33 of 420 complete, 3 running             Load avg: 4.46, 4.03, 2.78
>>> Jobs: 33 of 420 complete, 2 running             Load avg: 4.46, 4.03, 2.78
>>> Jobs: 33 of 420 complete, 3 running             Load avg: 4.46, 4.03, 2.78
>>> Emerging (47 of 420) sys-devel/flex-2.6.4-r6::gentoo for /usr/i586-tcc-linux-musl/
>>> Jobs: 33 of 420 complete, 3 running             Load avg: 4.46, 4.03, 2.78
>>> Jobs: 33 of 420 complete, 4 running             Load avg: 4.46, 4.03, 2.78
>>> Emerging (48 of 420) media-libs/opus-1.3.1-r3::gentoo for /usr/i586-tcc-linux-musl/
>>> Jobs: 33 of 420 complete, 4 running             Load avg: 4.46, 4.03, 2.78
>>> Jobs: 33 of 420 complete, 5 running             Load avg: 4.46, 4.03, 2.78
>>> Emerging (49 of 420) dev-lang/yasm-1.3.0-r2::gentoo for /usr/i586-tcc-linux-musl/
>>> Jobs: 33 of 420 complete, 5 running             Load avg: 4.46, 4.03, 2.78
>>> Recording app-crypt/gnupg in "world" favorites file...
>>> Jobs: 33 of 420 complete, 5 running             Load avg: 5.01, 4.16, 2.84
>>> Jobs: 34 of 420 complete, 5 running             Load avg: 5.01, 4.16, 2.84
>>> Installing (45 of 420) net-libs/libpcap-1.9.1-r3::gentoo to /usr/i586-tcc-linux-musl/
>>> Jobs: 34 of 420 complete, 5 running             Load avg: 5.01, 4.17, 2.85
>>> Jobs: 34 of 420 complete, 4 running             Load avg: 5.01, 4.17, 2.85
>>> Jobs: 35 of 420 complete, 4 running             Load avg: 5.08, 4.22, 2.88
>>> Installing (46 of 420) dev-libs/libgpg-error-1.51::gentoo to /usr/i586-tcc-linux-musl/
>>> Jobs: 35 of 420 complete, 4 running             Load avg: 5.15, 4.26, 2.91
>>> Jobs: 35 of 420 complete, 3 running             Load avg: 5.05, 4.26, 2.92
>>> Recording dev-libs/libgpg-error in "world" favorites file...
>>> Jobs: 35 of 420 complete, 3 running             Load avg: 4.89, 4.24, 2.92
>>> Jobs: 36 of 420 complete, 3 running             Load avg: 4.89, 4.24, 2.92
>>> Jobs: 36 of 420 complete, 4 running             Load avg: 4.89, 4.24, 2.92
>>> Emerging (50 of 420) dev-libs/expat-2.6.3::gentoo for /usr/i586-tcc-linux-musl/
>>> Jobs: 36 of 420 complete, 4 running             Load avg: 4.89, 4.24, 2.92
>>> Jobs: 36 of 420 complete, 5 running             Load avg: 4.89, 4.24, 2.92
>>> Emerging (51 of 420) media-libs/jpeg-9d::gentoo for /usr/i586-tcc-linux-musl/
>>> Jobs: 36 of 420 complete, 5 running             Load avg: 4.89, 4.24, 2.92
>>> Installing (48 of 420) media-libs/opus-1.3.1-r3::gentoo to /usr/i586-tcc-linux-musl/
>>> Jobs: 36 of 420 complete, 5 running             Load avg: 5.35, 4.40, 3.00
>>> Jobs: 36 of 420 complete, 4 running             Load avg: 5.35, 4.40, 3.00
>>> Installing (49 of 420) dev-lang/yasm-1.3.0-r2::gentoo to /usr/i586-tcc-linux-musl/
>>> Jobs: 36 of 420 complete, 4 running             Load avg: 5.35, 4.40, 3.00
>>> Jobs: 36 of 420 complete, 3 running             Load avg: 5.35, 4.40, 3.00
>>> Recording dev-lang/yasm in "world" favorites file...
>>> Jobs: 36 of 420 complete, 3 running             Load avg: 5.24, 4.39, 3.01
>>> Jobs: 37 of 420 complete, 3 running             Load avg: 5.24, 4.39, 3.01
>>> Jobs: 38 of 420 complete, 3 running             Load avg: 5.24, 4.39, 3.01
>>> Installing (47 of 420) sys-devel/flex-2.6.4-r6::gentoo to /usr/i586-tcc-linux-musl/
>>> Jobs: 38 of 420 complete, 3 running             Load avg: 5.06, 4.38, 3.02
>>> Jobs: 38 of 420 complete, 2 running             Load avg: 5.06, 4.38, 3.02
>>> Recording sys-devel/flex in "world" favorites file...
>>> Jobs: 38 of 420 complete, 2 running             Load avg: 4.97, 4.37, 3.03
>>> Jobs: 39 of 420 complete, 2 running             Load avg: 4.97, 4.37, 3.03
>>> Jobs: 39 of 420 complete, 3 running             Load avg: 4.97, 4.37, 3.03
>>> Emerging (52 of 420) sys-apps/texinfo-6.8::gentoo for /usr/i586-tcc-linux-musl/
>>> Jobs: 39 of 420 complete, 3 running             Load avg: 4.97, 4.37, 3.03
>>> Jobs: 39 of 420 complete, 4 running             Load avg: 4.97, 4.37, 3.03
>>> Emerging (53 of 420) sys-devel/bison-3.8.2-r2::gentoo for /usr/i586-tcc-linux-musl/
>>> Jobs: 39 of 420 complete, 4 running             Load avg: 4.97, 4.37, 3.03
>>> Jobs: 39 of 420 complete, 5 running             Load avg: 4.97, 4.37, 3.03
>>> Emerging (54 of 420) dev-util/pkgconf-1.8.1::gentoo for /usr/i586-tcc-linux-musl/
>>> Jobs: 39 of 420 complete, 5 running             Load avg: 4.97, 4.37, 3.03
>>> Installing (51 of 420) media-libs/jpeg-9d::gentoo to /usr/i586-tcc-linux-musl/
>>> Jobs: 39 of 420 complete, 5 running             Load avg: 5.31, 4.47, 3.08
>>> Jobs: 39 of 420 complete, 4 running             Load avg: 5.31, 4.47, 3.08
>>> Recording media-libs/jpeg in "world" favorites file...
>>> Jobs: 39 of 420 complete, 4 running             Load avg: 5.04, 4.43, 3.07
>>> Jobs: 40 of 420 complete, 4 running             Load avg: 5.04, 4.43, 3.07
>>> Installing (50 of 420) dev-libs/expat-2.6.3::gentoo to /usr/i586-tcc-linux-musl/
>>> Jobs: 40 of 420 complete, 4 running             Load avg: 5.04, 4.43, 3.07
>>> Jobs: 40 of 420 complete, 3 running             Load avg: 5.04, 4.43, 3.07
>>> Recording dev-libs/expat in "world" favorites file...
>>> Jobs: 40 of 420 complete, 3 running             Load avg: 4.96, 4.42, 3.08
>>> Jobs: 41 of 420 complete, 3 running             Load avg: 4.96, 4.42, 3.08
>>> Jobs: 41 of 420 complete, 4 running             Load avg: 4.96, 4.42, 3.08
>>> Emerging (55 of 420) virtual/jpeg-100-r1::gentoo for /usr/i586-tcc-linux-musl/
>>> Jobs: 41 of 420 complete, 4 running             Load avg: 4.96, 4.42, 3.08
>>> Jobs: 41 of 420 complete, 5 running             Load avg: 4.96, 4.42, 3.08
>>> Emerging (56 of 420) sys-libs/readline-8.2_p13-r1::gentoo for /usr/i586-tcc-linux-musl/
>>> Jobs: 41 of 420 complete, 5 running             Load avg: 4.96, 4.42, 3.08
>>> Installing (55 of 420) virtual/jpeg-100-r1::gentoo to /usr/i586-tcc-linux-musl/
>>> Jobs: 41 of 420 complete, 5 running             Load avg: 5.34, 4.55, 3.16
>>> Jobs: 41 of 420 complete, 4 running             Load avg: 5.34, 4.55, 3.16
>>> Jobs: 42 of 420 complete, 4 running             Load avg: 5.23, 4.54, 3.16
>>> Installing (54 of 420) dev-util/pkgconf-1.8.1::gentoo to /usr/i586-tcc-linux-musl/
>>> Jobs: 42 of 420 complete, 4 running             Load avg: 5.21, 4.55, 3.17
>>> Jobs: 42 of 420 complete, 3 running             Load avg: 5.21, 4.55, 3.17
>>> Jobs: 43 of 420 complete, 3 running             Load avg: 5.02, 4.53, 3.18
>>> Installing (53 of 420) sys-devel/bison-3.8.2-r2::gentoo to /usr/i586-tcc-linux-musl/
>>> Jobs: 43 of 420 complete, 3 running             Load avg: 5.02, 4.54, 3.19
>>> Jobs: 43 of 420 complete, 2 running             Load avg: 5.02, 4.54, 3.19
>>> Recording sys-devel/bison in "world" favorites file...
>>> Jobs: 43 of 420 complete, 2 running             Load avg: 4.86, 4.51, 3.19
>>> Jobs: 44 of 420 complete, 2 running             Load avg: 4.86, 4.51, 3.19
>>> Jobs: 44 of 420 complete, 3 running             Load avg: 4.86, 4.51, 3.19
>>> Emerging (57 of 420) media-libs/tiff-4.7.0-r1::gentoo for /usr/i586-tcc-linux-musl/
>>> Jobs: 44 of 420 complete, 3 running             Load avg: 4.86, 4.51, 3.19
>>> Jobs: 44 of 420 complete, 2 running             Load avg: 4.71, 4.49, 3.19
>>> Jobs: 44 of 420 complete, 3 running             Load avg: 4.71, 4.49, 3.19
>>> Emerging (58 of 420) app-text/ghostscript-gpl-7.07b::gentoo for /usr/i586-tcc-linux-musl/
>>> Jobs: 44 of 420 complete, 3 running             Load avg: 4.71, 4.49, 3.19
>>> Jobs: 44 of 420 complete, 4 running             Load avg: 4.71, 4.49, 3.19
>>> Emerging (59 of 420) sys-apps/iproute2-2.4.7::gentoo for /usr/i586-tcc-linux-musl/
>>> Jobs: 44 of 420 complete, 4 running             Load avg: 4.71, 4.49, 3.19
>>> Jobs: 44 of 420 complete, 5 running             Load avg: 4.71, 4.49, 3.19
>>> Emerging (60 of 420) virtual/pkgconfig-3::gentoo for /usr/i586-tcc-linux-musl/
>>> Jobs: 44 of 420 complete, 5 running             Load avg: 4.71, 4.49, 3.19
>>> Installing (60 of 420) virtual/pkgconfig-3::gentoo to /usr/i586-tcc-linux-musl/
>>> Jobs: 44 of 420 complete, 5 running             Load avg: 5.29, 4.64, 3.27
>>> Jobs: 44 of 420 complete, 4 running             Load avg: 5.29, 4.64, 3.27
>>> Recording virtual/pkgconfig in "world" favorites file...
>>> Jobs: 44 of 420 complete, 4 running             Load avg: 5.03, 4.60, 3.27
>>> Jobs: 45 of 420 complete, 4 running             Load avg: 5.03, 4.60, 3.27
>>> Jobs: 45 of 420 complete, 3 running             Load avg: 5.10, 4.62, 3.28
>>> Installing (57 of 420) media-libs/tiff-4.7.0-r1::gentoo to /usr/i586-tcc-linux-musl/
>>> Jobs: 45 of 420 complete, 3 running             Load avg: 5.04, 4.62, 3.30
>>> Jobs: 45 of 420 complete, 2 running             Load avg: 5.04, 4.62, 3.30
>>> Jobs: 46 of 420 complete, 2 running             Load avg: 5.11, 4.65, 3.33
>>> Installing (58 of 420) app-text/ghostscript-gpl-7.07b::gentoo to /usr/i586-tcc-linux-musl/
>>> Jobs: 46 of 420 complete, 2 running             Load avg: 4.85, 4.62, 3.34
>>> Jobs: 46 of 420 complete, 1 running             Load avg: 4.85, 4.62, 3.34
>>> Jobs: 46 of 420 complete, 2 running             Load avg: 4.85, 4.62, 3.34
>>> Emerging (61 of 420) media-libs/libvorbis-1.3.7-r1::gentoo for /usr/i586-tcc-linux-musl/
>>> Jobs: 46 of 420 complete, 2 running             Load avg: 4.85, 4.62, 3.34
>>> Jobs: 46 of 420 complete, 3 running             Load avg: 4.78, 4.61, 3.34
>>> Emerging (62 of 420) media-libs/speex-1.2.1-r2::gentoo for /usr/i586-tcc-linux-musl/
>>> Jobs: 46 of 420 complete, 3 running             Load avg: 4.78, 4.61, 3.34
>>> Recording app-text/ghostscript-gpl in "world" favorites file...
>>> Jobs: 46 of 420 complete, 3 running             Load avg: 4.78, 4.61, 3.34
>>> Jobs: 47 of 420 complete, 3 running             Load avg: 4.78, 4.61, 3.34
>>> Jobs: 47 of 420 complete, 4 running             Load avg: 4.64, 4.58, 3.34
>>> Emerging (63 of 420) dev-libs/libpcre2-10.44-r1::gentoo for /usr/i586-tcc-linux-musl/
>>> Jobs: 47 of 420 complete, 4 running             Load avg: 4.64, 4.58, 3.34
>>> Jobs: 47 of 420 complete, 5 running             Load avg: 4.64, 4.58, 3.34
>>> Emerging (64 of 420) media-libs/libcaca-0.99_beta19-r11::gentoo for /usr/i586-tcc-linux-musl/
>>> Jobs: 47 of 420 complete, 5 running             Load avg: 4.64, 4.58, 3.34
>>> Installing (61 of 420) media-libs/libvorbis-1.3.7-r1::gentoo to /usr/i586-tcc-linux-musl/
>>> Jobs: 47 of 420 complete, 5 running             Load avg: 5.41, 4.80, 3.48
>>> Jobs: 47 of 420 complete, 4 running             Load avg: 5.41, 4.80, 3.48
>>> Jobs: 48 of 420 complete, 4 running             Load avg: 5.19, 4.78, 3.49
>>> Installing (63 of 420) dev-libs/libpcre2-10.44-r1::gentoo to /usr/i586-tcc-linux-musl/
>>> Jobs: 48 of 420 complete, 4 running             Load avg: 5.60, 4.88, 3.54
>>> Jobs: 48 of 420 complete, 3 running             Load avg: 5.60, 4.88, 3.54
>>> Jobs: 49 of 420 complete, 3 running             Load avg: 5.31, 4.83, 3.53
>>> Installing (62 of 420) media-libs/speex-1.2.1-r2::gentoo to /usr/i586-tcc-linux-musl/
>>> Jobs: 49 of 420 complete, 3 running             Load avg: 5.31, 4.83, 3.53
>>> Jobs: 49 of 420 complete, 2 running             Load avg: 5.31, 4.83, 3.53
>>> Jobs: 50 of 420 complete, 2 running             Load avg: 5.04, 4.79, 3.52
>>> Installing (64 of 420) media-libs/libcaca-0.99_beta19-r11::gentoo to /usr/i586-tcc-linux-musl/
>>> Jobs: 50 of 420 complete, 2 running             Load avg: 4.80, 4.74, 3.51
>>> Jobs: 50 of 420 complete, 1 running             Load avg: 4.80, 4.74, 3.51
>>> Jobs: 50 of 420 complete, 2 running             Load avg: 4.80, 4.74, 3.51
>>> Emerging (65 of 420) media-libs/flac-1.4.3::gentoo for /usr/i586-tcc-linux-musl/
>>> Jobs: 50 of 420 complete, 2 running             Load avg: 4.80, 4.74, 3.51
>>> Jobs: 50 of 420 complete, 3 running             Load avg: 4.58, 4.69, 3.50
>>> Emerging (66 of 420) media-libs/freetype-2.13.3::gentoo for /usr/i586-tcc-linux-musl/
>>> Jobs: 50 of 420 complete, 3 running             Load avg: 4.58, 4.69, 3.50
>>> Jobs: 51 of 420 complete, 3 running             Load avg: 4.58, 4.69, 3.50
>>> Installing (52 of 420) sys-apps/texinfo-6.8::gentoo to /usr/i586-tcc-linux-musl/
>>> Jobs: 51 of 420 complete, 3 running             Load avg: 4.58, 4.69, 3.50
>>> Jobs: 51 of 420 complete, 2 running             Load avg: 4.58, 4.69, 3.50
>>> Jobs: 51 of 420 complete, 3 running             Load avg: 4.58, 4.69, 3.50
>>> Emerging (67 of 420) net-misc/curl-8.11.0::gentoo for /usr/i586-tcc-linux-musl/
>>> Jobs: 51 of 420 complete, 3 running             Load avg: 4.58, 4.69, 3.50
>>> Jobs: 51 of 420 complete, 4 running             Load avg: 4.53, 4.68, 3.51
>>> Emerging (68 of 420) media-sound/twolame-0.4.0::gentoo for /usr/i586-tcc-linux-musl/
>>> Jobs: 51 of 420 complete, 4 running             Load avg: 4.53, 4.68, 3.51
>>> Jobs: 51 of 420 complete, 5 running             Load avg: 4.49, 4.67, 3.51
>>> Emerging (69 of 420) media-sound/lame-3.100-r3::gentoo for /usr/i586-tcc-linux-musl/
>>> Jobs: 51 of 420 complete, 5 running             Load avg: 4.49, 4.67, 3.51
>>> Recording sys-apps/texinfo in "world" favorites file...
>>> Jobs: 51 of 420 complete, 5 running             Load avg: 4.53, 4.68, 3.52
>>> Jobs: 52 of 420 complete, 5 running             Load avg: 4.53, 4.68, 3.52
>>> Installing (66 of 420) media-libs/freetype-2.13.3::gentoo to /usr/i586-tcc-linux-musl/
>>> Jobs: 52 of 420 complete, 5 running             Load avg: 5.48, 4.90, 3.65
>>> Jobs: 52 of 420 complete, 4 running             Load avg: 5.48, 4.90, 3.65
>>> Jobs: 53 of 420 complete, 4 running             Load avg: 5.40, 4.90, 3.66
>>> Installing (68 of 420) media-sound/twolame-0.4.0::gentoo to /usr/i586-tcc-linux-musl/
>>> Jobs: 53 of 420 complete, 4 running             Load avg: 5.53, 4.94, 3.68
>>> Jobs: 53 of 420 complete, 3 running             Load avg: 5.53, 4.94, 3.68
>>> Jobs: 54 of 420 complete, 3 running             Load avg: 5.33, 4.90, 3.68
>>> Installing (65 of 420) media-libs/flac-1.4.3::gentoo to /usr/i586-tcc-linux-musl/
>>> Jobs: 54 of 420 complete, 3 running             Load avg: 5.33, 4.90, 3.68
>>> Jobs: 54 of 420 complete, 2 running             Load avg: 5.33, 4.90, 3.68
>>> Jobs: 55 of 420 complete, 2 running             Load avg: 4.89, 4.83, 3.67
>>> Jobs: 55 of 420 complete, 3 running             Load avg: 4.89, 4.83, 3.67
>>> Emerging (70 of 420) media-libs/libtheora-1.1.1-r2::gentoo for /usr/i586-tcc-linux-musl/
>>> Jobs: 55 of 420 complete, 3 running             Load avg: 4.89, 4.83, 3.67
>>> Installing (69 of 420) media-sound/lame-3.100-r3::gentoo to /usr/i586-tcc-linux-musl/
>>> Jobs: 55 of 420 complete, 3 running             Load avg: 4.89, 4.83, 3.67
>>> Jobs: 55 of 420 complete, 2 running             Load avg: 4.89, 4.83, 3.67
>>> Jobs: 55 of 420 complete, 3 running             Load avg: 4.74, 4.79, 3.66
>>> Emerging (71 of 420) media-libs/gd-2.3.3-r4::gentoo for /usr/i586-tcc-linux-musl/
>>> Jobs: 55 of 420 complete, 3 running             Load avg: 4.74, 4.79, 3.66
>>> Jobs: 55 of 420 complete, 4 running             Load avg: 4.52, 4.75, 3.65
>>> Emerging (72 of 420) net-libs/libnet-1.3-r1::gentoo for /usr/i586-tcc-linux-musl/
>>> Jobs: 55 of 420 complete, 4 running             Load avg: 4.52, 4.75, 3.65
>>> Jobs: 55 of 420 complete, 5 running             Load avg: 4.52, 4.75, 3.65
>>> Emerging (73 of 420) dev-libs/gmp-6.3.0-r1::gentoo for /usr/i586-tcc-linux-musl/
>>> Jobs: 55 of 420 complete, 5 running             Load avg: 4.52, 4.75, 3.65
>>> Jobs: 56 of 420 complete, 5 running             Load avg: 4.89, 4.82, 3.69
>>> Installing (70 of 420) media-libs/libtheora-1.1.1-r2::gentoo to /usr/i586-tcc-linux-musl/
>>> Jobs: 56 of 420 complete, 5 running             Load avg: 5.80, 5.06, 3.82
>>> Jobs: 56 of 420 complete, 4 running             Load avg: 5.80, 5.06, 3.82
>>> Jobs: 57 of 420 complete, 4 running             Load avg: 5.74, 5.06, 3.83
>>> Installing (71 of 420) media-libs/gd-2.3.3-r4::gentoo to /usr/i586-tcc-linux-musl/
>>> Jobs: 57 of 420 complete, 4 running             Load avg: 5.87, 5.12, 3.87
>>> Jobs: 57 of 420 complete, 3 running             Load avg: 5.87, 5.12, 3.87
>>> Jobs: 58 of 420 complete, 3 running             Load avg: 5.64, 5.08, 3.86
>>> Installing (72 of 420) net-libs/libnet-1.3-r1::gentoo to /usr/i586-tcc-linux-musl/
>>> Jobs: 58 of 420 complete, 3 running             Load avg: 5.64, 5.08, 3.86
>>> Jobs: 58 of 420 complete, 2 running             Load avg: 5.64, 5.08, 3.86
>>> Jobs: 59 of 420 complete, 2 running             Load avg: 5.34, 5.03, 3.85
>>> Installing (73 of 420) dev-libs/gmp-6.3.0-r1::gentoo to /usr/i586-tcc-linux-musl/
>>> Jobs: 59 of 420 complete, 2 running             Load avg: 4.96, 4.95, 3.86
>>> Jobs: 59 of 420 complete, 1 running             Load avg: 4.96, 4.95, 3.86
>>> Jobs: 59 of 420 complete, 2 running             Load avg: 4.96, 4.95, 3.86
>>> Emerging (74 of 420) media-libs/xvid-1.3.7-r2::gentoo for /usr/i586-tcc-linux-musl/
>>> Jobs: 59 of 420 complete, 2 running             Load avg: 4.96, 4.95, 3.86
>>> Jobs: 59 of 420 complete, 3 running             Load avg: 4.72, 4.90, 3.85
>>> Emerging (75 of 420) media-sound/mpg123-1.32.3-r100::gentoo for /usr/i586-tcc-linux-musl/
>>> Jobs: 59 of 420 complete, 3 running             Load avg: 4.72, 4.90, 3.85
>>> Jobs: 60 of 420 complete, 3 running             Load avg: 4.72, 4.90, 3.85
>>> Jobs: 60 of 420 complete, 4 running             Load avg: 4.59, 4.87, 3.84
>>> Emerging (76 of 420) dev-libs/libxml2-2.13.5::gentoo for /usr/i586-tcc-linux-musl/
>>> Jobs: 60 of 420 complete, 4 running             Load avg: 4.59, 4.87, 3.84
>>> Installing (67 of 420) net-misc/curl-8.11.0::gentoo to /usr/i586-tcc-linux-musl/
>>> Jobs: 60 of 420 complete, 4 running             Load avg: 5.41, 5.04, 3.91
>>> Jobs: 60 of 420 complete, 3 running             Load avg: 5.41, 5.04, 3.91
>>> Recording net-misc/curl in "world" favorites file...
>>> Jobs: 60 of 420 complete, 3 running             Load avg: 5.22, 5.00, 3.90
>>> Jobs: 61 of 420 complete, 3 running             Load avg: 5.22, 5.00, 3.90
>>> Installing (74 of 420) media-libs/xvid-1.3.7-r2::gentoo to /usr/i586-tcc-linux-musl/
>>> Jobs: 61 of 420 complete, 3 running             Load avg: 4.79, 4.92, 3.89
>>> Jobs: 61 of 420 complete, 2 running             Load avg: 4.79, 4.92, 3.89
>>> Jobs: 61 of 420 complete, 3 running             Load avg: 4.79, 4.92, 3.89
>>> Emerging (77 of 420) media-libs/jbig2dec-0.20::gentoo for /usr/i586-tcc-linux-musl/
>>> Jobs: 61 of 420 complete, 3 running             Load avg: 4.79, 4.92, 3.89
>>> Jobs: 61 of 420 complete, 4 running             Load avg: 4.73, 4.91, 3.90
>>> Emerging (78 of 420) virtual/yacc-0::gentoo for /usr/i586-tcc-linux-musl/
>>> Jobs: 61 of 420 complete, 4 running             Load avg: 4.73, 4.91, 3.90
>>> Jobs: 62 of 420 complete, 4 running             Load avg: 4.73, 4.91, 3.90
>>> Jobs: 62 of 420 complete, 5 running             Load avg: 4.67, 4.89, 3.90
>>> Emerging (79 of 420) dev-lang/nasm-2.16.03::gentoo for /usr/i586-tcc-linux-musl/
>>> Jobs: 62 of 420 complete, 5 running             Load avg: 4.67, 4.89, 3.90
>>> Installing (78 of 420) virtual/yacc-0::gentoo to /usr/i586-tcc-linux-musl/
>>> Jobs: 62 of 420 complete, 5 running             Load avg: 5.18, 4.99, 3.95
>>> Jobs: 62 of 420 complete, 4 running             Load avg: 5.18, 4.99, 3.95
>>> Jobs: 63 of 420 complete, 4 running             Load avg: 5.01, 4.96, 3.94
>>> Installing (77 of 420) media-libs/jbig2dec-0.20::gentoo to /usr/i586-tcc-linux-musl/
>>> Jobs: 63 of 420 complete, 4 running             Load avg: 5.25, 5.01, 3.98
>>> Jobs: 63 of 420 complete, 3 running             Load avg: 5.25, 5.01, 3.98
>>> Installing (76 of 420) dev-libs/libxml2-2.13.5::gentoo to /usr/i586-tcc-linux-musl/
>>> Jobs: 63 of 420 complete, 3 running             Load avg: 4.99, 4.96, 3.96
>>> Jobs: 63 of 420 complete, 2 running             Load avg: 4.99, 4.96, 3.96
>>> Jobs: 63 of 420 complete, 3 running             Load avg: 4.99, 4.96, 3.96
>>> Emerging (80 of 420) dev-libs/libassuan-2.5.7::gentoo for /usr/i586-tcc-linux-musl/
>>> Jobs: 63 of 420 complete, 3 running             Load avg: 4.99, 4.96, 3.96
>>> Jobs: 63 of 420 complete, 4 running             Load avg: 4.99, 4.96, 3.96
>>> Emerging (81 of 420) dev-libs/libcdio-2.1.0-r2::gentoo for /usr/i586-tcc-linux-musl/
>>> Jobs: 63 of 420 complete, 4 running             Load avg: 4.99, 4.96, 3.96
>>> Jobs: 63 of 420 complete, 5 running             Load avg: 4.99, 4.96, 3.96
>>> Emerging (82 of 420) dev-libs/libgcrypt-1.10.3-r2::gentoo for /usr/i586-tcc-linux-musl/
>>> Jobs: 63 of 420 complete, 5 running             Load avg: 4.99, 4.96, 3.96
>>> Jobs: 64 of 420 complete, 5 running             Load avg: 4.99, 4.96, 3.96
>>> Jobs: 65 of 420 complete, 5 running             Load avg: 5.06, 4.98, 3.98
>>> Installing (75 of 420) media-sound/mpg123-1.32.3-r100::gentoo to /usr/i586-tcc-linux-musl/
>>> Jobs: 65 of 420 complete, 5 running             Load avg: 5.21, 5.02, 4.00
>>> Jobs: 65 of 420 complete, 4 running             Load avg: 5.21, 5.02, 4.00
>>> Jobs: 66 of 420 complete, 4 running             Load avg: 5.43, 5.06, 4.03
>>> Installing (79 of 420) dev-lang/nasm-2.16.03::gentoo to /usr/i586-tcc-linux-musl/
>>> Jobs: 66 of 420 complete, 4 running             Load avg: 5.31, 5.05, 4.03
>>> Jobs: 66 of 420 complete, 3 running             Load avg: 5.31, 5.05, 4.03
>>> Recording dev-lang/nasm in "world" favorites file...
>>> Jobs: 66 of 420 complete, 3 running             Load avg: 5.35, 5.06, 4.04
>>> Jobs: 67 of 420 complete, 3 running             Load avg: 5.35, 5.06, 4.04
>>> Installing (80 of 420) dev-libs/libassuan-2.5.7::gentoo to /usr/i586-tcc-linux-musl/
>>> Jobs: 67 of 420 complete, 3 running             Load avg: 4.75, 4.94, 4.03
>>> Jobs: 67 of 420 complete, 2 running             Load avg: 4.75, 4.94, 4.03
>>> Jobs: 67 of 420 complete, 3 running             Load avg: 4.75, 4.94, 4.03
>>> Emerging (83 of 420) dev-util/dialog-1.3.20240307::gentoo for /usr/i586-tcc-linux-musl/
>>> Jobs: 67 of 420 complete, 3 running             Load avg: 4.75, 4.94, 4.03
>>> Jobs: 67 of 420 complete, 4 running             Load avg: 4.52, 4.89, 4.02
>>> Emerging (84 of 420) dev-vcs/git-2.35.1::gentoo for /usr/i586-tcc-linux-musl/
>>> Jobs: 67 of 420 complete, 4 running             Load avg: 4.52, 4.89, 4.02
>>> Recording dev-libs/libassuan in "world" favorites file...
>>> Jobs: 67 of 420 complete, 4 running             Load avg: 4.52, 4.89, 4.02
>>> Jobs: 68 of 420 complete, 4 running             Load avg: 4.52, 4.89, 4.02
>>> Jobs: 68 of 420 complete, 5 running             Load avg: 4.72, 4.93, 4.03
>>> Emerging (85 of 420) dev-vcs/rcs-5.9.4::gentoo for /usr/i586-tcc-linux-musl/
>>> Jobs: 68 of 420 complete, 5 running             Load avg: 4.72, 4.93, 4.03
>>> Installing (81 of 420) dev-libs/libcdio-2.1.0-r2::gentoo to /usr/i586-tcc-linux-musl/
>>> Jobs: 68 of 420 complete, 5 running             Load avg: 4.72, 4.93, 4.03
>>> Jobs: 68 of 420 complete, 4 running             Load avg: 4.72, 4.93, 4.03
>>> Jobs: 68 of 420 complete, 5 running             Load avg: 4.58, 4.90, 4.03
>>> Emerging (86 of 420) sys-devel/automake-1.16.5-r2::gentoo for /usr/i586-tcc-linux-musl/
>>> Jobs: 68 of 420 complete, 5 running             Load avg: 4.58, 4.90, 4.03
>>> Recording dev-libs/libcdio in "world" favorites file...
>>> Jobs: 68 of 420 complete, 5 running             Load avg: 4.43, 4.85, 4.02
>>> Jobs: 69 of 420 complete, 5 running             Load avg: 4.43, 4.85, 4.02
>>> Installing (82 of 420) dev-libs/libgcrypt-1.10.3-r2::gentoo to /usr/i586-tcc-linux-musl/
>>> Jobs: 69 of 420 complete, 5 running             Load avg: 5.67, 5.12, 4.14
>>> Jobs: 69 of 420 complete, 4 running             Load avg: 5.67, 5.12, 4.14
>>> Recording dev-libs/libgcrypt in "world" favorites file...
>>> Jobs: 69 of 420 complete, 4 running             Load avg: 5.57, 5.12, 4.15
>>> Jobs: 70 of 420 complete, 4 running             Load avg: 5.57, 5.12, 4.15
>>> Installing (83 of 420) dev-util/dialog-1.3.20240307::gentoo to /usr/i586-tcc-linux-musl/
>>> Jobs: 70 of 420 complete, 4 running             Load avg: 5.57, 5.12, 4.15
>>> Jobs: 70 of 420 complete, 3 running             Load avg: 5.57, 5.12, 4.15
>>> Recording dev-util/dialog in "world" favorites file...
>>> Jobs: 70 of 420 complete, 3 running             Load avg: 5.44, 5.10, 4.15
>>> Jobs: 71 of 420 complete, 3 running             Load avg: 5.44, 5.10, 4.15
>>> Installing (86 of 420) sys-devel/automake-1.16.5-r2::gentoo to /usr/i586-tcc-linux-musl/
>>> Jobs: 71 of 420 complete, 3 running             Load avg: 5.07, 5.03, 4.13
>>> Jobs: 71 of 420 complete, 2 running             Load avg: 5.07, 5.03, 4.13
>>> Recording sys-devel/automake in "world" favorites file...
>>> Jobs: 71 of 420 complete, 2 running             Load avg: 4.83, 4.98, 4.13
>>> Jobs: 72 of 420 complete, 2 running             Load avg: 4.83, 4.98, 4.13
>>> Jobs: 72 of 420 complete, 3 running             Load avg: 4.83, 4.98, 4.13
>>> Emerging (87 of 420) sys-libs/db-6.0.35-r5::gentoo for /usr/i586-tcc-linux-musl/
>>> Jobs: 72 of 420 complete, 3 running             Load avg: 4.83, 4.98, 4.13
>>> Jobs: 72 of 420 complete, 4 running             Load avg: 4.83, 4.98, 4.13
>>> Emerging (88 of 420) sys-libs/gdbm-1.24::gentoo for /usr/i586-tcc-linux-musl/
>>> Jobs: 72 of 420 complete, 4 running             Load avg: 5.00, 5.01, 4.14
>>> Installing (84 of 420) dev-vcs/git-2.35.1::gentoo to /usr/i586-tcc-linux-musl/
>>> Jobs: 72 of 420 complete, 4 running             Load avg: 5.88, 5.22, 4.25
>>> Jobs: 72 of 420 complete, 3 running             Load avg: 5.88, 5.22, 4.25
>>> Recording dev-vcs/git in "world" favorites file...
>>> Jobs: 72 of 420 complete, 3 running             Load avg: 5.29, 5.12, 4.24
>>> Jobs: 73 of 420 complete, 3 running             Load avg: 5.29, 5.12, 4.24
>>> Installing (85 of 420) dev-vcs/rcs-5.9.4::gentoo to /usr/i586-tcc-linux-musl/
>>> Jobs: 73 of 420 complete, 3 running             Load avg: 5.10, 5.09, 4.23
>>> Jobs: 73 of 420 complete, 2 running             Load avg: 5.10, 5.09, 4.23
>>> Recording dev-vcs/rcs in "world" favorites file...
>>> Jobs: 73 of 420 complete, 2 running             Load avg: 4.86, 5.04, 4.22
>>> Jobs: 74 of 420 complete, 2 running             Load avg: 4.86, 5.04, 4.22
>>> Jobs: 74 of 420 complete, 3 running             Load avg: 4.86, 5.04, 4.22
>>> Emerging (89 of 420) www-client/lynx-2.9.2::gentoo for /usr/i586-tcc-linux-musl/
>>> Jobs: 74 of 420 complete, 3 running             Load avg: 4.86, 5.04, 4.22
>>> Jobs: 74 of 420 complete, 4 running             Load avg: 4.86, 5.04, 4.22
>>> Emerging (90 of 420) x11-base/xorg-proto-2024.1::gentoo for /usr/i586-tcc-linux-musl/
>>> Jobs: 74 of 420 complete, 4 running             Load avg: 4.86, 5.04, 4.22
>>> Jobs: 74 of 420 complete, 5 running             Load avg: 4.86, 5.04, 4.22
>>> Emerging (91 of 420) media-gfx/sane-backends-1.1.1-r2::gentoo for /usr/i586-tcc-linux-musl/
>>> Jobs: 74 of 420 complete, 5 running             Load avg: 4.86, 5.04, 4.22
>>> Installing (88 of 420) sys-libs/gdbm-1.24::gentoo to /usr/i586-tcc-linux-musl/
>>> Jobs: 74 of 420 complete, 5 running             Load avg: 5.03, 5.07, 4.24
>>> Jobs: 74 of 420 complete, 4 running             Load avg: 5.11, 5.08, 4.25
>>> Recording sys-libs/gdbm in "world" favorites file...
>>> Jobs: 74 of 420 complete, 4 running             Load avg: 5.10, 5.08, 4.25
>>> Jobs: 75 of 420 complete, 4 running             Load avg: 5.10, 5.08, 4.25
>>> Installing (87 of 420) sys-libs/db-6.0.35-r5::gentoo to /usr/i586-tcc-linux-musl/
>>> Jobs: 75 of 420 complete, 4 running             Load avg: 5.11, 5.08, 4.27
>>> Jobs: 75 of 420 complete, 3 running             Load avg: 5.11, 5.08, 4.27
>>> Recording sys-libs/db in "world" favorites file...
>>> Jobs: 75 of 420 complete, 3 running             Load avg: 5.01, 5.06, 4.28
>>> Jobs: 76 of 420 complete, 3 running             Load avg: 5.01, 5.06, 4.28
>>> Installing (90 of 420) x11-base/xorg-proto-2024.1::gentoo to /usr/i586-tcc-linux-musl/
>>> Jobs: 76 of 420 complete, 3 running             Load avg: 5.42, 5.14, 4.31
>>> Jobs: 76 of 420 complete, 2 running             Load avg: 5.42, 5.14, 4.31
>>> Recording x11-base/xorg-proto in "world" favorites file...
>>> Jobs: 76 of 420 complete, 2 running             Load avg: 5.15, 5.09, 4.30
>>> Jobs: 77 of 420 complete, 2 running             Load avg: 5.15, 5.09, 4.30
>>> Installing (89 of 420) www-client/lynx-2.9.2::gentoo to /usr/i586-tcc-linux-musl/
>>> Jobs: 77 of 420 complete, 2 running             Load avg: 4.54, 4.95, 4.27
>>> Jobs: 77 of 420 complete, 1 running             Load avg: 4.54, 4.95, 4.27
>>> Jobs: 77 of 420 complete, 2 running             Load avg: 4.54, 4.95, 4.27
>>> Emerging (92 of 420) dev-lang/python-exec-conf-2.4.6::gentoo for /usr/i586-tcc-linux-musl/
>>> Jobs: 77 of 420 complete, 2 running             Load avg: 4.54, 4.95, 4.27
>>> Jobs: 77 of 420 complete, 3 running             Load avg: 4.54, 4.95, 4.27
>>> Emerging (93 of 420) sys-apps/attr-9999::gentoo for /usr/i586-tcc-linux-musl/
>>> Jobs: 77 of 420 complete, 3 running             Load avg: 4.54, 4.95, 4.27
>>> Jobs: 77 of 420 complete, 4 running             Load avg: 4.54, 4.95, 4.27
>>> Emerging (94 of 420) app-arch/lzz-9999::gentoo for /usr/i586-tcc-linux-musl/
>>> Jobs: 77 of 420 complete, 4 running             Load avg: 4.54, 4.95, 4.27
>>> Jobs: 77 of 420 complete, 5 running             Load avg: 4.54, 4.95, 4.27
>>> Emerging (95 of 420) media-gfx/farbfeld-9999::gentoo for /usr/i586-tcc-linux-musl/
>>> Jobs: 77 of 420 complete, 5 running             Load avg: 4.54, 4.95, 4.27
>>> Recording www-client/lynx in "world" favorites file...
>>> Jobs: 77 of 420 complete, 5 running             Load avg: 4.98, 5.03, 4.31
>>> Jobs: 78 of 420 complete, 5 running             Load avg: 4.98, 5.03, 4.31
>>> Installing (95 of 420) media-gfx/farbfeld-9999::gentoo to /usr/i586-tcc-linux-musl/
>>> Jobs: 78 of 420 complete, 5 running             Load avg: 4.93, 5.02, 4.31
>>> Jobs: 78 of 420 complete, 4 running             Load avg: 4.93, 5.02, 4.31
>>> Jobs: 78 of 420 complete, 5 running             Load avg: 4.93, 5.02, 4.31
>>> Emerging (96 of 420) media-libs/libsixel-9999::gentoo for /usr/i586-tcc-linux-musl/
>>> Jobs: 78 of 420 complete, 5 running             Load avg: 4.93, 5.02, 4.31
>>> Recording media-gfx/farbfeld in "world" favorites file...
>>> Jobs: 78 of 420 complete, 5 running             Load avg: 4.78, 4.98, 4.31
>>> Jobs: 79 of 420 complete, 5 running             Load avg: 4.78, 4.98, 4.31
>>> Installing (91 of 420) media-gfx/sane-backends-1.1.1-r2::gentoo to /usr/i586-tcc-linux-musl/
>>> Jobs: 79 of 420 complete, 5 running             Load avg: 5.28, 5.08, 4.34
>>> Jobs: 79 of 420 complete, 4 running             Load avg: 5.28, 5.08, 4.34
>>> Recording media-gfx/sane-backends in "world" favorites file...
>>> Jobs: 79 of 420 complete, 4 running             Load avg: 4.99, 5.03, 4.33
>>> Jobs: 80 of 420 complete, 4 running             Load avg: 4.99, 5.03, 4.33
>>> Jobs: 80 of 420 complete, 5 running             Load avg: 4.99, 5.03, 4.33
>>> Emerging (97 of 420) app-shells/oksh-9999::gentoo for /usr/i586-tcc-linux-musl/
>>> Jobs: 80 of 420 complete, 5 running             Load avg: 4.99, 5.03, 4.33
>>> Installing (92 of 420) dev-lang/python-exec-conf-2.4.6::gentoo to /usr/i586-tcc-linux-musl/
>>> Jobs: 80 of 420 complete, 5 running             Load avg: 5.15, 5.06, 4.35
>>> Jobs: 80 of 420 complete, 4 running             Load avg: 5.15, 5.06, 4.35
>>> Jobs: 81 of 420 complete, 4 running             Load avg: 4.98, 5.03, 4.34
>>> Jobs: 81 of 420 complete, 5 running             Load avg: 4.98, 5.03, 4.34
>>> Emerging (98 of 420) dev-lang/python-exec-2.4.9::gentoo for /usr/i586-tcc-linux-musl/
>>> Jobs: 81 of 420 complete, 5 running             Load avg: 4.98, 5.03, 4.34
>>> Jobs: 81 of 420 complete, 4 running             Load avg: 4.98, 5.03, 4.34
>>> Jobs: 81 of 420 complete, 5 running             Load avg: 4.98, 5.03, 4.34
>>> Emerging (99 of 420) app-misc/abduco-9999::gentoo for /usr/i586-tcc-linux-musl/
>>> Jobs: 81 of 420 complete, 5 running             Load avg: 4.98, 5.03, 4.34
>>> Jobs: 81 of 420 complete, 4 running             Load avg: 5.14, 5.06, 4.36
>>> Installing (97 of 420) app-shells/oksh-9999::gentoo to /usr/i586-tcc-linux-musl/
>>> Jobs: 81 of 420 complete, 4 running             Load avg: 4.89, 5.01, 4.35
>>> Jobs: 81 of 420 complete, 3 running             Load avg: 4.89, 5.01, 4.35
>>> Jobs: 81 of 420 complete, 4 running             Load avg: 4.89, 5.01, 4.35
>>> Emerging (100 of 420) app-admin/sup-9999::gentoo for /usr/i586-tcc-linux-musl/
>>> Jobs: 81 of 420 complete, 4 running             Load avg: 4.89, 5.01, 4.35
>>> Jobs: 81 of 420 complete, 5 running             Load avg: 4.89, 5.01, 4.35
>>> Emerging (101 of 420) dev-libs/libatomic_ops-7.8.2::gentoo for /usr/i586-tcc-linux-musl/
>>> Jobs: 81 of 420 complete, 5 running             Load avg: 4.89, 5.01, 4.35
>>> Recording app-shells/oksh in "world" favorites file...
>>> Jobs: 81 of 420 complete, 5 running             Load avg: 4.82, 4.99, 4.35
>>> Jobs: 82 of 420 complete, 5 running             Load avg: 4.82, 4.99, 4.35
>>> Installing (99 of 420) app-misc/abduco-9999::gentoo to /usr/i586-tcc-linux-musl/
>>> Jobs: 82 of 420 complete, 5 running             Load avg: 5.31, 5.09, 4.39
>>> Jobs: 82 of 420 complete, 4 running             Load avg: 5.31, 5.09, 4.39
>>> Jobs: 83 of 420 complete, 4 running             Load avg: 5.05, 5.04, 4.38
>>> Installing (98 of 420) dev-lang/python-exec-2.4.9::gentoo to /usr/i586-tcc-linux-musl/
>>> Jobs: 83 of 420 complete, 4 running             Load avg: 4.96, 5.02, 4.38
>>> Jobs: 83 of 420 complete, 3 running             Load avg: 4.96, 5.02, 4.38
>>> Jobs: 83 of 420 complete, 4 running             Load avg: 4.96, 5.02, 4.38
>>> Emerging (102 of 420) sys-libs/gpm-1.20.7-r6::gentoo for /usr/i586-tcc-linux-musl/
>>> Jobs: 83 of 420 complete, 4 running             Load avg: 4.96, 5.02, 4.38
>>> Jobs: 83 of 420 complete, 5 running             Load avg: 4.80, 4.99, 4.37
>>> Emerging (103 of 420) dev-libs/libpcre-8.45-r3::gentoo for /usr/i586-tcc-linux-musl/
>>> Jobs: 83 of 420 complete, 5 running             Load avg: 4.80, 4.99, 4.37
>>> Jobs: 84 of 420 complete, 5 running             Load avg: 4.80, 4.99, 4.37
>>> Installing (100 of 420) app-admin/sup-9999::gentoo to /usr/i586-tcc-linux-musl/
>>> Jobs: 84 of 420 complete, 5 running             Load avg: 4.98, 5.02, 4.38
>>> Jobs: 84 of 420 complete, 4 running             Load avg: 4.98, 5.02, 4.38
>>> Jobs: 84 of 420 complete, 5 running             Load avg: 4.98, 5.02, 4.38
>>> Emerging (104 of 420) net-libs/rpcsvc-proto-1.4.4::gentoo for /usr/i586-tcc-linux-musl/
>>> Jobs: 84 of 420 complete, 5 running             Load avg: 4.98, 5.02, 4.38
>>> Recording app-admin/sup in "world" favorites file...
>>> Jobs: 84 of 420 complete, 5 running             Load avg: 4.82, 4.99, 4.37
>>> Jobs: 85 of 420 complete, 5 running             Load avg: 4.82, 4.99, 4.37
>>> Installing (96 of 420) media-libs/libsixel-9999::gentoo to /usr/i586-tcc-linux-musl/
>>> Jobs: 85 of 420 complete, 5 running             Load avg: 4.82, 4.99, 4.37
>>> Jobs: 85 of 420 complete, 4 running             Load avg: 4.82, 4.99, 4.37
>>> Jobs: 85 of 420 complete, 5 running             Load avg: 4.82, 4.99, 4.37
>>> Emerging (105 of 420) dev-libs/libsodium-1.0.19_p20240117::gentoo for /usr/i586-tcc-linux-musl/
>>> Jobs: 85 of 420 complete, 5 running             Load avg: 4.82, 4.99, 4.37
>>> Jobs: 86 of 420 complete, 5 running             Load avg: 5.00, 5.02, 4.39
>>> Installing (101 of 420) dev-libs/libatomic_ops-7.8.2::gentoo to /usr/i586-tcc-linux-musl/
>>> Jobs: 86 of 420 complete, 5 running             Load avg: 5.23, 5.07, 4.41
>>> Jobs: 86 of 420 complete, 4 running             Load avg: 5.23, 5.07, 4.41
>>> Jobs: 87 of 420 complete, 4 running             Load avg: 5.21, 5.07, 4.42
>>> Installing (102 of 420) sys-libs/gpm-1.20.7-r6::gentoo to /usr/i586-tcc-linux-musl/
>>> Jobs: 87 of 420 complete, 4 running             Load avg: 5.17, 5.07, 4.42
>>> Jobs: 87 of 420 complete, 3 running             Load avg: 5.17, 5.07, 4.42
>>> Jobs: 88 of 420 complete, 3 running             Load avg: 4.92, 5.02, 4.41
>>> Jobs: 88 of 420 complete, 4 running             Load avg: 4.92, 5.02, 4.41
>>> Emerging (106 of 420) media-libs/libsdl-1.2.15-r9::gentoo for /usr/i586-tcc-linux-musl/
>>> Jobs: 88 of 420 complete, 4 running             Load avg: 4.92, 5.02, 4.41
>>> Jobs: 88 of 420 complete, 5 running             Load avg: 4.93, 5.01, 4.42
>>> Emerging (107 of 420) media-video/ffmpeg-4.3.1::gentoo for /usr/i586-tcc-linux-musl/
>>> Jobs: 88 of 420 complete, 5 running             Load avg: 4.93, 5.01, 4.42
>>> Installing (104 of 420) net-libs/rpcsvc-proto-1.4.4::gentoo to /usr/i586-tcc-linux-musl/
>>> Jobs: 88 of 420 complete, 5 running             Load avg: 5.81, 5.21, 4.49
>>> Jobs: 88 of 420 complete, 4 running             Load avg: 5.81, 5.21, 4.49
>>> Jobs: 89 of 420 complete, 4 running             Load avg: 5.83, 5.24, 4.51
>>> Installing (103 of 420) dev-libs/libpcre-8.45-r3::gentoo to /usr/i586-tcc-linux-musl/
>>> Jobs: 89 of 420 complete, 4 running             Load avg: 5.83, 5.24, 4.51
>>> Jobs: 89 of 420 complete, 3 running             Load avg: 5.83, 5.24, 4.51
>>> Jobs: 90 of 420 complete, 3 running             Load avg: 5.61, 5.21, 4.51
>>> Installing (105 of 420) dev-libs/libsodium-1.0.19_p20240117::gentoo to /usr/i586-tcc-linux-musl/
>>> Jobs: 90 of 420 complete, 3 running             Load avg: 5.40, 5.17, 4.50
>>> Jobs: 90 of 420 complete, 2 running             Load avg: 5.40, 5.17, 4.50
>>> Jobs: 91 of 420 complete, 2 running             Load avg: 5.34, 5.17, 4.50
>>> Installing (106 of 420) media-libs/libsdl-1.2.15-r9::gentoo to /usr/i586-tcc-linux-musl/
>>> Jobs: 91 of 420 complete, 2 running             Load avg: 4.68, 5.01, 4.47
>>> Jobs: 91 of 420 complete, 1 running             Load avg: 4.68, 5.01, 4.47
>>> Jobs: 91 of 420 complete, 2 running             Load avg: 4.68, 5.01, 4.47
>>> Emerging (108 of 420) dev-libs/boehm-gc-8.2.8::gentoo for /usr/i586-tcc-linux-musl/
>>> Jobs: 91 of 420 complete, 2 running             Load avg: 4.68, 5.01, 4.47
>>> Jobs: 91 of 420 complete, 3 running             Load avg: 4.86, 5.05, 4.48
>>> Emerging (109 of 420) media-libs/netpbm-11.8.2::gentoo for /usr/i586-tcc-linux-musl/
>>> Jobs: 91 of 420 complete, 3 running             Load avg: 4.86, 5.05, 4.48
>>> Jobs: 91 of 420 complete, 4 running             Load avg: 4.86, 5.05, 4.48
>>> Emerging (110 of 420) net-dialup/dwun-0.96e-r6::gentoo for /usr/i586-tcc-linux-musl/
>>> Jobs: 91 of 420 complete, 4 running             Load avg: 4.86, 5.05, 4.48
>>> Recording media-libs/libsdl in "world" favorites file...
>>> Jobs: 91 of 420 complete, 4 running             Load avg: 4.86, 5.05, 4.48
>>> Jobs: 92 of 420 complete, 4 running             Load avg: 4.86, 5.05, 4.48
>>> Installing (110 of 420) net-dialup/dwun-0.96e-r6::gentoo to /usr/i586-tcc-linux-musl/
>>> Jobs: 92 of 420 complete, 4 running             Load avg: 5.74, 5.24, 4.58
>>> Jobs: 92 of 420 complete, 3 running             Load avg: 5.74, 5.24, 4.58
>>> Jobs: 93 of 420 complete, 3 running             Load avg: 5.32, 5.17, 4.56
>>> Installing (108 of 420) dev-libs/boehm-gc-8.2.8::gentoo to /usr/i586-tcc-linux-musl/
>>> Jobs: 93 of 420 complete, 3 running             Load avg: 5.32, 5.17, 4.56
>>> Jobs: 93 of 420 complete, 2 running             Load avg: 5.32, 5.17, 4.56
>>> Jobs: 94 of 420 complete, 2 running             Load avg: 5.14, 5.13, 4.55
>>> Installing (109 of 420) media-libs/netpbm-11.8.2::gentoo to /usr/i586-tcc-linux-musl/
>>> Jobs: 94 of 420 complete, 2 running             Load avg: 4.73, 5.04, 4.53
>>> Jobs: 94 of 420 complete, 1 running             Load avg: 4.73, 5.04, 4.53
>>> Jobs: 94 of 420 complete, 2 running             Load avg: 4.73, 5.04, 4.53
>>> Emerging (111 of 420) media-libs/sdl-image-1.2.12_p20220527-r1::gentoo for /usr/i586-tcc-linux-musl/
>>> Jobs: 94 of 420 complete, 2 running             Load avg: 4.73, 5.04, 4.53
>>> Jobs: 94 of 420 complete, 3 running             Load avg: 4.73, 5.04, 4.53
>>> Emerging (112 of 420) media-libs/sdl-net-1.2.8_p20221010::gentoo for /usr/i586-tcc-linux-musl/
>>> Jobs: 94 of 420 complete, 3 running             Load avg: 4.73, 5.04, 4.53
>>> Jobs: 94 of 420 complete, 4 running             Load avg: 4.83, 5.06, 4.54
>>> Emerging (113 of 420) media-libs/a52dec-0.7.4-r8::gentoo for /usr/i586-tcc-linux-musl/
>>> Jobs: 94 of 420 complete, 4 running             Load avg: 4.83, 5.06, 4.54
>>> Jobs: 95 of 420 complete, 4 running             Load avg: 5.16, 5.13, 4.56
>>> Installing (113 of 420) media-libs/a52dec-0.7.4-r8::gentoo to /usr/i586-tcc-linux-musl/
>>> Jobs: 95 of 420 complete, 4 running             Load avg: 5.66, 5.24, 4.62
>>> Jobs: 95 of 420 complete, 3 running             Load avg: 5.66, 5.24, 4.62
>>> Jobs: 96 of 420 complete, 3 running             Load avg: 5.36, 5.18, 4.61
>>> Installing (112 of 420) media-libs/sdl-net-1.2.8_p20221010::gentoo to /usr/i586-tcc-linux-musl/
>>> Jobs: 96 of 420 complete, 3 running             Load avg: 5.36, 5.18, 4.61
>>> Jobs: 96 of 420 complete, 2 running             Load avg: 5.36, 5.18, 4.61
>>> Recording media-libs/sdl-net in "world" favorites file...
>>> Jobs: 96 of 420 complete, 2 running             Load avg: 5.18, 5.15, 4.60
>>> Jobs: 97 of 420 complete, 2 running             Load avg: 5.18, 5.15, 4.60
>>> Installing (111 of 420) media-libs/sdl-image-1.2.12_p20220527-r1::gentoo to /usr/i586-tcc-linux-musl/
>>> Jobs: 97 of 420 complete, 2 running             Load avg: 4.92, 5.10, 4.59
>>> Jobs: 97 of 420 complete, 1 running             Load avg: 4.92, 5.10, 4.59
>>> Jobs: 97 of 420 complete, 2 running             Load avg: 5.09, 5.13, 4.60
>>> Emerging (114 of 420) media-libs/libdca-0.0.7::gentoo for /usr/i586-tcc-linux-musl/
>>> Jobs: 97 of 420 complete, 2 running             Load avg: 5.09, 5.13, 4.60
>>> Recording media-libs/sdl-image in "world" favorites file...
>>> Jobs: 97 of 420 complete, 2 running             Load avg: 5.00, 5.11, 4.60
>>> Jobs: 98 of 420 complete, 2 running             Load avg: 5.00, 5.11, 4.60
>>> Jobs: 98 of 420 complete, 3 running             Load avg: 4.29, 4.94, 4.56
>>> Emerging (115 of 420) media-libs/faac-1.30::gentoo for /usr/i586-tcc-linux-musl/
>>> Jobs: 98 of 420 complete, 3 running             Load avg: 4.29, 4.94, 4.56
>>> Jobs: 98 of 420 complete, 4 running             Load avg: 4.18, 4.90, 4.55
>>> Emerging (116 of 420) media-libs/libmng-2.0.3-r1::gentoo for /usr/i586-tcc-linux-musl/
>>> Jobs: 98 of 420 complete, 4 running             Load avg: 4.18, 4.90, 4.55
>>> Jobs: 98 of 420 complete, 5 running             Load avg: 4.73, 5.00, 4.58
>>> Emerging (117 of 420) media-libs/libdvdcss-1.4.3::gentoo for /usr/i586-tcc-linux-musl/
>>> Jobs: 98 of 420 complete, 5 running             Load avg: 4.73, 5.00, 4.58
>>> Installing (114 of 420) media-libs/libdca-0.0.7::gentoo to /usr/i586-tcc-linux-musl/
>>> Jobs: 98 of 420 complete, 5 running             Load avg: 4.73, 5.00, 4.58
>>> Jobs: 98 of 420 complete, 4 running             Load avg: 4.73, 5.00, 4.58
>>> Jobs: 98 of 420 complete, 5 running             Load avg: 4.73, 5.00, 4.58
>>> Emerging (118 of 420) media-libs/opusfile-0.12-r1::gentoo for /usr/i586-tcc-linux-musl/
>>> Jobs: 98 of 420 complete, 5 running             Load avg: 4.73, 5.00, 4.58
>>> Jobs: 99 of 420 complete, 5 running             Load avg: 5.17, 5.09, 4.61
>>> Installing (115 of 420) media-libs/faac-1.30::gentoo to /usr/i586-tcc-linux-musl/
>>> Jobs: 99 of 420 complete, 5 running             Load avg: 5.85, 5.26, 4.69
>>> Jobs: 99 of 420 complete, 4 running             Load avg: 5.85, 5.26, 4.69
>>> Jobs: 100 of 420 complete, 4 running            Load avg: 5.62, 5.22, 4.68
>>> Installing (118 of 420) media-libs/opusfile-0.12-r1::gentoo to /usr/i586-tcc-linux-musl/
>>> Jobs: 100 of 420 complete, 4 running            Load avg: 5.71, 5.26, 4.70
>>> Jobs: 100 of 420 complete, 3 running            Load avg: 5.71, 5.26, 4.70
>>> Jobs: 101 of 420 complete, 3 running            Load avg: 5.49, 5.22, 4.69
>>> Installing (117 of 420) media-libs/libdvdcss-1.4.3::gentoo to /usr/i586-tcc-linux-musl/
>>> Jobs: 101 of 420 complete, 3 running            Load avg: 5.49, 5.22, 4.69
>>> Jobs: 101 of 420 complete, 2 running            Load avg: 5.49, 5.22, 4.69
>>> Jobs: 102 of 420 complete, 2 running            Load avg: 5.53, 5.23, 4.70
>>> Installing (116 of 420) media-libs/libmng-2.0.3-r1::gentoo to /usr/i586-tcc-linux-musl/
>>> Jobs: 102 of 420 complete, 2 running            Load avg: 5.53, 5.23, 4.70
>>> Jobs: 102 of 420 complete, 1 running            Load avg: 5.53, 5.23, 4.70
>>> Jobs: 103 of 420 complete, 1 running            Load avg: 4.99, 5.13, 4.67
>>> Jobs: 103 of 420 complete, 2 running            Load avg: 4.99, 5.13, 4.67
>>> Emerging (119 of 420) media-libs/libdvdread-6.1.3::gentoo for /usr/i586-tcc-linux-musl/
>>> Jobs: 103 of 420 complete, 2 running            Load avg: 4.99, 5.13, 4.67
>>> Jobs: 103 of 420 complete, 3 running            Load avg: 4.75, 5.07, 4.66
>>> Emerging (120 of 420) media-libs/libexif-0.6.24::gentoo for /usr/i586-tcc-linux-musl/
>>> Jobs: 103 of 420 complete, 3 running            Load avg: 4.75, 5.07, 4.66
>>> Jobs: 103 of 420 complete, 4 running            Load avg: 4.75, 5.07, 4.66
>>> Emerging (121 of 420) dev-libs/cyrus-sasl-2.1.28-r5::gentoo for /usr/i586-tcc-linux-musl/
>>> Jobs: 103 of 420 complete, 4 running            Load avg: 5.09, 5.14, 4.68
>>> Installing (107 of 420) media-video/ffmpeg-4.3.1::gentoo to /usr/i586-tcc-linux-musl/
>>> Jobs: 103 of 420 complete, 4 running            Load avg: 4.99, 5.11, 4.68
>>> Jobs: 103 of 420 complete, 3 running            Load avg: 4.99, 5.11, 4.68
>>> Jobs: 103 of 420 complete, 4 running            Load avg: 4.99, 5.11, 4.68
>>> Emerging (122 of 420) net-libs/liblockfile-1.17::gentoo for /usr/i586-tcc-linux-musl/
>>> Jobs: 103 of 420 complete, 4 running            Load avg: 4.99, 5.11, 4.68
>>> Recording media-video/ffmpeg in "world" favorites file...
>>> Jobs: 103 of 420 complete, 4 running            Load avg: 5.28, 5.17, 4.71
>>> Jobs: 104 of 420 complete, 4 running            Load avg: 5.28, 5.17, 4.71
>>> Installing (119 of 420) media-libs/libdvdread-6.1.3::gentoo to /usr/i586-tcc-linux-musl/
>>> Jobs: 104 of 420 complete, 4 running            Load avg: 5.21, 5.17, 4.71
>>> Jobs: 104 of 420 complete, 3 running            Load avg: 5.21, 5.17, 4.71
>>> Jobs: 105 of 420 complete, 3 running            Load avg: 4.95, 5.11, 4.70
>>> Jobs: 105 of 420 complete, 4 running            Load avg: 4.95, 5.11, 4.70
>>> Emerging (123 of 420) media-libs/libdvdnav-6.1.1::gentoo for /usr/i586-tcc-linux-musl/
>>> Jobs: 105 of 420 complete, 4 running            Load avg: 4.95, 5.11, 4.70
>>> Jobs: 105 of 420 complete, 5 running            Load avg: 4.96, 5.11, 4.70
>>> Emerging (124 of 420) dev-libs/libtommath-1.2.1::gentoo for /usr/i586-tcc-linux-musl/
>>> Jobs: 105 of 420 complete, 5 running            Load avg: 4.96, 5.11, 4.70
>>> Installing (120 of 420) media-libs/libexif-0.6.24::gentoo to /usr/i586-tcc-linux-musl/
>>> Jobs: 105 of 420 complete, 5 running            Load avg: 4.96, 5.11, 4.70
>>> Jobs: 105 of 420 complete, 4 running            Load avg: 4.96, 5.11, 4.70
>>> Jobs: 105 of 420 complete, 5 running            Load avg: 4.72, 5.06, 4.68
>>> Emerging (125 of 420) app-crypt/libmd-1.0.4::gentoo for /usr/i586-tcc-linux-musl/
>>> Jobs: 105 of 420 complete, 5 running            Load avg: 4.72, 5.06, 4.68
>>> Installing (122 of 420) net-libs/liblockfile-1.17::gentoo to /usr/i586-tcc-linux-musl/
>>> Jobs: 105 of 420 complete, 5 running            Load avg: 4.34, 4.98, 4.66
>>> Jobs: 105 of 420 complete, 4 running            Load avg: 4.34, 4.98, 4.66
>>> Jobs: 105 of 420 complete, 5 running            Load avg: 4.34, 4.98, 4.66
>>> Emerging (126 of 420) app-misc/yaft-9999::gentoo for /usr/i586-tcc-linux-musl/
>>> Jobs: 105 of 420 complete, 5 running            Load avg: 4.34, 4.98, 4.66
>>> Jobs: 106 of 420 complete, 5 running            Load avg: 5.23, 5.14, 4.72
>>> Jobs: 107 of 420 complete, 5 running            Load avg: 5.23, 5.14, 4.72
>>> Installing (121 of 420) dev-libs/cyrus-sasl-2.1.28-r5::gentoo to /usr/i586-tcc-linux-musl/
>>> Jobs: 107 of 420 complete, 5 running            Load avg: 5.75, 5.25, 4.76
>>> Jobs: 107 of 420 complete, 4 running            Load avg: 5.75, 5.25, 4.76
>>> Jobs: 108 of 420 complete, 4 running            Load avg: 5.61, 5.23, 4.75
>>> Installing (123 of 420) media-libs/libdvdnav-6.1.1::gentoo to /usr/i586-tcc-linux-musl/
>>> Jobs: 108 of 420 complete, 4 running            Load avg: 5.40, 5.20, 4.75
>>> Jobs: 108 of 420 complete, 3 running            Load avg: 5.40, 5.20, 4.75
>>> Jobs: 109 of 420 complete, 3 running            Load avg: 5.13, 5.15, 4.74
>>> Installing (124 of 420) dev-libs/libtommath-1.2.1::gentoo to /usr/i586-tcc-linux-musl/
>>> Jobs: 109 of 420 complete, 3 running            Load avg: 5.13, 5.15, 4.74
>>> Jobs: 109 of 420 complete, 2 running            Load avg: 5.13, 5.15, 4.74
>>> Recording dev-libs/libtommath in "world" favorites file...
>>> Jobs: 109 of 420 complete, 2 running            Load avg: 4.88, 5.10, 4.72
>>> Installing (126 of 420) app-misc/yaft-9999::gentoo to /usr/i586-tcc-linux-musl/
>>> Jobs: 109 of 420 complete, 2 running            Load avg: 4.88, 5.10, 4.72
>>> Jobs: 109 of 420 complete, 1 running            Load avg: 4.88, 5.10, 4.72
>>> Jobs: 109 of 420 complete, 2 running            Load avg: 4.88, 5.10, 4.72
>>> Emerging (127 of 420) app-misc/dvtm-9999::gentoo for /usr/i586-tcc-linux-musl/
>>> Jobs: 109 of 420 complete, 2 running            Load avg: 4.88, 5.10, 4.72
>>> Jobs: 110 of 420 complete, 2 running            Load avg: 4.88, 5.10, 4.72
>>> Jobs: 110 of 420 complete, 3 running            Load avg: 4.73, 5.06, 4.71
>>> Emerging (128 of 420) dev-libs/libtomcrypt-1.18.2-r4::gentoo for /usr/i586-tcc-linux-musl/
>>> Jobs: 110 of 420 complete, 3 running            Load avg: 4.73, 5.06, 4.71
>>> Jobs: 111 of 420 complete, 3 running            Load avg: 4.51, 5.01, 4.70
>>> Installing (125 of 420) app-crypt/libmd-1.0.4::gentoo to /usr/i586-tcc-linux-musl/
>>> Jobs: 111 of 420 complete, 3 running            Load avg: 4.51, 5.01, 4.70
>>> Jobs: 111 of 420 complete, 2 running            Load avg: 4.51, 5.01, 4.70
>>> Jobs: 111 of 420 complete, 3 running            Load avg: 4.51, 5.01, 4.70
>>> Emerging (129 of 420) dev-libs/libtermkey-0.22-r2::gentoo for /usr/i586-tcc-linux-musl/
>>> Jobs: 111 of 420 complete, 3 running            Load avg: 4.51, 5.01, 4.70
>>> Jobs: 111 of 420 complete, 4 running            Load avg: 4.51, 5.01, 4.70
>>> Emerging (130 of 420) app-crypt/mhash-0.9.9.9-r3::gentoo for /usr/i586-tcc-linux-musl/
>>> Jobs: 111 of 420 complete, 4 running            Load avg: 4.51, 5.01, 4.70
>>> Jobs: 111 of 420 complete, 5 running            Load avg: 4.39, 4.98, 4.69
>>> Emerging (131 of 420) dev-libs/lzo-2.10::gentoo for /usr/i586-tcc-linux-musl/
>>> Jobs: 111 of 420 complete, 5 running            Load avg: 4.39, 4.98, 4.69
>>> Jobs: 112 of 420 complete, 5 running            Load avg: 4.39, 4.98, 4.69
>>> Installing (129 of 420) dev-libs/libtermkey-0.22-r2::gentoo to /usr/i586-tcc-linux-musl/
>>> Jobs: 112 of 420 complete, 5 running            Load avg: 5.15, 5.11, 4.74
>>> Jobs: 112 of 420 complete, 4 running            Load avg: 5.15, 5.11, 4.74
>>> Jobs: 113 of 420 complete, 4 running            Load avg: 5.12, 5.11, 4.74
>>> Installing (127 of 420) app-misc/dvtm-9999::gentoo to /usr/i586-tcc-linux-musl/
>>> Jobs: 113 of 420 complete, 4 running            Load avg: 5.12, 5.11, 4.74
>>> Jobs: 113 of 420 complete, 3 running            Load avg: 5.12, 5.11, 4.74
>>> Jobs: 114 of 420 complete, 3 running            Load avg: 5.11, 5.10, 4.74
>>> Installing (128 of 420) dev-libs/libtomcrypt-1.18.2-r4::gentoo to /usr/i586-tcc-linux-musl/
>>> Jobs: 114 of 420 complete, 3 running            Load avg: 4.94, 5.07, 4.73
>>> Jobs: 114 of 420 complete, 2 running            Load avg: 4.94, 5.07, 4.73
>>> Jobs: 114 of 420 complete, 3 running            Load avg: 4.94, 5.07, 4.73
>>> Emerging (132 of 420) dev-libs/libbsd-0.11.8::gentoo for /usr/i586-tcc-linux-musl/
>>> Jobs: 114 of 420 complete, 3 running            Load avg: 4.94, 5.07, 4.73
>>> Jobs: 114 of 420 complete, 4 running            Load avg: 4.78, 5.03, 4.72
>>> Emerging (133 of 420) media-gfx/qrencode-4.1.1-r1::gentoo for /usr/i586-tcc-linux-musl/
>>> Jobs: 114 of 420 complete, 4 running            Load avg: 4.78, 5.03, 4.72
>>> Jobs: 115 of 420 complete, 4 running            Load avg: 4.78, 5.03, 4.72
>>> Jobs: 115 of 420 complete, 5 running            Load avg: 4.80, 5.03, 4.73
>>> Emerging (134 of 420) app-text/mupdf-1.8::gentoo for /usr/i586-tcc-linux-musl/
>>> Jobs: 115 of 420 complete, 5 running            Load avg: 4.80, 5.03, 4.73
>>> Installing (130 of 420) app-crypt/mhash-0.9.9.9-r3::gentoo to /usr/i586-tcc-linux-musl/
>>> Jobs: 115 of 420 complete, 5 running            Load avg: 4.99, 5.07, 4.74
>>> Jobs: 115 of 420 complete, 4 running            Load avg: 4.99, 5.07, 4.74
>>> Jobs: 115 of 420 complete, 5 running            Load avg: 4.99, 5.07, 4.74
>>> Emerging (135 of 420) dev-db/libdbi-0.9.0::gentoo for /usr/i586-tcc-linux-musl/
>>> Jobs: 115 of 420 complete, 5 running            Load avg: 4.99, 5.07, 4.74
>>> Installing (131 of 420) dev-libs/lzo-2.10::gentoo to /usr/i586-tcc-linux-musl/
>>> Jobs: 115 of 420 complete, 5 running            Load avg: 5.31, 5.13, 4.76
>>> Jobs: 115 of 420 complete, 4 running            Load avg: 5.31, 5.13, 4.76
>>> Jobs: 116 of 420 complete, 4 running            Load avg: 5.31, 5.13, 4.76
>>> Jobs: 117 of 420 complete, 4 running            Load avg: 5.10, 5.09, 4.76
>>> Installing (133 of 420) media-gfx/qrencode-4.1.1-r1::gentoo to /usr/i586-tcc-linux-musl/
>>> Jobs: 117 of 420 complete, 4 running            Load avg: 5.17, 5.11, 4.76
>>> Jobs: 117 of 420 complete, 3 running            Load avg: 5.17, 5.11, 4.76
>>> Jobs: 118 of 420 complete, 3 running            Load avg: 5.32, 5.14, 4.77
>>> Installing (132 of 420) dev-libs/libbsd-0.11.8::gentoo to /usr/i586-tcc-linux-musl/
>>> Jobs: 118 of 420 complete, 3 running            Load avg: 5.12, 5.10, 4.77
>>> Jobs: 118 of 420 complete, 2 running            Load avg: 5.12, 5.10, 4.77
>>> Recording dev-libs/libbsd in "world" favorites file...
>>> Jobs: 118 of 420 complete, 2 running            Load avg: 4.88, 5.05, 4.75
>>> Jobs: 119 of 420 complete, 2 running            Load avg: 4.88, 5.05, 4.75
>>> Jobs: 119 of 420 complete, 3 running            Load avg: 4.88, 5.05, 4.75
>>> Emerging (136 of 420) dev-libs/libdnet-1.16.4::gentoo for /usr/i586-tcc-linux-musl/
>>> Jobs: 119 of 420 complete, 3 running            Load avg: 4.88, 5.05, 4.75
>>> Jobs: 119 of 420 complete, 4 running            Load avg: 4.73, 5.01, 4.74
>>> Emerging (137 of 420) dev-util/samurai-9999::gentoo for /usr/i586-tcc-linux-musl/
>>> Jobs: 119 of 420 complete, 4 running            Load avg: 4.73, 5.01, 4.74
>>> Jobs: 119 of 420 complete, 5 running            Load avg: 4.59, 4.98, 4.73
>>> Emerging (138 of 420) sys-apps/baselayout-2.17::gentoo for /usr/i586-tcc-linux-musl/
>>> Jobs: 119 of 420 complete, 5 running            Load avg: 4.59, 4.98, 4.73
>>> Installing (135 of 420) dev-db/libdbi-0.9.0::gentoo to /usr/i586-tcc-linux-musl/
>>> Jobs: 119 of 420 complete, 5 running            Load avg: 4.94, 5.05, 4.76
>>> Jobs: 119 of 420 complete, 4 running            Load avg: 4.94, 5.05, 4.76
>>> Jobs: 119 of 420 complete, 5 running            Load avg: 4.94, 5.05, 4.76
>>> Emerging (139 of 420) sys-apps/kbd-2.6.4::gentoo for /usr/i586-tcc-linux-musl/
>>> Jobs: 119 of 420 complete, 5 running            Load avg: 4.94, 5.05, 4.76
>>> Recording dev-db/libdbi in "world" favorites file...
>>> Jobs: 119 of 420 complete, 5 running            Load avg: 4.94, 5.04, 4.76
>>> Jobs: 120 of 420 complete, 5 running            Load avg: 4.94, 5.04, 4.76
>>> Installing (134 of 420) app-text/mupdf-1.8::gentoo to /usr/i586-tcc-linux-musl/
>>> Jobs: 120 of 420 complete, 5 running            Load avg: 5.10, 5.08, 4.77
>>> Jobs: 120 of 420 complete, 4 running            Load avg: 5.10, 5.08, 4.77
>>> Recording app-text/mupdf in "world" favorites file...
>>> Jobs: 120 of 420 complete, 4 running            Load avg: 4.93, 5.04, 4.76
>>> Jobs: 121 of 420 complete, 4 running            Load avg: 4.93, 5.04, 4.76
>>> Jobs: 121 of 420 complete, 5 running            Load avg: 4.93, 5.04, 4.76
>>> Emerging (140 of 420) dev-db/libdbi-drivers-0.9.0-r3::gentoo for /usr/i586-tcc-linux-musl/
>>> Jobs: 121 of 420 complete, 5 running            Load avg: 4.93, 5.04, 4.76
>>> Jobs: 121 of 420 complete, 4 running            Load avg: 5.09, 5.07, 4.78
>>> Jobs: 121 of 420 complete, 3 running            Load avg: 5.09, 5.07, 4.78
>>> Installing (136 of 420) dev-libs/libdnet-1.16.4::gentoo to /usr/i586-tcc-linux-musl/
>>> Jobs: 121 of 420 complete, 3 running            Load avg: 4.77, 5.00, 4.76
>>> Jobs: 121 of 420 complete, 2 running            Load avg: 4.71, 4.99, 4.75
>>> Jobs: 121 of 420 complete, 3 running            Load avg: 4.71, 4.99, 4.75
>>> Emerging (141 of 420) sys-devel/make-3.82-r4::gentoo for /usr/i586-tcc-linux-musl/
>>> Jobs: 121 of 420 complete, 3 running            Load avg: 4.71, 4.99, 4.75
>>> Jobs: 121 of 420 complete, 4 running            Load avg: 4.71, 4.99, 4.75
>>> Emerging (142 of 420) app-admin/chrpath-0.16-r1::gentoo for /usr/i586-tcc-linux-musl/
>>> Jobs: 121 of 420 complete, 4 running            Load avg: 4.71, 4.99, 4.75
>>> Jobs: 122 of 420 complete, 4 running            Load avg: 4.89, 5.02, 4.76
>>> Jobs: 122 of 420 complete, 5 running            Load avg: 4.89, 5.02, 4.76
>>> Emerging (143 of 420) app-admin/pass-1.7.4-r2::gentoo for /usr/i586-tcc-linux-musl/
>>> Jobs: 122 of 420 complete, 5 running            Load avg: 4.89, 5.02, 4.76
>>> Installing (143 of 420) app-admin/pass-1.7.4-r2::gentoo to /usr/i586-tcc-linux-musl/
>>> Jobs: 122 of 420 complete, 5 running            Load avg: 5.22, 5.08, 4.79
>>> Jobs: 122 of 420 complete, 4 running            Load avg: 5.22, 5.08, 4.79
>>> Recording app-admin/pass in "world" favorites file...
>>> Jobs: 122 of 420 complete, 4 running            Load avg: 5.19, 5.08, 4.79
>>> Jobs: 123 of 420 complete, 4 running            Load avg: 5.19, 5.08, 4.79
>>> Jobs: 123 of 420 complete, 3 running            Load avg: 5.19, 5.08, 4.79
>>> Installing (140 of 420) dev-db/libdbi-drivers-0.9.0-r3::gentoo to /usr/i586-tcc-linux-musl/
>>> Jobs: 123 of 420 complete, 3 running            Load avg: 4.99, 5.04, 4.79
>>> Jobs: 123 of 420 complete, 2 running            Load avg: 4.99, 5.04, 4.79
>>> Jobs: 123 of 420 complete, 3 running            Load avg: 4.99, 5.04, 4.79
>>> Emerging (144 of 420) app-admin/verynice-1.1-r3::gentoo for /usr/i586-tcc-linux-musl/
>>> Jobs: 123 of 420 complete, 3 running            Load avg: 4.99, 5.04, 4.79
>>> Jobs: 123 of 420 complete, 4 running            Load avg: 4.75, 4.99, 4.77
>>> Emerging (145 of 420) app-arch/lzop-1.04-r1::gentoo for /usr/i586-tcc-linux-musl/
>>> Jobs: 123 of 420 complete, 4 running            Load avg: 4.75, 4.99, 4.77
>>> Jobs: 124 of 420 complete, 4 running            Load avg: 4.75, 4.99, 4.77
>>> Installing (142 of 420) app-admin/chrpath-0.16-r1::gentoo to /usr/i586-tcc-linux-musl/
>>> Jobs: 124 of 420 complete, 4 running            Load avg: 4.75, 4.99, 4.77
>>> Jobs: 124 of 420 complete, 3 running            Load avg: 4.75, 4.99, 4.77
>>> Jobs: 124 of 420 complete, 4 running            Load avg: 4.75, 4.99, 4.77
>>> Emerging (146 of 420) app-benchmarks/stress-1.0.7::gentoo for /usr/i586-tcc-linux-musl/
>>> Jobs: 124 of 420 complete, 4 running            Load avg: 4.75, 4.99, 4.77
>>> Jobs: 124 of 420 complete, 5 running            Load avg: 4.45, 4.93, 4.75
>>> Emerging (147 of 420) app-cdr/cdrtools-3.02_alpha09-r5::gentoo for /usr/i586-tcc-linux-musl/
>>> Jobs: 124 of 420 complete, 5 running            Load avg: 4.45, 4.93, 4.75
>>> Jobs: 124 of 420 complete, 4 running            Load avg: 4.09, 4.85, 4.73
>>> Jobs: 124 of 420 complete, 5 running            Load avg: 4.09, 4.85, 4.73
>>> Emerging (148 of 420) app-crypt/aespipe-2.4f::gentoo for /usr/i586-tcc-linux-musl/
>>> Jobs: 124 of 420 complete, 5 running            Load avg: 4.09, 4.85, 4.73
>>> Recording app-admin/chrpath in "world" favorites file...
>>> Jobs: 124 of 420 complete, 5 running            Load avg: 4.31, 4.87, 4.74
>>> Jobs: 125 of 420 complete, 5 running            Load avg: 4.31, 4.87, 4.74
>>> Installing (144 of 420) app-admin/verynice-1.1-r3::gentoo to /usr/i586-tcc-linux-musl/
>>> Jobs: 125 of 420 complete, 5 running            Load avg: 4.53, 4.90, 4.75
>>> Jobs: 125 of 420 complete, 4 running            Load avg: 4.53, 4.90, 4.75
>>> Jobs: 125 of 420 complete, 5 running            Load avg: 4.53, 4.90, 4.75
>>> Emerging (149 of 420) app-crypt/elosetup-9999::gentoo for /usr/i586-tcc-linux-musl/
>>> Jobs: 125 of 420 complete, 5 running            Load avg: 4.53, 4.90, 4.75
>>> Recording app-admin/verynice in "world" favorites file...
>>> Jobs: 125 of 420 complete, 5 running            Load avg: 4.88, 4.97, 4.77
>>> Jobs: 126 of 420 complete, 5 running            Load avg: 4.88, 4.97, 4.77
>>> Installing (148 of 420) app-crypt/aespipe-2.4f::gentoo to /usr/i586-tcc-linux-musl/
>>> Jobs: 126 of 420 complete, 5 running            Load avg: 5.56, 5.12, 4.83
>>> Jobs: 126 of 420 complete, 4 running            Load avg: 5.56, 5.12, 4.83
>>> Recording app-crypt/aespipe in "world" favorites file...
>>> Jobs: 126 of 420 complete, 4 running            Load avg: 5.36, 5.08, 4.82
>>> Jobs: 127 of 420 complete, 4 running            Load avg: 5.36, 5.08, 4.82
>>> Installing (149 of 420) app-crypt/elosetup-9999::gentoo to /usr/i586-tcc-linux-musl/
>>> Jobs: 127 of 420 complete, 4 running            Load avg: 5.33, 5.08, 4.82
>>> Jobs: 127 of 420 complete, 3 running            Load avg: 5.33, 5.08, 4.82
>>> Recording app-crypt/elosetup in "world" favorites file...
>>> Jobs: 127 of 420 complete, 3 running            Load avg: 5.30, 5.08, 4.82
>>> Installing (146 of 420) app-benchmarks/stress-1.0.7::gentoo to /usr/i586-tcc-linux-musl/
>>> Jobs: 127 of 420 complete, 3 running            Load avg: 5.30, 5.08, 4.82
>>> Jobs: 127 of 420 complete, 2 running            Load avg: 5.30, 5.08, 4.82
>>> Jobs: 128 of 420 complete, 2 running            Load avg: 5.30, 5.08, 4.82
>>> Recording app-benchmarks/stress in "world" favorites file...
>>> Jobs: 128 of 420 complete, 2 running            Load avg: 5.04, 5.03, 4.80
>>> Jobs: 129 of 420 complete, 2 running            Load avg: 5.04, 5.03, 4.80
>>> Installing (145 of 420) app-arch/lzop-1.04-r1::gentoo to /usr/i586-tcc-linux-musl/
>>> Jobs: 129 of 420 complete, 2 running            Load avg: 5.04, 5.03, 4.80
>>> Jobs: 129 of 420 complete, 1 running            Load avg: 5.04, 5.03, 4.80
>>> Recording app-arch/lzop in "world" favorites file...
>>> Jobs: 129 of 420 complete, 1 running            Load avg: 4.79, 4.98, 4.79
>>> Jobs: 130 of 420 complete, 1 running            Load avg: 4.79, 4.98, 4.79
>>> Jobs: 130 of 420 complete, 2 running            Load avg: 4.79, 4.98, 4.79
>>> Emerging (150 of 420) app-crypt/hashalot-0.3-r2::gentoo for /usr/i586-tcc-linux-musl/
>>> Jobs: 130 of 420 complete, 2 running            Load avg: 4.79, 4.98, 4.79
>>> Jobs: 130 of 420 complete, 3 running            Load avg: 4.57, 4.93, 4.77
>>> Emerging (151 of 420) app-crypt/shash-0.2.6-r4::gentoo for /usr/i586-tcc-linux-musl/
>>> Jobs: 130 of 420 complete, 3 running            Load avg: 4.57, 4.93, 4.77
>>> Jobs: 130 of 420 complete, 4 running            Load avg: 4.44, 4.90, 4.76
>>> Emerging (152 of 420) app-dicts/myspell-de-2017.01.12-r1::gentoo for /usr/i586-tcc-linux-musl/
>>> Jobs: 130 of 420 complete, 4 running            Load avg: 4.44, 4.90, 4.76
>>> Jobs: 130 of 420 complete, 5 running            Load avg: 4.49, 4.90, 4.76
>>> Emerging (153 of 420) app-dicts/myspell-de_1901-20170622::gentoo for /usr/i586-tcc-linux-musl/
>>> Jobs: 130 of 420 complete, 5 running            Load avg: 4.49, 4.90, 4.76
>>> Installing (150 of 420) app-crypt/hashalot-0.3-r2::gentoo to /usr/i586-tcc-linux-musl/
>>> Jobs: 130 of 420 complete, 5 running            Load avg: 5.02, 5.00, 4.80
>>> Jobs: 130 of 420 complete, 4 running            Load avg: 5.09, 5.02, 4.81
>>> Recording app-crypt/hashalot in "world" favorites file...
>>> Jobs: 130 of 420 complete, 4 running            Load avg: 4.93, 4.98, 4.80
>>> Jobs: 131 of 420 complete, 4 running            Load avg: 4.93, 4.98, 4.80
>>> Jobs: 131 of 420 complete, 5 running            Load avg: 4.93, 4.98, 4.80
>>> Emerging (154 of 420) app-dicts/myspell-en-20240801::gentoo for /usr/i586-tcc-linux-musl/
>>> Jobs: 131 of 420 complete, 5 running            Load avg: 4.93, 4.98, 4.80
>>> Installing (147 of 420) app-cdr/cdrtools-3.02_alpha09-r5::gentoo to /usr/i586-tcc-linux-musl/
>>> Jobs: 131 of 420 complete, 5 running            Load avg: 5.49, 5.10, 4.84
>>> Jobs: 131 of 420 complete, 4 running            Load avg: 5.49, 5.10, 4.84
>>> Recording app-cdr/cdrtools in "world" favorites file...
>>> Jobs: 131 of 420 complete, 4 running            Load avg: 5.13, 5.03, 4.81
>>> Jobs: 132 of 420 complete, 4 running            Load avg: 5.13, 5.03, 4.81
>>> Installing (153 of 420) app-dicts/myspell-de_1901-20170622::gentoo to /usr/i586-tcc-linux-musl/
>>> Jobs: 132 of 420 complete, 4 running            Load avg: 5.27, 5.06, 4.83
>>> Jobs: 132 of 420 complete, 3 running            Load avg: 5.27, 5.06, 4.83
>>> Recording app-dicts/myspell-de_1901 in "world" favorites file...
>>> Jobs: 132 of 420 complete, 3 running            Load avg: 5.24, 5.06, 4.83
>>> Jobs: 133 of 420 complete, 3 running            Load avg: 5.24, 5.06, 4.83
>>> Installing (151 of 420) app-crypt/shash-0.2.6-r4::gentoo to /usr/i586-tcc-linux-musl/
>>> Jobs: 133 of 420 complete, 3 running            Load avg: 5.22, 5.06, 4.83
>>> Jobs: 133 of 420 complete, 2 running            Load avg: 5.22, 5.06, 4.83
>>> Recording app-crypt/shash in "world" favorites file...
>>> Jobs: 133 of 420 complete, 2 running            Load avg: 5.12, 5.04, 4.83
>>> Jobs: 134 of 420 complete, 2 running            Load avg: 5.12, 5.04, 4.83
>>> Installing (152 of 420) app-dicts/myspell-de-2017.01.12-r1::gentoo to /usr/i586-tcc-linux-musl/
>>> Jobs: 134 of 420 complete, 2 running            Load avg: 5.12, 5.04, 4.83
>>> Jobs: 134 of 420 complete, 1 running            Load avg: 5.12, 5.04, 4.83
>>> Recording app-dicts/myspell-de in "world" favorites file...
>>> Jobs: 134 of 420 complete, 1 running            Load avg: 4.72, 4.96, 4.80
>>> Jobs: 135 of 420 complete, 1 running            Load avg: 4.72, 4.96, 4.80
>>> Jobs: 135 of 420 complete, 2 running            Load avg: 4.72, 4.96, 4.80
>>> Emerging (155 of 420) app-dicts/myspell-es-2.6::gentoo for /usr/i586-tcc-linux-musl/
>>> Jobs: 135 of 420 complete, 2 running            Load avg: 4.72, 4.96, 4.80
>>> Jobs: 135 of 420 complete, 3 running            Load avg: 4.72, 4.96, 4.80
>>> Emerging (156 of 420) app-dicts/myspell-fr-7.0-r1::gentoo for /usr/i586-tcc-linux-musl/
>>> Jobs: 135 of 420 complete, 3 running            Load avg: 4.72, 4.96, 4.80
>>> Installing (154 of 420) app-dicts/myspell-en-20240801::gentoo to /usr/i586-tcc-linux-musl/
>>> Jobs: 135 of 420 complete, 3 running            Load avg: 4.72, 4.96, 4.80
>>> Jobs: 135 of 420 complete, 2 running            Load avg: 4.72, 4.96, 4.80
>>> Jobs: 135 of 420 complete, 3 running            Load avg: 4.42, 4.89, 4.78
>>> Emerging (157 of 420) app-dicts/myspell-it-20221123::gentoo for /usr/i586-tcc-linux-musl/
>>> Jobs: 135 of 420 complete, 3 running            Load avg: 4.42, 4.89, 4.78
>>> Jobs: 135 of 420 complete, 4 running            Load avg: 4.42, 4.89, 4.78
>>> Emerging (158 of 420) app-dicts/myspell-ru-20200606::gentoo for /usr/i586-tcc-linux-musl/
>>> Jobs: 135 of 420 complete, 4 running            Load avg: 4.42, 4.89, 4.78
>>> Jobs: 135 of 420 complete, 5 running            Load avg: 4.15, 4.83, 4.76
>>> Emerging (159 of 420) app-editors/dhex-0.69::gentoo for /usr/i586-tcc-linux-musl/
>>> Jobs: 135 of 420 complete, 5 running            Load avg: 4.15, 4.83, 4.76
>>> Recording app-dicts/myspell-en in "world" favorites file...
>>> Jobs: 135 of 420 complete, 5 running            Load avg: 4.56, 4.89, 4.78
>>> Jobs: 136 of 420 complete, 5 running            Load avg: 4.56, 4.89, 4.78
>>> Installing (159 of 420) app-editors/dhex-0.69::gentoo to /usr/i586-tcc-linux-musl/
>>> Jobs: 136 of 420 complete, 5 running            Load avg: 5.05, 4.98, 4.81
>>> Jobs: 136 of 420 complete, 4 running            Load avg: 5.05, 4.98, 4.81
>>> Recording app-editors/dhex in "world" favorites file...
>>> Jobs: 136 of 420 complete, 4 running            Load avg: 5.18, 5.01, 4.83
>>> Jobs: 137 of 420 complete, 4 running            Load avg: 5.18, 5.01, 4.83
>>> Installing (158 of 420) app-dicts/myspell-ru-20200606::gentoo to /usr/i586-tcc-linux-musl/
>>> Jobs: 137 of 420 complete, 4 running            Load avg: 5.18, 5.01, 4.83
>>> Jobs: 137 of 420 complete, 3 running            Load avg: 5.18, 5.01, 4.83
>>> Installing (157 of 420) app-dicts/myspell-it-20221123::gentoo to /usr/i586-tcc-linux-musl/
>>> Jobs: 137 of 420 complete, 3 running            Load avg: 5.18, 5.01, 4.83
>>> Jobs: 137 of 420 complete, 2 running            Load avg: 5.18, 5.01, 4.83
>>> Installing (156 of 420) app-dicts/myspell-fr-7.0-r1::gentoo to /usr/i586-tcc-linux-musl/
>>> Jobs: 137 of 420 complete, 2 running            Load avg: 5.09, 4.99, 4.82
>>> Jobs: 137 of 420 complete, 1 running            Load avg: 5.09, 4.99, 4.82
>>> Recording app-dicts/myspell-ru in "world" favorites file...
>>> Jobs: 137 of 420 complete, 1 running            Load avg: 5.09, 4.99, 4.82
>>> Jobs: 138 of 420 complete, 1 running            Load avg: 5.09, 4.99, 4.82
>>> Recording app-dicts/myspell-it in "world" favorites file...
>>> Jobs: 138 of 420 complete, 1 running            Load avg: 4.84, 4.94, 4.81
>>> Recording app-dicts/myspell-fr in "world" favorites file...
>>> Jobs: 138 of 420 complete, 1 running            Load avg: 4.84, 4.94, 4.81
>>> Jobs: 139 of 420 complete, 1 running            Load avg: 4.84, 4.94, 4.81
>>> Jobs: 139 of 420 complete, 2 running            Load avg: 4.84, 4.94, 4.81
>>> Emerging (160 of 420) app-misc/banner-1.3.6::gentoo for /usr/i586-tcc-linux-musl/
>>> Jobs: 139 of 420 complete, 2 running            Load avg: 4.84, 4.94, 4.81
>>> Jobs: 140 of 420 complete, 2 running            Load avg: 4.84, 4.94, 4.81
>>> Jobs: 140 of 420 complete, 3 running            Load avg: 4.61, 4.89, 4.79
>>> Emerging (161 of 420) app-misc/beep-1.4.9-r1::gentoo for /usr/i586-tcc-linux-musl/
>>> Jobs: 140 of 420 complete, 3 running            Load avg: 4.61, 4.89, 4.79
>>> Jobs: 140 of 420 complete, 4 running            Load avg: 4.61, 4.89, 4.79
>>> Emerging (162 of 420) app-misc/cdspeed-0.4-r2::gentoo for /usr/i586-tcc-linux-musl/
>>> Jobs: 140 of 420 complete, 4 running            Load avg: 4.61, 4.89, 4.79
>>> Installing (155 of 420) app-dicts/myspell-es-2.6::gentoo to /usr/i586-tcc-linux-musl/
>>> Jobs: 140 of 420 complete, 4 running            Load avg: 4.48, 4.86, 4.78
>>> Jobs: 140 of 420 complete, 3 running            Load avg: 4.48, 4.86, 4.78
>>> Jobs: 140 of 420 complete, 4 running            Load avg: 4.48, 4.86, 4.78
>>> Emerging (163 of 420) app-misc/ckermit-9.0.302::gentoo for /usr/i586-tcc-linux-musl/
>>> Jobs: 140 of 420 complete, 4 running            Load avg: 4.48, 4.86, 4.78
>>> Jobs: 140 of 420 complete, 5 running            Load avg: 4.52, 4.86, 4.78
>>> Emerging (164 of 420) app-misc/cmatrix-2.0-r2::gentoo for /usr/i586-tcc-linux-musl/
>>> Jobs: 140 of 420 complete, 5 running            Load avg: 4.52, 4.86, 4.78
>>> Recording app-dicts/myspell-es in "world" favorites file...
>>> Jobs: 140 of 420 complete, 5 running            Load avg: 4.52, 4.86, 4.78
>>> Jobs: 141 of 420 complete, 5 running            Load avg: 4.56, 4.87, 4.78
>>> Installing (160 of 420) app-misc/banner-1.3.6::gentoo to /usr/i586-tcc-linux-musl/
>>> Jobs: 141 of 420 complete, 5 running            Load avg: 4.79, 4.90, 4.80
>>> Jobs: 141 of 420 complete, 4 running            Load avg: 4.79, 4.90, 4.80
>>> Jobs: 141 of 420 complete, 5 running            Load avg: 4.79, 4.90, 4.80
>>> Emerging (165 of 420) app-misc/color-1.2-r3::gentoo for /usr/i586-tcc-linux-musl/
>>> Jobs: 141 of 420 complete, 5 running            Load avg: 4.79, 4.90, 4.80
>>> Recording app-misc/banner in "world" favorites file...
>>> Jobs: 141 of 420 complete, 5 running            Load avg: 4.65, 4.87, 4.79
>>> Jobs: 142 of 420 complete, 5 running            Load avg: 4.65, 4.87, 4.79
>>> Installing (162 of 420) app-misc/cdspeed-0.4-r2::gentoo to /usr/i586-tcc-linux-musl/
>>> Jobs: 142 of 420 complete, 5 running            Load avg: 4.67, 4.87, 4.79
>>> Jobs: 142 of 420 complete, 4 running            Load avg: 4.67, 4.87, 4.79
>>> Jobs: 142 of 420 complete, 5 running            Load avg: 4.67, 4.87, 4.79
>>> Emerging (166 of 420) app-misc/countrycodes-1.0.6::gentoo for /usr/i586-tcc-linux-musl/
>>> Jobs: 142 of 420 complete, 5 running            Load avg: 4.67, 4.87, 4.79
>>> Recording app-misc/cdspeed in "world" favorites file...
>>> Jobs: 142 of 420 complete, 5 running            Load avg: 4.78, 4.89, 4.80
>>> Jobs: 143 of 420 complete, 5 running            Load avg: 4.78, 4.89, 4.80
>>> Installing (161 of 420) app-misc/beep-1.4.9-r1::gentoo to /usr/i586-tcc-linux-musl/
>>> Jobs: 143 of 420 complete, 5 running            Load avg: 4.78, 4.89, 4.80
>>> Jobs: 143 of 420 complete, 4 running            Load avg: 4.78, 4.89, 4.80
>>> Jobs: 143 of 420 complete, 5 running            Load avg: 4.78, 4.89, 4.80
>>> Emerging (167 of 420) app-misc/delay-1.6-r6::gentoo for /usr/i586-tcc-linux-musl/
>>> Jobs: 143 of 420 complete, 5 running            Load avg: 4.78, 4.89, 4.80
>>> Recording app-misc/beep in "world" favorites file...
>>> Jobs: 143 of 420 complete, 5 running            Load avg: 5.12, 4.96, 4.82
>>> Jobs: 144 of 420 complete, 5 running            Load avg: 5.12, 4.96, 4.82
>>> Installing (163 of 420) app-misc/ckermit-9.0.302::gentoo to /usr/i586-tcc-linux-musl/
>>> Jobs: 144 of 420 complete, 5 running            Load avg: 5.12, 4.96, 4.82
>>> Jobs: 144 of 420 complete, 4 running            Load avg: 5.12, 4.96, 4.82
>>> Recording app-misc/ckermit in "world" favorites file...
>>> Jobs: 144 of 420 complete, 4 running            Load avg: 4.79, 4.90, 4.80
>>> Jobs: 145 of 420 complete, 4 running            Load avg: 4.79, 4.90, 4.80
>>> Jobs: 145 of 420 complete, 5 running            Load avg: 4.79, 4.90, 4.80
>>> Emerging (168 of 420) app-misc/dmux-9999::gentoo for /usr/i586-tcc-linux-musl/
>>> Jobs: 145 of 420 complete, 5 running            Load avg: 4.79, 4.90, 4.80
>>> Installing (165 of 420) app-misc/color-1.2-r3::gentoo to /usr/i586-tcc-linux-musl/
>>> Jobs: 145 of 420 complete, 5 running            Load avg: 4.80, 4.90, 4.80
>>> Jobs: 145 of 420 complete, 4 running            Load avg: 4.80, 4.90, 4.80
>>> Jobs: 145 of 420 complete, 5 running            Load avg: 4.80, 4.90, 4.80
>>> Emerging (169 of 420) app-misc/fbrec-9999::gentoo for /usr/i586-tcc-linux-musl/
>>> Jobs: 145 of 420 complete, 5 running            Load avg: 4.80, 4.90, 4.80
>>> Recording app-misc/color in "world" favorites file...
>>> Jobs: 145 of 420 complete, 5 running            Load avg: 4.66, 4.87, 4.79
>>> Jobs: 146 of 420 complete, 5 running            Load avg: 4.66, 4.87, 4.79
>>> Installing (164 of 420) app-misc/cmatrix-2.0-r2::gentoo to /usr/i586-tcc-linux-musl/
>>> Jobs: 146 of 420 complete, 5 running            Load avg: 4.66, 4.87, 4.79
>>> Jobs: 146 of 420 complete, 4 running            Load avg: 4.66, 4.87, 4.79
>>> Jobs: 146 of 420 complete, 5 running            Load avg: 4.66, 4.87, 4.79
>>> Emerging (170 of 420) app-misc/fbtest-9999::gentoo for /usr/i586-tcc-linux-musl/
>>> Jobs: 146 of 420 complete, 5 running            Load avg: 4.66, 4.87, 4.79
>>> Recording app-misc/cmatrix in "world" favorites file...
>>> Jobs: 146 of 420 complete, 5 running            Load avg: 4.62, 4.85, 4.79
>>> Jobs: 147 of 420 complete, 5 running            Load avg: 4.62, 4.85, 4.79
>>> Installing (166 of 420) app-misc/countrycodes-1.0.6::gentoo to /usr/i586-tcc-linux-musl/
>>> Jobs: 147 of 420 complete, 5 running            Load avg: 4.62, 4.85, 4.79
>>> Jobs: 147 of 420 complete, 4 running            Load avg: 4.62, 4.85, 4.79
>>> Jobs: 147 of 420 complete, 5 running            Load avg: 4.62, 4.85, 4.79
>>> Emerging (171 of 420) app-misc/fdupes-2.3.2::gentoo for /usr/i586-tcc-linux-musl/
>>> Jobs: 147 of 420 complete, 5 running            Load avg: 4.62, 4.85, 4.79
>>> Recording app-misc/countrycodes in "world" favorites file...
>>> Jobs: 147 of 420 complete, 5 running            Load avg: 4.49, 4.82, 4.78
>>> Jobs: 148 of 420 complete, 5 running            Load avg: 4.49, 4.82, 4.78
>>> Installing (168 of 420) app-misc/dmux-9999::gentoo to /usr/i586-tcc-linux-musl/
>>> Jobs: 148 of 420 complete, 5 running            Load avg: 4.53, 4.83, 4.78
>>> Jobs: 148 of 420 complete, 4 running            Load avg: 4.53, 4.83, 4.78
>>> Jobs: 148 of 420 complete, 5 running            Load avg: 4.53, 4.83, 4.78
>>> Emerging (172 of 420) app-misc/musl-locales-9999::gentoo for /usr/i586-tcc-linux-musl/
>>> Jobs: 148 of 420 complete, 5 running            Load avg: 4.53, 4.83, 4.78
>>> Recording app-misc/dmux in "world" favorites file...
>>> Jobs: 148 of 420 complete, 5 running            Load avg: 4.76, 4.87, 4.79
>>> Jobs: 149 of 420 complete, 5 running            Load avg: 4.76, 4.87, 4.79
>>> Installing (167 of 420) app-misc/delay-1.6-r6::gentoo to /usr/i586-tcc-linux-musl/
>>> Jobs: 149 of 420 complete, 5 running            Load avg: 4.76, 4.87, 4.79
>>> Jobs: 149 of 420 complete, 4 running            Load avg: 4.76, 4.87, 4.79
>>> Jobs: 149 of 420 complete, 5 running            Load avg: 4.76, 4.87, 4.79
>>> Emerging (173 of 420) app-misc/muttprint-0.73-r5::gentoo for /usr/i586-tcc-linux-musl/
>>> Jobs: 149 of 420 complete, 5 running            Load avg: 4.76, 4.87, 4.79
>>> Recording app-misc/delay in "world" favorites file...
>>> Jobs: 149 of 420 complete, 5 running            Load avg: 4.78, 4.87, 4.80
>>> Jobs: 150 of 420 complete, 5 running            Load avg: 4.78, 4.87, 4.80
>>> Installing (169 of 420) app-misc/fbrec-9999::gentoo to /usr/i586-tcc-linux-musl/
>>> Jobs: 150 of 420 complete, 5 running            Load avg: 4.79, 4.87, 4.80
>>> Jobs: 150 of 420 complete, 4 running            Load avg: 4.79, 4.87, 4.80
>>> Jobs: 150 of 420 complete, 5 running            Load avg: 4.79, 4.87, 4.80
>>> Emerging (174 of 420) app-misc/recterm-9999::gentoo for /usr/i586-tcc-linux-musl/
>>> Jobs: 150 of 420 complete, 5 running            Load avg: 4.79, 4.87, 4.80
>>> Recording app-misc/fbrec in "world" favorites file...
>>> Jobs: 150 of 420 complete, 5 running            Load avg: 4.57, 4.82, 4.78
>>> Jobs: 151 of 420 complete, 5 running            Load avg: 4.57, 4.82, 4.78
>>> Installing (170 of 420) app-misc/fbtest-9999::gentoo to /usr/i586-tcc-linux-musl/
>>> Jobs: 151 of 420 complete, 5 running            Load avg: 4.60, 4.83, 4.78
>>> Jobs: 151 of 420 complete, 4 running            Load avg: 4.60, 4.83, 4.78
>>> Jobs: 151 of 420 complete, 5 running            Load avg: 4.60, 4.83, 4.78
>>> Emerging (175 of 420) app-misc/tmux-3.1c::gentoo for /usr/i586-tcc-linux-musl/
>>> Jobs: 151 of 420 complete, 5 running            Load avg: 4.60, 4.83, 4.78
>>> Recording app-misc/fbtest in "world" favorites file...
>>> Jobs: 151 of 420 complete, 5 running            Load avg: 4.50, 4.80, 4.77
>>> Jobs: 152 of 420 complete, 5 running            Load avg: 4.50, 4.80, 4.77
>>> Installing (171 of 420) app-misc/fdupes-2.3.2::gentoo to /usr/i586-tcc-linux-musl/
>>> Jobs: 152 of 420 complete, 5 running            Load avg: 4.50, 4.80, 4.77
>>> Jobs: 152 of 420 complete, 4 running            Load avg: 4.50, 4.80, 4.77
>>> Jobs: 152 of 420 complete, 5 running            Load avg: 4.50, 4.80, 4.77
>>> Emerging (176 of 420) app-misc/ttyrec-1.0.8-r3::gentoo for /usr/i586-tcc-linux-musl/
>>> Jobs: 152 of 420 complete, 5 running            Load avg: 4.50, 4.80, 4.77
>>> Recording app-misc/fdupes in "world" favorites file...
>>> Jobs: 152 of 420 complete, 5 running            Load avg: 4.46, 4.78, 4.77
>>> Jobs: 153 of 420 complete, 5 running            Load avg: 4.46, 4.78, 4.77
>>> Installing (172 of 420) app-misc/musl-locales-9999::gentoo to /usr/i586-tcc-linux-musl/
>>> Jobs: 153 of 420 complete, 5 running            Load avg: 4.74, 4.84, 4.79
>>> Jobs: 153 of 420 complete, 4 running            Load avg: 4.74, 4.84, 4.79
>>> Jobs: 153 of 420 complete, 5 running            Load avg: 4.74, 4.84, 4.79
>>> Emerging (177 of 420) app-misc/vlock-2.2.3-r2::gentoo for /usr/i586-tcc-linux-musl/
>>> Jobs: 153 of 420 complete, 5 running            Load avg: 4.74, 4.84, 4.79
>>> Recording app-misc/musl-locales in "world" favorites file...
>>> Jobs: 153 of 420 complete, 5 running            Load avg: 4.70, 4.83, 4.79
>>> Jobs: 154 of 420 complete, 5 running            Load avg: 4.70, 4.83, 4.79
>>> Installing (174 of 420) app-misc/recterm-9999::gentoo to /usr/i586-tcc-linux-musl/
>>> Jobs: 154 of 420 complete, 5 running            Load avg: 4.80, 4.85, 4.79
>>> Jobs: 154 of 420 complete, 4 running            Load avg: 4.80, 4.85, 4.79
>>> Jobs: 154 of 420 complete, 5 running            Load avg: 4.80, 4.85, 4.79
>>> Emerging (178 of 420) app-text/bdf2psf-1.230::gentoo for /usr/i586-tcc-linux-musl/
>>> Jobs: 154 of 420 complete, 5 running            Load avg: 4.80, 4.85, 4.79
>>> Recording app-misc/recterm in "world" favorites file...
>>> Jobs: 154 of 420 complete, 5 running            Load avg: 4.90, 4.87, 4.80
>>> Jobs: 155 of 420 complete, 5 running            Load avg: 4.90, 4.87, 4.80
>>> Installing (173 of 420) app-misc/muttprint-0.73-r5::gentoo to /usr/i586-tcc-linux-musl/
>>> Jobs: 155 of 420 complete, 5 running            Load avg: 4.90, 4.87, 4.80
>>> Jobs: 155 of 420 complete, 4 running            Load avg: 4.90, 4.87, 4.80
>>> Jobs: 155 of 420 complete, 5 running            Load avg: 4.90, 4.87, 4.80
>>> Emerging (179 of 420) app-text/bib2ref-9999::gentoo for /usr/i586-tcc-linux-musl/
>>> Jobs: 155 of 420 complete, 5 running            Load avg: 4.90, 4.87, 4.80
>>> Recording app-misc/muttprint in "world" favorites file...
>>> Jobs: 155 of 420 complete, 5 running            Load avg: 5.07, 4.90, 4.81
>>> Jobs: 156 of 420 complete, 5 running            Load avg: 5.07, 4.90, 4.81
>>> Installing (176 of 420) app-misc/ttyrec-1.0.8-r3::gentoo to /usr/i586-tcc-linux-musl/
>>> Jobs: 156 of 420 complete, 5 running            Load avg: 5.07, 4.91, 4.81
>>> Jobs: 156 of 420 complete, 4 running            Load avg: 5.07, 4.91, 4.81
>>> Recording app-misc/ttyrec in "world" favorites file...
>>> Jobs: 156 of 420 complete, 4 running            Load avg: 4.74, 4.84, 4.79
>>> Jobs: 157 of 420 complete, 4 running            Load avg: 4.74, 4.84, 4.79
>>> Jobs: 157 of 420 complete, 5 running            Load avg: 4.74, 4.84, 4.79
>>> Emerging (180 of 420) app-text/catdoc-0.95-r1::gentoo for /usr/i586-tcc-linux-musl/
>>> Jobs: 157 of 420 complete, 5 running            Load avg: 4.74, 4.84, 4.79
>>> Installing (177 of 420) app-misc/vlock-2.2.3-r2::gentoo to /usr/i586-tcc-linux-musl/
>>> Jobs: 157 of 420 complete, 5 running            Load avg: 4.74, 4.84, 4.79
>>> Jobs: 157 of 420 complete, 4 running            Load avg: 4.74, 4.84, 4.79
>>> Jobs: 157 of 420 complete, 5 running            Load avg: 4.60, 4.81, 4.78
>>> Emerging (181 of 420) app-text/code2html-0.9.1-r2::gentoo for /usr/i586-tcc-linux-musl/
>>> Jobs: 157 of 420 complete, 5 running            Load avg: 4.60, 4.81, 4.78
>>> Recording app-misc/vlock in "world" favorites file...
>>> Jobs: 157 of 420 complete, 5 running            Load avg: 4.60, 4.81, 4.78
>>> Jobs: 158 of 420 complete, 5 running            Load avg: 4.60, 4.81, 4.78
>>> Installing (175 of 420) app-misc/tmux-3.1c::gentoo to /usr/i586-tcc-linux-musl/
>>> Jobs: 158 of 420 complete, 5 running            Load avg: 4.79, 4.85, 4.80
>>> Jobs: 158 of 420 complete, 4 running            Load avg: 4.79, 4.85, 4.80
>>> Jobs: 158 of 420 complete, 5 running            Load avg: 4.79, 4.85, 4.80
>>> Emerging (182 of 420) app-text/ctxt-9999::gentoo for /usr/i586-tcc-linux-musl/
>>> Jobs: 158 of 420 complete, 5 running            Load avg: 4.79, 4.85, 4.80
>>> Recording app-misc/tmux in "world" favorites file...
>>> Jobs: 158 of 420 complete, 5 running            Load avg: 4.49, 4.78, 4.78
>>> Jobs: 159 of 420 complete, 5 running            Load avg: 4.49, 4.78, 4.78
>>> Installing (178 of 420) app-text/bdf2psf-1.230::gentoo to /usr/i586-tcc-linux-musl/
>>> Jobs: 159 of 420 complete, 5 running            Load avg: 4.53, 4.79, 4.78
>>> Jobs: 159 of 420 complete, 4 running            Load avg: 4.53, 4.79, 4.78
>>> Jobs: 159 of 420 complete, 5 running            Load avg: 4.53, 4.79, 4.78
>>> Emerging (183 of 420) app-text/docx2txt-1.4::gentoo for /usr/i586-tcc-linux-musl/
>>> Jobs: 159 of 420 complete, 5 running            Load avg: 4.53, 4.79, 4.78
>>> Recording app-text/bdf2psf in "world" favorites file...
>>> Jobs: 159 of 420 complete, 5 running            Load avg: 4.44, 4.76, 4.77
>>> Jobs: 160 of 420 complete, 5 running            Load avg: 4.44, 4.76, 4.77
>>> Installing (179 of 420) app-text/bib2ref-9999::gentoo to /usr/i586-tcc-linux-musl/
>>> Jobs: 160 of 420 complete, 5 running            Load avg: 4.44, 4.76, 4.77
>>> Jobs: 160 of 420 complete, 4 running            Load avg: 4.44, 4.76, 4.77
>>> Jobs: 160 of 420 complete, 5 running            Load avg: 4.44, 4.76, 4.77
>>> Emerging (184 of 420) app-text/enscript-1.6.6-r1::gentoo for /usr/i586-tcc-linux-musl/
>>> Jobs: 160 of 420 complete, 5 running            Load avg: 4.44, 4.76, 4.77
>>> Recording app-text/bib2ref in "world" favorites file...
>>> Jobs: 160 of 420 complete, 5 running            Load avg: 4.24, 4.71, 4.75
>>> Jobs: 161 of 420 complete, 5 running            Load avg: 4.24, 4.71, 4.75
>>> Installing (180 of 420) app-text/catdoc-0.95-r1::gentoo to /usr/i586-tcc-linux-musl/
>>> Jobs: 161 of 420 complete, 5 running            Load avg: 4.30, 4.72, 4.75
>>> Jobs: 161 of 420 complete, 4 running            Load avg: 4.30, 4.72, 4.75
>>> Jobs: 161 of 420 complete, 5 running            Load avg: 4.30, 4.72, 4.75
>>> Emerging (185 of 420) app-text/epstool-3.09::gentoo for /usr/i586-tcc-linux-musl/
>>> Jobs: 161 of 420 complete, 5 running            Load avg: 4.30, 4.72, 4.75
>>> Recording app-text/catdoc in "world" favorites file...
>>> Jobs: 161 of 420 complete, 5 running            Load avg: 4.28, 4.71, 4.75
>>> Installing (181 of 420) app-text/code2html-0.9.1-r2::gentoo to /usr/i586-tcc-linux-musl/
>>> Jobs: 161 of 420 complete, 5 running            Load avg: 4.28, 4.71, 4.75
>>> Jobs: 161 of 420 complete, 4 running            Load avg: 4.28, 4.71, 4.75
>>> Jobs: 161 of 420 complete, 5 running            Load avg: 4.28, 4.71, 4.75
>>> Emerging (186 of 420) app-text/fbpdf-0_p20160409::gentoo for /usr/i586-tcc-linux-musl/
>>> Jobs: 161 of 420 complete, 5 running            Load avg: 4.28, 4.71, 4.75
>>> Jobs: 162 of 420 complete, 5 running            Load avg: 4.28, 4.71, 4.75
>>> Recording app-text/code2html in "world" favorites file...
>>> Jobs: 162 of 420 complete, 5 running            Load avg: 4.23, 4.68, 4.74
>>> Jobs: 163 of 420 complete, 5 running            Load avg: 4.23, 4.68, 4.74
>>> Installing (182 of 420) app-text/ctxt-9999::gentoo to /usr/i586-tcc-linux-musl/
>>> Jobs: 163 of 420 complete, 5 running            Load avg: 4.23, 4.68, 4.74
>>> Jobs: 163 of 420 complete, 4 running            Load avg: 4.23, 4.68, 4.74
>>> Jobs: 163 of 420 complete, 5 running            Load avg: 4.23, 4.68, 4.74
>>> Emerging (187 of 420) app-text/htmltidy-0.99.0::gentoo for /usr/i586-tcc-linux-musl/
>>> Jobs: 163 of 420 complete, 5 running            Load avg: 4.23, 4.68, 4.74
>>> Recording app-text/ctxt in "world" favorites file...
>>> Jobs: 163 of 420 complete, 5 running            Load avg: 4.13, 4.65, 4.73
>>> Jobs: 164 of 420 complete, 5 running            Load avg: 4.13, 4.65, 4.73
>>> Installing (183 of 420) app-text/docx2txt-1.4::gentoo to /usr/i586-tcc-linux-musl/
>>> Jobs: 164 of 420 complete, 5 running            Load avg: 4.13, 4.65, 4.73
>>> Jobs: 164 of 420 complete, 4 running            Load avg: 4.13, 4.65, 4.73
>>> Jobs: 164 of 420 complete, 5 running            Load avg: 4.13, 4.65, 4.73
>>> Emerging (188 of 420) app-text/multitail-6.4.2-r1::gentoo for /usr/i586-tcc-linux-musl/
>>> Jobs: 164 of 420 complete, 5 running            Load avg: 4.13, 4.65, 4.73
>>> Recording app-text/docx2txt in "world" favorites file...
>>> Jobs: 164 of 420 complete, 5 running            Load avg: 4.34, 4.68, 4.74
>>> Jobs: 165 of 420 complete, 5 running            Load avg: 4.34, 4.68, 4.74
>>> Installing (185 of 420) app-text/epstool-3.09::gentoo to /usr/i586-tcc-linux-musl/
>>> Jobs: 165 of 420 complete, 5 running            Load avg: 4.44, 4.69, 4.74
>>> Jobs: 165 of 420 complete, 4 running            Load avg: 4.44, 4.69, 4.74
>>> Jobs: 165 of 420 complete, 5 running            Load avg: 4.44, 4.69, 4.74
>>> Emerging (189 of 420) app-text/neateqn-9999::gentoo for /usr/i586-tcc-linux-musl/
>>> Jobs: 165 of 420 complete, 5 running            Load avg: 4.44, 4.69, 4.74
>>> Recording app-text/epstool in "world" favorites file...
>>> Jobs: 165 of 420 complete, 5 running            Load avg: 4.56, 4.72, 4.75
>>> Jobs: 166 of 420 complete, 5 running            Load avg: 4.56, 4.72, 4.75
>>> Installing (186 of 420) app-text/fbpdf-0_p20160409::gentoo to /usr/i586-tcc-linux-musl/
>>> Jobs: 166 of 420 complete, 5 running            Load avg: 4.56, 4.72, 4.75
>>> Jobs: 166 of 420 complete, 4 running            Load avg: 4.56, 4.72, 4.75
>>> Jobs: 166 of 420 complete, 5 running            Load avg: 4.56, 4.72, 4.75
>>> Emerging (190 of 420) app-text/neatpost-9999::gentoo for /usr/i586-tcc-linux-musl/
>>> Jobs: 166 of 420 complete, 5 running            Load avg: 4.56, 4.72, 4.75
>>> Recording app-text/fbpdf in "world" favorites file...
>>> Jobs: 166 of 420 complete, 5 running            Load avg: 4.46, 4.69, 4.74
>>> Jobs: 167 of 420 complete, 5 running            Load avg: 4.46, 4.69, 4.74
>>> Installing (188 of 420) app-text/multitail-6.4.2-r1::gentoo to /usr/i586-tcc-linux-musl/
>>> Jobs: 167 of 420 complete, 5 running            Load avg: 4.46, 4.69, 4.74
>>> Jobs: 167 of 420 complete, 4 running            Load avg: 4.46, 4.69, 4.74
>>> Jobs: 167 of 420 complete, 5 running            Load avg: 4.46, 4.69, 4.74
>>> Emerging (191 of 420) app-text/neatrefer-9999::gentoo for /usr/i586-tcc-linux-musl/
>>> Jobs: 167 of 420 complete, 5 running            Load avg: 4.46, 4.69, 4.74
>>> Recording app-text/multitail in "world" favorites file...
>>> Jobs: 167 of 420 complete, 5 running            Load avg: 4.34, 4.66, 4.73
>>> Jobs: 168 of 420 complete, 5 running            Load avg: 4.34, 4.66, 4.73
>>> Installing (184 of 420) app-text/enscript-1.6.6-r1::gentoo to /usr/i586-tcc-linux-musl/
>>> Jobs: 168 of 420 complete, 5 running            Load avg: 4.31, 4.65, 4.73
>>> Jobs: 168 of 420 complete, 4 running            Load avg: 4.31, 4.65, 4.73
>>> Jobs: 168 of 420 complete, 5 running            Load avg: 4.31, 4.65, 4.73
>>> Emerging (192 of 420) app-text/neatroff-9999::gentoo for /usr/i586-tcc-linux-musl/
>>> Jobs: 168 of 420 complete, 5 running            Load avg: 4.31, 4.65, 4.73
>>> Recording app-text/enscript in "world" favorites file...
>>> Jobs: 168 of 420 complete, 5 running            Load avg: 4.05, 4.59, 4.71
>>> Jobs: 169 of 420 complete, 5 running            Load avg: 4.05, 4.59, 4.71
>>> Installing (187 of 420) app-text/htmltidy-0.99.0::gentoo to /usr/i586-tcc-linux-musl/
>>> Jobs: 169 of 420 complete, 5 running            Load avg: 4.05, 4.59, 4.71
>>> Jobs: 169 of 420 complete, 4 running            Load avg: 4.05, 4.59, 4.71
>>> Jobs: 169 of 420 complete, 5 running            Load avg: 4.05, 4.59, 4.71
>>> Emerging (193 of 420) app-text/nref-9999::gentoo for /usr/i586-tcc-linux-musl/
>>> Jobs: 169 of 420 complete, 5 running            Load avg: 4.05, 4.59, 4.71
>>> Recording app-text/htmltidy in "world" favorites file...
>>> Jobs: 169 of 420 complete, 5 running            Load avg: 3.80, 4.53, 4.69
>>> Jobs: 170 of 420 complete, 5 running            Load avg: 3.80, 4.53, 4.69
>>> Installing (189 of 420) app-text/neateqn-9999::gentoo to /usr/i586-tcc-linux-musl/
>>> Jobs: 170 of 420 complete, 5 running            Load avg: 3.75, 4.50, 4.67
>>> Jobs: 170 of 420 complete, 4 running            Load avg: 3.75, 4.50, 4.67
>>> Jobs: 170 of 420 complete, 5 running            Load avg: 3.75, 4.50, 4.67
>>> Emerging (194 of 420) app-text/odt2txt-0.5-r1::gentoo for /usr/i586-tcc-linux-musl/
>>> Jobs: 170 of 420 complete, 5 running            Load avg: 3.75, 4.50, 4.67
>>> Recording app-text/neateqn in "world" favorites file...
>>> Jobs: 170 of 420 complete, 5 running            Load avg: 3.69, 4.47, 4.67
>>> Jobs: 171 of 420 complete, 5 running            Load avg: 3.69, 4.47, 4.67
>>> Installing (190 of 420) app-text/neatpost-9999::gentoo to /usr/i586-tcc-linux-musl/
>>> Jobs: 171 of 420 complete, 5 running            Load avg: 3.96, 4.51, 4.68
>>> Jobs: 171 of 420 complete, 4 running            Load avg: 3.96, 4.51, 4.68
>>> Jobs: 171 of 420 complete, 5 running            Load avg: 3.96, 4.51, 4.68
>>> Emerging (195 of 420) app-text/pep-2.8-r2::gentoo for /usr/i586-tcc-linux-musl/
>>> Jobs: 171 of 420 complete, 5 running            Load avg: 3.96, 4.51, 4.68
>>> Recording app-text/neatpost in "world" favorites file...
>>> Jobs: 171 of 420 complete, 5 running            Load avg: 3.80, 4.47, 4.66
>>> Jobs: 172 of 420 complete, 5 running            Load avg: 3.80, 4.47, 4.66
>>> Installing (191 of 420) app-text/neatrefer-9999::gentoo to /usr/i586-tcc-linux-musl/
>>> Jobs: 172 of 420 complete, 5 running            Load avg: 3.80, 4.47, 4.66
>>> Jobs: 172 of 420 complete, 4 running            Load avg: 3.80, 4.47, 4.66
>>> Jobs: 172 of 420 complete, 5 running            Load avg: 3.80, 4.47, 4.66
>>> Emerging (196 of 420) app-text/pstotext-1.9-r5::gentoo for /usr/i586-tcc-linux-musl/
>>> Jobs: 172 of 420 complete, 5 running            Load avg: 3.80, 4.47, 4.66
>>> Recording app-text/neatrefer in "world" favorites file...
>>> Jobs: 172 of 420 complete, 5 running            Load avg: 3.90, 4.48, 4.67
>>> Jobs: 173 of 420 complete, 5 running            Load avg: 3.90, 4.48, 4.67
>>> Installing (194 of 420) app-text/odt2txt-0.5-r1::gentoo to /usr/i586-tcc-linux-musl/
>>> Jobs: 173 of 420 complete, 5 running            Load avg: 4.15, 4.51, 4.67
>>> Jobs: 173 of 420 complete, 4 running            Load avg: 4.15, 4.51, 4.67
>>> Jobs: 173 of 420 complete, 5 running            Load avg: 4.15, 4.51, 4.67
>>> Emerging (197 of 420) app-text/psutils-1.17-r5::gentoo for /usr/i586-tcc-linux-musl/
>>> Jobs: 173 of 420 complete, 5 running            Load avg: 4.15, 4.51, 4.67
>>> Recording app-text/odt2txt in "world" favorites file...
>>> Jobs: 173 of 420 complete, 5 running            Load avg: 3.98, 4.47, 4.66
>>> Jobs: 174 of 420 complete, 5 running            Load avg: 3.98, 4.47, 4.66
>>> Installing (192 of 420) app-text/neatroff-9999::gentoo to /usr/i586-tcc-linux-musl/
>>> Jobs: 174 of 420 complete, 5 running            Load avg: 3.98, 4.47, 4.66
>>> Jobs: 174 of 420 complete, 4 running            Load avg: 3.98, 4.47, 4.66
>>> Jobs: 174 of 420 complete, 5 running            Load avg: 3.98, 4.47, 4.66
>>> Emerging (198 of 420) app-text/rfcutil-3.2.3-r2::gentoo for /usr/i586-tcc-linux-musl/
>>> Jobs: 174 of 420 complete, 5 running            Load avg: 3.98, 4.47, 4.66
>>> Recording app-text/neatroff in "world" favorites file...
>>> Jobs: 174 of 420 complete, 5 running            Load avg: 4.14, 4.50, 4.67
>>> Jobs: 175 of 420 complete, 5 running            Load avg: 4.14, 4.50, 4.67
>>> Installing (195 of 420) app-text/pep-2.8-r2::gentoo to /usr/i586-tcc-linux-musl/
>>> Jobs: 175 of 420 complete, 5 running            Load avg: 4.21, 4.51, 4.67
>>> Jobs: 175 of 420 complete, 4 running            Load avg: 4.21, 4.51, 4.67
>>> Jobs: 175 of 420 complete, 5 running            Load avg: 4.21, 4.51, 4.67
>>> Emerging (199 of 420) app-text/scdoc-9999::gentoo for /usr/i586-tcc-linux-musl/
>>> Jobs: 175 of 420 complete, 5 running            Load avg: 4.21, 4.51, 4.67
>>> Recording app-text/pep in "world" favorites file...
>>> Jobs: 175 of 420 complete, 5 running            Load avg: 4.11, 4.48, 4.66
>>> Jobs: 176 of 420 complete, 5 running            Load avg: 4.11, 4.48, 4.66
>>> Installing (196 of 420) app-text/pstotext-1.9-r5::gentoo to /usr/i586-tcc-linux-musl/
>>> Jobs: 176 of 420 complete, 5 running            Load avg: 4.10, 4.47, 4.66
>>> Jobs: 176 of 420 complete, 4 running            Load avg: 4.10, 4.47, 4.66
>>> Jobs: 176 of 420 complete, 5 running            Load avg: 4.10, 4.47, 4.66
>>> Emerging (200 of 420) app-text/sloccount-2.26-r3::gentoo for /usr/i586-tcc-linux-musl/
>>> Jobs: 176 of 420 complete, 5 running            Load avg: 4.10, 4.47, 4.66
>>> Recording app-text/pstotext in "world" favorites file...
>>> Jobs: 176 of 420 complete, 5 running            Load avg: 3.93, 4.43, 4.64
>>> Installing (193 of 420) app-text/nref-9999::gentoo to /usr/i586-tcc-linux-musl/
>>> Jobs: 176 of 420 complete, 5 running            Load avg: 3.93, 4.43, 4.64
>>> Jobs: 176 of 420 complete, 4 running            Load avg: 3.93, 4.43, 4.64
>>> Jobs: 176 of 420 complete, 5 running            Load avg: 3.93, 4.43, 4.64
>>> Emerging (201 of 420) app-text/tdq-9999::gentoo for /usr/i586-tcc-linux-musl/
>>> Jobs: 176 of 420 complete, 5 running            Load avg: 3.93, 4.43, 4.64
>>> Jobs: 177 of 420 complete, 5 running            Load avg: 3.93, 4.43, 4.64
>>> Recording app-text/nref in "world" favorites file...
>>> Jobs: 177 of 420 complete, 5 running            Load avg: 3.86, 4.41, 4.63
>>> Jobs: 178 of 420 complete, 5 running            Load avg: 3.86, 4.41, 4.63
>>> Installing (197 of 420) app-text/psutils-1.17-r5::gentoo to /usr/i586-tcc-linux-musl/
>>> Jobs: 178 of 420 complete, 5 running            Load avg: 3.86, 4.41, 4.63
>>> Jobs: 178 of 420 complete, 4 running            Load avg: 3.86, 4.41, 4.63
>>> Jobs: 178 of 420 complete, 5 running            Load avg: 3.86, 4.41, 4.63
>>> Emerging (202 of 420) app-text/wgetpaste-2.34::gentoo for /usr/i586-tcc-linux-musl/
>>> Jobs: 178 of 420 complete, 5 running            Load avg: 3.86, 4.41, 4.63
>>> Recording app-text/psutils in "world" favorites file...
>>> Jobs: 178 of 420 complete, 5 running            Load avg: 3.79, 4.38, 4.62
>>> Jobs: 179 of 420 complete, 5 running            Load avg: 3.79, 4.38, 4.62
>>> Installing (198 of 420) app-text/rfcutil-3.2.3-r2::gentoo to /usr/i586-tcc-linux-musl/
>>> Jobs: 179 of 420 complete, 5 running            Load avg: 3.79, 4.38, 4.62
>>> Jobs: 179 of 420 complete, 4 running            Load avg: 3.79, 4.38, 4.62
>>> Jobs: 179 of 420 complete, 5 running            Load avg: 3.79, 4.38, 4.62
>>> Emerging (203 of 420) dev-embedded/xa-2.4.1::gentoo for /usr/i586-tcc-linux-musl/
>>> Jobs: 179 of 420 complete, 5 running            Load avg: 3.79, 4.38, 4.62
>>> Recording app-text/rfcutil in "world" favorites file...
>>> Jobs: 179 of 420 complete, 5 running            Load avg: 3.65, 4.34, 4.61
>>> Jobs: 180 of 420 complete, 5 running            Load avg: 3.65, 4.34, 4.61
>>> Installing (200 of 420) app-text/sloccount-2.26-r3::gentoo to /usr/i586-tcc-linux-musl/
>>> Jobs: 180 of 420 complete, 5 running            Load avg: 3.84, 4.36, 4.61
>>> Jobs: 180 of 420 complete, 4 running            Load avg: 3.84, 4.36, 4.61
>>> Jobs: 180 of 420 complete, 5 running            Load avg: 3.84, 4.36, 4.61
>>> Emerging (204 of 420) dev-embedded/zmac-1.3-r1::gentoo for /usr/i586-tcc-linux-musl/
>>> Jobs: 180 of 420 complete, 5 running            Load avg: 3.84, 4.36, 4.61
>>> Recording app-text/sloccount in "world" favorites file...
>>> Jobs: 180 of 420 complete, 5 running            Load avg: 3.93, 4.38, 4.62
>>> Jobs: 181 of 420 complete, 5 running            Load avg: 3.93, 4.38, 4.62
>>> Installing (199 of 420) app-text/scdoc-9999::gentoo to /usr/i586-tcc-linux-musl/
>>> Jobs: 181 of 420 complete, 5 running            Load avg: 3.93, 4.38, 4.62
>>> Jobs: 181 of 420 complete, 4 running            Load avg: 4.18, 4.42, 4.63
>>> Jobs: 181 of 420 complete, 5 running            Load avg: 4.18, 4.42, 4.63
>>> Emerging (205 of 420) dev-libs/mpfr-4.2.1::gentoo for /usr/i586-tcc-linux-musl/
>>> Jobs: 181 of 420 complete, 5 running            Load avg: 4.18, 4.42, 4.63
>>> Recording app-text/scdoc in "world" favorites file...
>>> Jobs: 181 of 420 complete, 5 running            Load avg: 4.00, 4.38, 4.62
>>> Jobs: 182 of 420 complete, 5 running            Load avg: 4.00, 4.38, 4.62
>>> Installing (202 of 420) app-text/wgetpaste-2.34::gentoo to /usr/i586-tcc-linux-musl/
>>> Jobs: 182 of 420 complete, 5 running            Load avg: 4.16, 4.41, 4.62
>>> Jobs: 182 of 420 complete, 4 running            Load avg: 4.16, 4.41, 4.62
>>> Jobs: 182 of 420 complete, 5 running            Load avg: 4.16, 4.41, 4.62
>>> Emerging (206 of 420) dev-util/autoproject-0.20_p15::gentoo for /usr/i586-tcc-linux-musl/
>>> Jobs: 182 of 420 complete, 5 running            Load avg: 4.16, 4.41, 4.62
>>> Recording app-text/wgetpaste in "world" favorites file...
>>> Jobs: 182 of 420 complete, 5 running            Load avg: 4.07, 4.38, 4.61
>>> Jobs: 183 of 420 complete, 5 running            Load avg: 4.07, 4.38, 4.61
>>> Installing (201 of 420) app-text/tdq-9999::gentoo to /usr/i586-tcc-linux-musl/
>>> Jobs: 183 of 420 complete, 5 running            Load avg: 4.07, 4.38, 4.61
>>> Jobs: 183 of 420 complete, 4 running            Load avg: 4.07, 4.38, 4.61
>>> Jobs: 183 of 420 complete, 5 running            Load avg: 4.07, 4.38, 4.61
>>> Emerging (207 of 420) dev-util/cflow-1.7::gentoo for /usr/i586-tcc-linux-musl/
>>> Jobs: 183 of 420 complete, 5 running            Load avg: 4.07, 4.38, 4.61
>>> Recording app-text/tdq in "world" favorites file...
>>> Jobs: 183 of 420 complete, 5 running            Load avg: 4.21, 4.40, 4.62
>>> Jobs: 184 of 420 complete, 5 running            Load avg: 4.21, 4.40, 4.62
>>> Installing (203 of 420) dev-embedded/xa-2.4.1::gentoo to /usr/i586-tcc-linux-musl/
>>> Jobs: 184 of 420 complete, 5 running            Load avg: 4.21, 4.40, 4.62
>>> Jobs: 184 of 420 complete, 4 running            Load avg: 4.21, 4.40, 4.62
>>> Jobs: 184 of 420 complete, 5 running            Load avg: 4.21, 4.40, 4.62
>>> Emerging (208 of 420) dev-util/ctags-20240609.0::gentoo for /usr/i586-tcc-linux-musl/
>>> Jobs: 184 of 420 complete, 5 running            Load avg: 4.21, 4.40, 4.62
>>> Recording dev-embedded/xa in "world" favorites file...
>>> Jobs: 184 of 420 complete, 5 running            Load avg: 4.49, 4.46, 4.63
>>> Jobs: 185 of 420 complete, 5 running            Load avg: 4.49, 4.46, 4.63
>>> Installing (204 of 420) dev-embedded/zmac-1.3-r1::gentoo to /usr/i586-tcc-linux-musl/
>>> Jobs: 185 of 420 complete, 5 running            Load avg: 4.49, 4.46, 4.63
>>> Jobs: 185 of 420 complete, 4 running            Load avg: 4.49, 4.46, 4.63
>>> Jobs: 185 of 420 complete, 5 running            Load avg: 4.49, 4.46, 4.63
>>> Emerging (209 of 420) dev-util/cunit-2.1_p3::gentoo for /usr/i586-tcc-linux-musl/
>>> Jobs: 185 of 420 complete, 5 running            Load avg: 4.49, 4.46, 4.63
>>> Recording dev-embedded/zmac in "world" favorites file...
>>> Jobs: 185 of 420 complete, 5 running            Load avg: 4.94, 4.56, 4.67
>>> Jobs: 186 of 420 complete, 5 running            Load avg: 4.94, 4.56, 4.67
>>> Installing (206 of 420) dev-util/autoproject-0.20_p15::gentoo to /usr/i586-tcc-linux-musl/
>>> Jobs: 186 of 420 complete, 5 running            Load avg: 5.18, 4.63, 4.69
>>> Jobs: 186 of 420 complete, 4 running            Load avg: 5.18, 4.63, 4.69
>>> Recording dev-util/autoproject in "world" favorites file...
>>> Jobs: 186 of 420 complete, 4 running            Load avg: 5.24, 4.65, 4.69
>>> Jobs: 187 of 420 complete, 4 running            Load avg: 5.24, 4.65, 4.69
>>> Installing (207 of 420) dev-util/cflow-1.7::gentoo to /usr/i586-tcc-linux-musl/
>>> Jobs: 187 of 420 complete, 4 running            Load avg: 5.22, 4.66, 4.70
>>> Jobs: 187 of 420 complete, 3 running            Load avg: 5.22, 4.66, 4.70
>>> Recording dev-util/cflow in "world" favorites file...
>>> Jobs: 187 of 420 complete, 3 running            Load avg: 5.21, 4.66, 4.70
>>> Jobs: 188 of 420 complete, 3 running            Load avg: 5.21, 4.66, 4.70
>>> Installing (205 of 420) dev-libs/mpfr-4.2.1::gentoo to /usr/i586-tcc-linux-musl/
>>> Jobs: 188 of 420 complete, 3 running            Load avg: 4.72, 4.58, 4.67
>>> Jobs: 188 of 420 complete, 2 running            Load avg: 4.72, 4.58, 4.67
>>> Jobs: 188 of 420 complete, 3 running            Load avg: 4.72, 4.58, 4.67
>>> Emerging (210 of 420) dev-util/egypt-1.11::gentoo for /usr/i586-tcc-linux-musl/
>>> Jobs: 188 of 420 complete, 3 running            Load avg: 4.72, 4.58, 4.67
>>> Jobs: 188 of 420 complete, 4 running            Load avg: 4.72, 4.58, 4.67
>>> Emerging (211 of 420) dev-util/indent-2.2.13::gentoo for /usr/i586-tcc-linux-musl/
>>> Jobs: 188 of 420 complete, 4 running            Load avg: 4.72, 4.58, 4.67
>>> Jobs: 188 of 420 complete, 5 running            Load avg: 4.74, 4.59, 4.67
>>> Emerging (212 of 420) dev-util/shc-9999::gentoo for /usr/i586-tcc-linux-musl/
>>> Jobs: 188 of 420 complete, 5 running            Load avg: 4.74, 4.59, 4.67
>>> Recording dev-libs/mpfr in "world" favorites file...
>>> Jobs: 188 of 420 complete, 5 running            Load avg: 5.00, 4.65, 4.69
>>> Jobs: 189 of 420 complete, 5 running            Load avg: 5.00, 4.65, 4.69
>>> Installing (209 of 420) dev-util/cunit-2.1_p3::gentoo to /usr/i586-tcc-linux-musl/
>>> Jobs: 189 of 420 complete, 5 running            Load avg: 5.00, 4.65, 4.69
>>> Jobs: 189 of 420 complete, 4 running            Load avg: 5.00, 4.65, 4.69
>>> Recording dev-util/cunit in "world" favorites file...
>>> Jobs: 189 of 420 complete, 4 running            Load avg: 4.76, 4.60, 4.68
>>> Jobs: 190 of 420 complete, 4 running            Load avg: 4.76, 4.60, 4.68
>>> Jobs: 190 of 420 complete, 5 running            Load avg: 4.76, 4.60, 4.68
>>> Emerging (213 of 420) dev-util/strace-4.5.15::gentoo for /usr/i586-tcc-linux-musl/
>>> Jobs: 190 of 420 complete, 5 running            Load avg: 4.76, 4.60, 4.68
>>> Installing (210 of 420) dev-util/egypt-1.11::gentoo to /usr/i586-tcc-linux-musl/
>>> Jobs: 190 of 420 complete, 5 running            Load avg: 5.25, 4.72, 4.72
>>> Jobs: 190 of 420 complete, 4 running            Load avg: 5.25, 4.72, 4.72
>>> Recording dev-util/egypt in "world" favorites file...
>>> Jobs: 190 of 420 complete, 4 running            Load avg: 4.99, 4.68, 4.70
>>> Jobs: 191 of 420 complete, 4 running            Load avg: 4.99, 4.68, 4.70
>>> Jobs: 191 of 420 complete, 5 running            Load avg: 4.99, 4.68, 4.70
>>> Emerging (214 of 420) dev-util/xxd-9999::gentoo for /usr/i586-tcc-linux-musl/
>>> Jobs: 191 of 420 complete, 5 running            Load avg: 4.99, 4.68, 4.70
>>> Installing (212 of 420) dev-util/shc-9999::gentoo to /usr/i586-tcc-linux-musl/
>>> Jobs: 191 of 420 complete, 5 running            Load avg: 5.07, 4.70, 4.71
>>> Jobs: 191 of 420 complete, 4 running            Load avg: 5.07, 4.70, 4.71
>>> Recording dev-util/shc in "world" favorites file...
>>> Jobs: 191 of 420 complete, 4 running            Load avg: 5.23, 4.74, 4.72
>>> Installing (208 of 420) dev-util/ctags-20240609.0::gentoo to /usr/i586-tcc-linux-musl/
>>> Jobs: 191 of 420 complete, 4 running            Load avg: 5.23, 4.74, 4.72
>>> Jobs: 191 of 420 complete, 3 running            Load avg: 5.23, 4.74, 4.72
>>> Jobs: 192 of 420 complete, 3 running            Load avg: 5.23, 4.74, 4.72
>>> Recording dev-util/ctags in "world" favorites file...
>>> Jobs: 192 of 420 complete, 3 running            Load avg: 5.05, 4.71, 4.71
>>> Jobs: 193 of 420 complete, 3 running            Load avg: 5.05, 4.71, 4.71
>>> Installing (211 of 420) dev-util/indent-2.2.13::gentoo to /usr/i586-tcc-linux-musl/
>>> Jobs: 193 of 420 complete, 3 running            Load avg: 4.73, 4.65, 4.69
>>> Jobs: 193 of 420 complete, 2 running            Load avg: 4.73, 4.65, 4.69
>>> Jobs: 193 of 420 complete, 3 running            Load avg: 4.73, 4.65, 4.69
>>> Emerging (215 of 420) dev-util/yacc-1.9.1-r8::gentoo for /usr/i586-tcc-linux-musl/
>>> Jobs: 193 of 420 complete, 3 running            Load avg: 4.73, 4.65, 4.69
>>> Jobs: 193 of 420 complete, 4 running            Load avg: 4.84, 4.68, 4.70
>>> Emerging (216 of 420) dev-vcs/cvs-1.12.12-r15::gentoo for /usr/i586-tcc-linux-musl/
>>> Jobs: 193 of 420 complete, 4 running            Load avg: 4.84, 4.68, 4.70
>>> Installing (214 of 420) dev-util/xxd-9999::gentoo to /usr/i586-tcc-linux-musl/
>>> Jobs: 193 of 420 complete, 4 running            Load avg: 4.84, 4.68, 4.70
>>> Jobs: 193 of 420 complete, 3 running            Load avg: 4.84, 4.68, 4.70
>>> Jobs: 193 of 420 complete, 4 running            Load avg: 4.61, 4.63, 4.69
>>> Emerging (217 of 420) dev-vcs/rcsi-0.5::gentoo for /usr/i586-tcc-linux-musl/
>>> Jobs: 193 of 420 complete, 4 running            Load avg: 4.61, 4.63, 4.69
>>> Jobs: 193 of 420 complete, 5 running            Load avg: 4.61, 4.63, 4.69
>>> Emerging (218 of 420) games-util/joystick-1.6.1::gentoo for /usr/i586-tcc-linux-musl/
>>> Jobs: 193 of 420 complete, 5 running            Load avg: 4.61, 4.63, 4.69
>>> Recording dev-util/indent in "world" favorites file...
>>> Jobs: 193 of 420 complete, 5 running            Load avg: 4.61, 4.63, 4.69
>>> Recording dev-util/xxd in "world" favorites file...
>>> Jobs: 193 of 420 complete, 5 running            Load avg: 4.61, 4.63, 4.69
>>> Jobs: 194 of 420 complete, 5 running            Load avg: 4.61, 4.63, 4.69
>>> Jobs: 195 of 420 complete, 5 running            Load avg: 4.61, 4.63, 4.69
>>> Installing (213 of 420) dev-util/strace-4.5.15::gentoo to /usr/i586-tcc-linux-musl/
>>> Jobs: 195 of 420 complete, 5 running            Load avg: 4.64, 4.64, 4.69
>>> Jobs: 195 of 420 complete, 4 running            Load avg: 4.64, 4.64, 4.69
>>> Jobs: 195 of 420 complete, 5 running            Load avg: 4.64, 4.64, 4.69
>>> Emerging (219 of 420) mail-client/mailx-8.1.2.20220412::gentoo for /usr/i586-tcc-linux-musl/
>>> Jobs: 195 of 420 complete, 5 running            Load avg: 4.64, 4.64, 4.69
>>> Recording dev-util/strace in "world" favorites file...
>>> Jobs: 195 of 420 complete, 5 running            Load avg: 4.51, 4.61, 4.68
>>> Jobs: 196 of 420 complete, 5 running            Load avg: 4.51, 4.61, 4.68
>>> Installing (215 of 420) dev-util/yacc-1.9.1-r8::gentoo to /usr/i586-tcc-linux-musl/
>>> Jobs: 196 of 420 complete, 5 running            Load avg: 4.85, 4.68, 4.70
>>> Jobs: 196 of 420 complete, 4 running            Load avg: 4.85, 4.68, 4.70
>>> Jobs: 196 of 420 complete, 5 running            Load avg: 4.85, 4.68, 4.70
>>> Emerging (220 of 420) mail-client/mutt-2.2.13::gentoo for /usr/i586-tcc-linux-musl/
>>> Jobs: 196 of 420 complete, 5 running            Load avg: 4.85, 4.68, 4.70
>>> Recording dev-util/yacc in "world" favorites file...
>>> Jobs: 196 of 420 complete, 5 running            Load avg: 4.70, 4.65, 4.69
>>> Jobs: 197 of 420 complete, 5 running            Load avg: 4.70, 4.65, 4.69
>>> Installing (218 of 420) games-util/joystick-1.6.1::gentoo to /usr/i586-tcc-linux-musl/
>>> Jobs: 197 of 420 complete, 5 running            Load avg: 4.70, 4.65, 4.69
>>> Jobs: 197 of 420 complete, 4 running            Load avg: 4.80, 4.67, 4.70
>>> Jobs: 197 of 420 complete, 5 running            Load avg: 4.80, 4.67, 4.70
>>> Emerging (221 of 420) mail-mta/msmtp-1.8.27::gentoo for /usr/i586-tcc-linux-musl/
>>> Jobs: 197 of 420 complete, 5 running            Load avg: 4.80, 4.67, 4.70
>>> Recording games-util/joystick in "world" favorites file...
>>> Jobs: 197 of 420 complete, 5 running            Load avg: 4.74, 4.66, 4.70
>>> Jobs: 198 of 420 complete, 5 running            Load avg: 4.74, 4.66, 4.70
>>> Installing (217 of 420) dev-vcs/rcsi-0.5::gentoo to /usr/i586-tcc-linux-musl/
>>> Jobs: 198 of 420 complete, 5 running            Load avg: 4.74, 4.66, 4.70
>>> Jobs: 198 of 420 complete, 4 running            Load avg: 4.74, 4.66, 4.70
>>> Jobs: 198 of 420 complete, 5 running            Load avg: 4.74, 4.66, 4.70
>>> Emerging (222 of 420) mail-mta/ssmtp-2.64_p11-r1::gentoo for /usr/i586-tcc-linux-musl/
>>> Jobs: 198 of 420 complete, 5 running            Load avg: 4.74, 4.66, 4.70
>>> Recording dev-vcs/rcsi in "world" favorites file...
>>> Jobs: 198 of 420 complete, 5 running            Load avg: 4.94, 4.71, 4.71
>>> Installing (219 of 420) mail-client/mailx-8.1.2.20220412::gentoo to /usr/i586-tcc-linux-musl/
>>> Jobs: 198 of 420 complete, 5 running            Load avg: 4.94, 4.71, 4.71
>>> Jobs: 198 of 420 complete, 4 running            Load avg: 4.94, 4.71, 4.71
>>> Jobs: 198 of 420 complete, 5 running            Load avg: 4.94, 4.71, 4.71
>>> Emerging (223 of 420) media-fonts/neatmkfn-9999::gentoo for /usr/i586-tcc-linux-musl/
>>> Jobs: 198 of 420 complete, 5 running            Load avg: 4.94, 4.71, 4.71
>>> Jobs: 199 of 420 complete, 5 running            Load avg: 4.94, 4.71, 4.71
>>> Recording mail-client/mailx in "world" favorites file...
>>> Jobs: 199 of 420 complete, 5 running            Load avg: 5.10, 4.75, 4.72
>>> Jobs: 200 of 420 complete, 5 running            Load avg: 5.10, 4.75, 4.72
>>> Installing (222 of 420) mail-mta/ssmtp-2.64_p11-r1::gentoo to /usr/i586-tcc-linux-musl/
>>> Jobs: 200 of 420 complete, 5 running            Load avg: 5.85, 4.94, 4.79
>>> Jobs: 200 of 420 complete, 4 running            Load avg: 5.85, 4.94, 4.79
>>> Recording mail-mta/ssmtp in "world" favorites file...
>>> Jobs: 200 of 420 complete, 4 running            Load avg: 5.70, 4.93, 4.79
>>> Jobs: 201 of 420 complete, 4 running            Load avg: 5.70, 4.93, 4.79
>>> Installing (223 of 420) media-fonts/neatmkfn-9999::gentoo to /usr/i586-tcc-linux-musl/
>>> Jobs: 201 of 420 complete, 4 running            Load avg: 5.64, 4.93, 4.79
>>> Jobs: 201 of 420 complete, 3 running            Load avg: 5.64, 4.93, 4.79
>>> Recording media-fonts/neatmkfn in "world" favorites file...
>>> Jobs: 201 of 420 complete, 3 running            Load avg: 5.43, 4.90, 4.78
>>> Jobs: 202 of 420 complete, 3 running            Load avg: 5.43, 4.90, 4.78
>>> Installing (221 of 420) mail-mta/msmtp-1.8.27::gentoo to /usr/i586-tcc-linux-musl/
>>> Jobs: 202 of 420 complete, 3 running            Load avg: 5.43, 4.90, 4.78
>>> Jobs: 202 of 420 complete, 2 running            Load avg: 5.43, 4.90, 4.78
>>> Recording mail-mta/msmtp in "world" favorites file...
>>> Jobs: 202 of 420 complete, 2 running            Load avg: 5.08, 4.83, 4.76
>>> Installing (216 of 420) dev-vcs/cvs-1.12.12-r15::gentoo to /usr/i586-tcc-linux-musl/
>>> Jobs: 202 of 420 complete, 2 running            Load avg: 5.08, 4.83, 4.76
>>> Jobs: 202 of 420 complete, 1 running            Load avg: 5.08, 4.83, 4.76
>>> Jobs: 203 of 420 complete, 1 running            Load avg: 5.08, 4.83, 4.76
>>> Recording dev-vcs/cvs in "world" favorites file...
>>> Jobs: 203 of 420 complete, 1 running            Load avg: 4.52, 4.72, 4.72
>>> Jobs: 204 of 420 complete, 1 running            Load avg: 4.52, 4.72, 4.72
>>> Jobs: 204 of 420 complete, 2 running            Load avg: 4.52, 4.72, 4.72
>>> Emerging (224 of 420) media-fonts/terminus-font-4.49.1-r1::gentoo for /usr/i586-tcc-linux-musl/
>>> Jobs: 204 of 420 complete, 2 running            Load avg: 4.52, 4.72, 4.72
>>> Jobs: 204 of 420 complete, 3 running            Load avg: 4.52, 4.72, 4.72
>>> Emerging (225 of 420) media-fonts/unifont-14.0.03::gentoo for /usr/i586-tcc-linux-musl/
>>> Jobs: 204 of 420 complete, 3 running            Load avg: 4.52, 4.72, 4.72
>>> Installing (220 of 420) mail-client/mutt-2.2.13::gentoo to /usr/i586-tcc-linux-musl/
>>> Jobs: 204 of 420 complete, 3 running            Load avg: 4.52, 4.72, 4.72
>>> Jobs: 204 of 420 complete, 2 running            Load avg: 4.52, 4.72, 4.72
>>> Jobs: 204 of 420 complete, 3 running            Load avg: 4.32, 4.68, 4.71
>>> Emerging (226 of 420) media-gfx/farbfeld-resize-9999::gentoo for /usr/i586-tcc-linux-musl/
>>> Jobs: 204 of 420 complete, 3 running            Load avg: 4.32, 4.68, 4.71
>>> Jobs: 204 of 420 complete, 4 running            Load avg: 4.32, 4.68, 4.71
>>> Emerging (227 of 420) media-gfx/fbgrab-1.5::gentoo for /usr/i586-tcc-linux-musl/
>>> Jobs: 204 of 420 complete, 4 running            Load avg: 4.32, 4.68, 4.71
>>> Jobs: 204 of 420 complete, 5 running            Load avg: 4.32, 4.68, 4.71
>>> Emerging (228 of 420) media-gfx/fbvis-9999::gentoo for /usr/i586-tcc-linux-musl/
>>> Jobs: 204 of 420 complete, 5 running            Load avg: 4.32, 4.68, 4.71
>>> Recording mail-client/mutt in "world" favorites file...
>>> Jobs: 204 of 420 complete, 5 running            Load avg: 3.94, 4.56, 4.66
>>> Jobs: 205 of 420 complete, 5 running            Load avg: 3.94, 4.56, 4.66
>>> Installing (225 of 420) media-fonts/unifont-14.0.03::gentoo to /usr/i586-tcc-linux-musl/
>>> Jobs: 205 of 420 complete, 5 running            Load avg: 5.09, 4.78, 4.74
>>> Jobs: 205 of 420 complete, 4 running            Load avg: 5.09, 4.78, 4.74
>>> Recording media-fonts/unifont in "world" favorites file...
>>> Jobs: 205 of 420 complete, 4 running            Load avg: 5.17, 4.80, 4.74
>>> Jobs: 206 of 420 complete, 4 running            Load avg: 5.17, 4.80, 4.74
>>> Installing (226 of 420) media-gfx/farbfeld-resize-9999::gentoo to /usr/i586-tcc-linux-musl/
>>> Jobs: 206 of 420 complete, 4 running            Load avg: 5.17, 4.80, 4.74
>>> Jobs: 206 of 420 complete, 3 running            Load avg: 5.17, 4.80, 4.74
>>> Recording media-gfx/farbfeld-resize in "world" favorites file...
>>> Jobs: 206 of 420 complete, 3 running            Load avg: 4.91, 4.75, 4.73
>>> Jobs: 207 of 420 complete, 3 running            Load avg: 4.91, 4.75, 4.73
>>> Jobs: 207 of 420 complete, 4 running            Load avg: 4.91, 4.75, 4.73
>>> Emerging (229 of 420) media-gfx/ff-tools-9999::gentoo for /usr/i586-tcc-linux-musl/
>>> Jobs: 207 of 420 complete, 4 running            Load avg: 4.91, 4.75, 4.73
>>> Installing (227 of 420) media-gfx/fbgrab-1.5::gentoo to /usr/i586-tcc-linux-musl/
>>> Jobs: 207 of 420 complete, 4 running            Load avg: 4.91, 4.75, 4.73
>>> Jobs: 207 of 420 complete, 3 running            Load avg: 4.91, 4.75, 4.73
>>> Recording media-gfx/fbgrab in "world" favorites file...
>>> Jobs: 207 of 420 complete, 3 running            Load avg: 5.08, 4.79, 4.74
>>> Jobs: 208 of 420 complete, 3 running            Load avg: 5.08, 4.79, 4.74
>>> Installing (228 of 420) media-gfx/fbvis-9999::gentoo to /usr/i586-tcc-linux-musl/
>>> Jobs: 208 of 420 complete, 3 running            Load avg: 4.83, 4.75, 4.73
>>> Jobs: 208 of 420 complete, 2 running            Load avg: 4.83, 4.75, 4.73
>>> Jobs: 208 of 420 complete, 3 running            Load avg: 4.83, 4.75, 4.73
>>> Emerging (230 of 420) media-gfx/ff2sixel-9999::gentoo for /usr/i586-tcc-linux-musl/
>>> Jobs: 208 of 420 complete, 3 running            Load avg: 4.83, 4.75, 4.73
>>> Recording media-gfx/fbvis in "world" favorites file...
>>> Jobs: 208 of 420 complete, 3 running            Load avg: 4.91, 4.77, 4.73
>>> Jobs: 209 of 420 complete, 3 running            Load avg: 4.91, 4.77, 4.73
>>> Jobs: 209 of 420 complete, 4 running            Load avg: 4.91, 4.77, 4.73
>>> Emerging (231 of 420) media-gfx/gamut-9999::gentoo for /usr/i586-tcc-linux-musl/
>>> Jobs: 209 of 420 complete, 4 running            Load avg: 4.91, 4.77, 4.73
>>> Installing (229 of 420) media-gfx/ff-tools-9999::gentoo to /usr/i586-tcc-linux-musl/
>>> Jobs: 209 of 420 complete, 4 running            Load avg: 5.16, 4.83, 4.75
>>> Jobs: 209 of 420 complete, 3 running            Load avg: 5.16, 4.83, 4.75
>>> Recording media-gfx/ff-tools in "world" favorites file...
>>> Jobs: 209 of 420 complete, 3 running            Load avg: 4.97, 4.80, 4.75
>>> Jobs: 210 of 420 complete, 3 running            Load avg: 4.97, 4.80, 4.75
>>> Jobs: 210 of 420 complete, 4 running            Load avg: 4.97, 4.80, 4.75
>>> Emerging (232 of 420) media-gfx/graphicsmagick-1.3.45-r1::gentoo for /usr/i586-tcc-linux-musl/
>>> Jobs: 210 of 420 complete, 4 running            Load avg: 4.97, 4.80, 4.75
>>> Jobs: 210 of 420 complete, 5 running            Load avg: 4.97, 4.80, 4.75
>>> Emerging (233 of 420) media-gfx/idump-9999::gentoo for /usr/i586-tcc-linux-musl/
>>> Jobs: 210 of 420 complete, 5 running            Load avg: 4.97, 4.80, 4.75
>>> Installing (230 of 420) media-gfx/ff2sixel-9999::gentoo to /usr/i586-tcc-linux-musl/
>>> Jobs: 210 of 420 complete, 5 running            Load avg: 5.52, 4.92, 4.79
>>> Jobs: 210 of 420 complete, 4 running            Load avg: 5.52, 4.92, 4.79
>>> Recording media-gfx/ff2sixel in "world" favorites file...
>>> Jobs: 210 of 420 complete, 4 running            Load avg: 5.48, 4.92, 4.79
>>> Jobs: 211 of 420 complete, 4 running            Load avg: 5.48, 4.92, 4.79
>>> Installing (231 of 420) media-gfx/gamut-9999::gentoo to /usr/i586-tcc-linux-musl/
>>> Jobs: 211 of 420 complete, 4 running            Load avg: 5.44, 4.93, 4.79
>>> Jobs: 211 of 420 complete, 3 running            Load avg: 5.44, 4.93, 4.79
>>> Recording media-gfx/gamut in "world" favorites file...
>>> Jobs: 211 of 420 complete, 3 running            Load avg: 5.24, 4.89, 4.78
>>> Jobs: 212 of 420 complete, 3 running            Load avg: 5.24, 4.89, 4.78
>>> Installing (233 of 420) media-gfx/idump-9999::gentoo to /usr/i586-tcc-linux-musl/
>>> Jobs: 212 of 420 complete, 3 running            Load avg: 4.98, 4.85, 4.77
>>> Jobs: 212 of 420 complete, 2 running            Load avg: 4.98, 4.85, 4.77
>>> Jobs: 212 of 420 complete, 3 running            Load avg: 4.98, 4.85, 4.77
>>> Emerging (234 of 420) media-gfx/jp2a-1.1.1::gentoo for /usr/i586-tcc-linux-musl/
>>> Jobs: 212 of 420 complete, 3 running            Load avg: 4.98, 4.85, 4.77
>>> Jobs: 212 of 420 complete, 4 running            Load avg: 4.90, 4.83, 4.76
>>> Emerging (235 of 420) media-gfx/jpeg2ps-1.9-r2::gentoo for /usr/i586-tcc-linux-musl/
>>> Jobs: 212 of 420 complete, 4 running            Load avg: 4.90, 4.83, 4.76
>>> Recording media-gfx/idump in "world" favorites file...
>>> Jobs: 212 of 420 complete, 4 running            Load avg: 5.31, 4.92, 4.79
>>> Jobs: 213 of 420 complete, 4 running            Load avg: 5.31, 4.92, 4.79
>>> Installing (235 of 420) media-gfx/jpeg2ps-1.9-r2::gentoo to /usr/i586-tcc-linux-musl/
>>> Jobs: 213 of 420 complete, 4 running            Load avg: 5.46, 4.98, 4.81
>>> Jobs: 213 of 420 complete, 3 running            Load avg: 5.46, 4.98, 4.81
>>> Recording media-gfx/jpeg2ps in "world" favorites file...
>>> Jobs: 213 of 420 complete, 3 running            Load avg: 5.39, 4.98, 4.81
>>> Jobs: 214 of 420 complete, 3 running            Load avg: 5.39, 4.98, 4.81
>>> Installing (234 of 420) media-gfx/jp2a-1.1.1::gentoo to /usr/i586-tcc-linux-musl/
>>> Jobs: 214 of 420 complete, 3 running            Load avg: 5.53, 5.03, 4.83
>>> Jobs: 214 of 420 complete, 2 running            Load avg: 5.53, 5.03, 4.83
>>> Recording media-gfx/jp2a in "world" favorites file...
>>> Jobs: 214 of 420 complete, 2 running            Load avg: 5.33, 4.99, 4.82
>>> Jobs: 215 of 420 complete, 2 running            Load avg: 5.33, 4.99, 4.82
>>> Installing (232 of 420) media-gfx/graphicsmagick-1.3.45-r1::gentoo to /usr/i586-tcc-linux-musl/
>>> Jobs: 215 of 420 complete, 2 running            Load avg: 4.90, 4.91, 4.80
>>> Jobs: 215 of 420 complete, 1 running            Load avg: 4.90, 4.91, 4.80
>>> Jobs: 215 of 420 complete, 2 running            Load avg: 4.90, 4.91, 4.80
>>> Emerging (236 of 420) media-gfx/psftools-1.0.10::gentoo for /usr/i586-tcc-linux-musl/
>>> Jobs: 215 of 420 complete, 2 running            Load avg: 4.90, 4.91, 4.80
>>> Jobs: 215 of 420 complete, 3 running            Load avg: 4.90, 4.91, 4.80
>>> Emerging (237 of 420) media-gfx/sane-frontends-1.0.14-r6::gentoo for /usr/i586-tcc-linux-musl/
>>> Jobs: 215 of 420 complete, 3 running            Load avg: 4.90, 4.91, 4.80
>>> Jobs: 215 of 420 complete, 4 running            Load avg: 4.90, 4.91, 4.80
>>> Emerging (238 of 420) media-gfx/sdump-9999::gentoo for /usr/i586-tcc-linux-musl/
>>> Jobs: 215 of 420 complete, 4 running            Load avg: 4.90, 4.91, 4.80
>>> Jobs: 215 of 420 complete, 5 running            Load avg: 4.90, 4.91, 4.80
>>> Emerging (239 of 420) media-libs/libshout-2.4.6::gentoo for /usr/i586-tcc-linux-musl/
>>> Jobs: 215 of 420 complete, 5 running            Load avg: 4.90, 4.91, 4.80
>>> Recording media-gfx/graphicsmagick in "world" favorites file...
>>> Jobs: 215 of 420 complete, 5 running            Load avg: 5.31, 5.00, 4.83
>>> Jobs: 216 of 420 complete, 5 running            Load avg: 5.31, 5.00, 4.83
>>> Installing (236 of 420) media-gfx/psftools-1.0.10::gentoo to /usr/i586-tcc-linux-musl/
>>> Jobs: 216 of 420 complete, 5 running            Load avg: 5.46, 5.06, 4.85
>>> Jobs: 216 of 420 complete, 4 running            Load avg: 5.46, 5.06, 4.85
>>> Recording media-gfx/psftools in "world" favorites file...
>>> Jobs: 216 of 420 complete, 4 running            Load avg: 5.50, 5.08, 4.86
>>> Jobs: 217 of 420 complete, 4 running            Load avg: 5.50, 5.08, 4.86
>>> Installing (238 of 420) media-gfx/sdump-9999::gentoo to /usr/i586-tcc-linux-musl/
>>> Jobs: 217 of 420 complete, 4 running            Load avg: 5.42, 5.07, 4.86
>>> Jobs: 217 of 420 complete, 3 running            Load avg: 5.42, 5.07, 4.86
>>> Recording media-gfx/sdump in "world" favorites file...
>>> Jobs: 217 of 420 complete, 3 running            Load avg: 5.39, 5.07, 4.86
>>> Jobs: 218 of 420 complete, 3 running            Load avg: 5.39, 5.07, 4.86
>>> Installing (237 of 420) media-gfx/sane-frontends-1.0.14-r6::gentoo to /usr/i586-tcc-linux-musl/
>>> Jobs: 218 of 420 complete, 3 running            Load avg: 5.39, 5.07, 4.86
>>> Jobs: 218 of 420 complete, 2 running            Load avg: 5.39, 5.07, 4.86
>>> Recording media-gfx/sane-frontends in "world" favorites file...
>>> Jobs: 218 of 420 complete, 2 running            Load avg: 5.10, 5.02, 4.85
>>> Jobs: 219 of 420 complete, 2 running            Load avg: 5.10, 5.02, 4.85
>>> Installing (239 of 420) media-libs/libshout-2.4.6::gentoo to /usr/i586-tcc-linux-musl/
>>> Jobs: 219 of 420 complete, 2 running            Load avg: 4.85, 4.97, 4.83
>>> Jobs: 219 of 420 complete, 1 running            Load avg: 4.85, 4.97, 4.83
>>> Jobs: 219 of 420 complete, 2 running            Load avg: 4.85, 4.97, 4.83
>>> Emerging (240 of 420) media-libs/sdl-gfx-2.0.26-r2::gentoo for /usr/i586-tcc-linux-musl/
>>> Jobs: 219 of 420 complete, 2 running            Load avg: 4.85, 4.97, 4.83
>>> Recording media-libs/libshout in "world" favorites file...
>>> Jobs: 219 of 420 complete, 2 running            Load avg: 5.19, 5.04, 4.85
>>> Jobs: 220 of 420 complete, 2 running            Load avg: 5.19, 5.04, 4.85
>>> Installing (240 of 420) media-libs/sdl-gfx-2.0.26-r2::gentoo to /usr/i586-tcc-linux-musl/
>>> Jobs: 220 of 420 complete, 2 running            Load avg: 4.83, 4.97, 4.84
>>> Jobs: 220 of 420 complete, 1 running            Load avg: 4.83, 4.97, 4.84
>>> Jobs: 220 of 420 complete, 2 running            Load avg: 4.83, 4.97, 4.84
>>> Emerging (241 of 420) media-libs/sixel-9999::gentoo for /usr/i586-tcc-linux-musl/
>>> Jobs: 220 of 420 complete, 2 running            Load avg: 4.83, 4.97, 4.84
>>> Jobs: 220 of 420 complete, 3 running            Load avg: 4.83, 4.97, 4.84
>>> Emerging (242 of 420) media-radio/dxcc-20191204::gentoo for /usr/i586-tcc-linux-musl/
>>> Jobs: 220 of 420 complete, 3 running            Load avg: 4.83, 4.97, 4.84
>>> Jobs: 220 of 420 complete, 4 running            Load avg: 4.83, 4.97, 4.84
>>> Emerging (243 of 420) media-radio/ibp-0.21-r2::gentoo for /usr/i586-tcc-linux-musl/
>>> Jobs: 220 of 420 complete, 4 running            Load avg: 4.83, 4.97, 4.84
>>> Recording media-libs/sdl-gfx in "world" favorites file...
>>> Jobs: 220 of 420 complete, 4 running            Load avg: 5.08, 5.02, 4.86
>>> Jobs: 221 of 420 complete, 4 running            Load avg: 5.08, 5.02, 4.86
>>> Installing (242 of 420) media-radio/dxcc-20191204::gentoo to /usr/i586-tcc-linux-musl/
>>> Jobs: 221 of 420 complete, 4 running            Load avg: 5.14, 5.03, 4.87
>>> Jobs: 221 of 420 complete, 3 running            Load avg: 5.14, 5.03, 4.87
>>> Recording media-radio/dxcc in "world" favorites file...
>>> Jobs: 221 of 420 complete, 3 running            Load avg: 4.89, 4.98, 4.85
>>> Jobs: 222 of 420 complete, 3 running            Load avg: 4.89, 4.98, 4.85
>>> Jobs: 222 of 420 complete, 4 running            Load avg: 4.89, 4.98, 4.85
>>> Emerging (244 of 420) media-sound/audiotag-0.19-r1::gentoo for /usr/i586-tcc-linux-musl/
>>> Jobs: 222 of 420 complete, 4 running            Load avg: 4.89, 4.98, 4.85
>>> Installing (243 of 420) media-radio/ibp-0.21-r2::gentoo to /usr/i586-tcc-linux-musl/
>>> Jobs: 222 of 420 complete, 4 running            Load avg: 4.89, 4.98, 4.85
>>> Jobs: 222 of 420 complete, 3 running            Load avg: 4.89, 4.98, 4.85
>>> Recording media-radio/ibp in "world" favorites file...
>>> Jobs: 222 of 420 complete, 3 running            Load avg: 4.97, 5.00, 4.86
>>> Jobs: 223 of 420 complete, 3 running            Load avg: 4.97, 5.00, 4.86
>>> Jobs: 223 of 420 complete, 4 running            Load avg: 4.97, 5.00, 4.86
>>> Emerging (245 of 420) media-sound/cdparanoia-3.10.2-r8::gentoo for /usr/i586-tcc-linux-musl/
>>> Jobs: 223 of 420 complete, 4 running            Load avg: 4.97, 5.00, 4.86
>>> Jobs: 223 of 420 complete, 5 running            Load avg: 4.97, 5.00, 4.86
>>> Emerging (246 of 420) media-sound/cdplay-1.0::gentoo for /usr/i586-tcc-linux-musl/
>>> Jobs: 223 of 420 complete, 5 running            Load avg: 4.97, 5.00, 4.86
>>> Installing (241 of 420) media-libs/sixel-9999::gentoo to /usr/i586-tcc-linux-musl/
>>> Jobs: 223 of 420 complete, 5 running            Load avg: 4.97, 5.00, 4.86
>>> Jobs: 223 of 420 complete, 4 running            Load avg: 4.97, 5.00, 4.86
>>> Jobs: 223 of 420 complete, 5 running            Load avg: 4.89, 4.98, 4.85
>>> Emerging (247 of 420) media-sound/cvoicecontrol-0.9_alpha-r2::gentoo for /usr/i586-tcc-linux-musl/
>>> Jobs: 223 of 420 complete, 5 running            Load avg: 4.89, 4.98, 4.85
>>> Recording media-libs/sixel in "world" favorites file...
>>> Jobs: 223 of 420 complete, 5 running            Load avg: 5.53, 5.12, 4.90
>>> Jobs: 224 of 420 complete, 5 running            Load avg: 5.53, 5.12, 4.90
>>> Installing (244 of 420) media-sound/audiotag-0.19-r1::gentoo to /usr/i586-tcc-linux-musl/
>>> Jobs: 224 of 420 complete, 5 running            Load avg: 5.49, 5.11, 4.90
>>> Jobs: 224 of 420 complete, 4 running            Load avg: 5.49, 5.11, 4.90
>>> Installing (224 of 420) media-fonts/terminus-font-4.49.1-r1::gentoo to /usr/i586-tcc-linux-musl/
>>> Jobs: 224 of 420 complete, 4 running            Load avg: 5.65, 5.16, 4.92
>>> Jobs: 224 of 420 complete, 3 running            Load avg: 5.65, 5.16, 4.92
>>> Recording media-sound/audiotag in "world" favorites file...
>>> Jobs: 224 of 420 complete, 3 running            Load avg: 5.43, 5.12, 4.91
>>> Recording media-fonts/terminus-font in "world" favorites file...
>>> Jobs: 224 of 420 complete, 3 running            Load avg: 5.43, 5.12, 4.91
>>> Jobs: 225 of 420 complete, 3 running            Load avg: 5.43, 5.12, 4.91
>>> Jobs: 226 of 420 complete, 3 running            Load avg: 5.43, 5.12, 4.91
>>> Installing (246 of 420) media-sound/cdplay-1.0::gentoo to /usr/i586-tcc-linux-musl/
>>> Jobs: 226 of 420 complete, 3 running            Load avg: 5.24, 5.09, 4.90
>>> Jobs: 226 of 420 complete, 2 running            Load avg: 5.24, 5.09, 4.90
>>> Recording media-sound/cdplay in "world" favorites file...
>>> Jobs: 226 of 420 complete, 2 running            Load avg: 5.06, 5.05, 4.88
>>> Jobs: 227 of 420 complete, 2 running            Load avg: 5.06, 5.05, 4.88
>>> Installing (245 of 420) media-sound/cdparanoia-3.10.2-r8::gentoo to /usr/i586-tcc-linux-musl/
>>> Jobs: 227 of 420 complete, 2 running            Load avg: 4.81, 5.00, 4.87
>>> Jobs: 227 of 420 complete, 1 running            Load avg: 4.81, 5.00, 4.87
>>> Jobs: 227 of 420 complete, 2 running            Load avg: 4.81, 5.00, 4.87
>>> Emerging (248 of 420) media-sound/oss-9999::gentoo for /usr/i586-tcc-linux-musl/
>>> Jobs: 227 of 420 complete, 2 running            Load avg: 4.81, 5.00, 4.87
>>> Jobs: 227 of 420 complete, 3 running            Load avg: 4.67, 4.97, 4.86
>>> Emerging (249 of 420) media-sound/sox-14.4.2::gentoo for /usr/i586-tcc-linux-musl/
>>> Jobs: 227 of 420 complete, 3 running            Load avg: 4.67, 4.97, 4.86
>>> Jobs: 227 of 420 complete, 4 running            Load avg: 4.67, 4.97, 4.86
>>> Emerging (250 of 420) media-video/lsdvd-0.17::gentoo for /usr/i586-tcc-linux-musl/
>>> Jobs: 227 of 420 complete, 4 running            Load avg: 4.67, 4.97, 4.86
>>> Recording media-sound/cdparanoia in "world" favorites file...
>>> Jobs: 227 of 420 complete, 4 running            Load avg: 4.67, 4.97, 4.86
>>> Jobs: 228 of 420 complete, 4 running            Load avg: 4.67, 4.97, 4.86
>>> Installing (247 of 420) media-sound/cvoicecontrol-0.9_alpha-r2::gentoo to /usr/i586-tcc-linux-musl/
>>> Jobs: 228 of 420 complete, 4 running            Load avg: 4.53, 4.94, 4.85
>>> Jobs: 228 of 420 complete, 3 running            Load avg: 4.53, 4.94, 4.85
>>> Jobs: 228 of 420 complete, 4 running            Load avg: 4.53, 4.94, 4.85
>>> Emerging (251 of 420) media-video/mplayer-1.4-r1::gentoo for /usr/i586-tcc-linux-musl/
>>> Jobs: 228 of 420 complete, 4 running            Load avg: 4.53, 4.94, 4.85
>>> Jobs: 228 of 420 complete, 5 running            Load avg: 4.41, 4.90, 4.84
>>> Emerging (252 of 420) net-analyzer/bwm-ng-0.6.3::gentoo for /usr/i586-tcc-linux-musl/
>>> Jobs: 228 of 420 complete, 5 running            Load avg: 4.41, 4.90, 4.84
>>> Recording media-sound/cvoicecontrol in "world" favorites file...
>>> Jobs: 228 of 420 complete, 5 running            Load avg: 4.41, 4.90, 4.84
>>> Jobs: 229 of 420 complete, 5 running            Load avg: 4.41, 4.90, 4.84
>>> Installing (248 of 420) media-sound/oss-9999::gentoo to /usr/i586-tcc-linux-musl/
>>> Jobs: 229 of 420 complete, 5 running            Load avg: 5.13, 5.04, 4.89
>>> Jobs: 229 of 420 complete, 4 running            Load avg: 5.13, 5.04, 4.89
>>> Recording media-sound/oss in "world" favorites file...
>>> Jobs: 229 of 420 complete, 4 running            Load avg: 4.96, 5.00, 4.88
>>> Jobs: 230 of 420 complete, 4 running            Load avg: 4.96, 5.00, 4.88
>>> Jobs: 230 of 420 complete, 5 running            Load avg: 4.96, 5.00, 4.88
>>> Emerging (253 of 420) net-analyzer/ifstat-1.1-r2::gentoo for /usr/i586-tcc-linux-musl/
>>> Jobs: 230 of 420 complete, 5 running            Load avg: 4.96, 5.00, 4.88
>>> Installing (250 of 420) media-video/lsdvd-0.17::gentoo to /usr/i586-tcc-linux-musl/
>>> Jobs: 230 of 420 complete, 5 running            Load avg: 5.20, 5.05, 4.90
>>> Jobs: 230 of 420 complete, 4 running            Load avg: 5.20, 5.05, 4.90
>>> Recording media-video/lsdvd in "world" favorites file...
>>> Jobs: 230 of 420 complete, 4 running            Load avg: 5.16, 5.05, 4.90
>>> Jobs: 231 of 420 complete, 4 running            Load avg: 5.16, 5.05, 4.90
>>> Installing (252 of 420) net-analyzer/bwm-ng-0.6.3::gentoo to /usr/i586-tcc-linux-musl/
>>> Jobs: 231 of 420 complete, 4 running            Load avg: 5.29, 5.08, 4.91
>>> Jobs: 231 of 420 complete, 3 running            Load avg: 5.29, 5.08, 4.91
>>> Installing (249 of 420) media-sound/sox-14.4.2::gentoo to /usr/i586-tcc-linux-musl/
>>> Jobs: 231 of 420 complete, 3 running            Load avg: 5.19, 5.07, 4.90
>>> Jobs: 231 of 420 complete, 2 running            Load avg: 5.19, 5.07, 4.90
>>> Recording net-analyzer/bwm-ng in "world" favorites file...
>>> Jobs: 231 of 420 complete, 2 running            Load avg: 5.17, 5.06, 4.90
>>> Recording media-sound/sox in "world" favorites file...
>>> Jobs: 231 of 420 complete, 2 running            Load avg: 5.17, 5.06, 4.90
>>> Jobs: 232 of 420 complete, 2 running            Load avg: 5.17, 5.06, 4.90
>>> Jobs: 233 of 420 complete, 2 running            Load avg: 5.17, 5.06, 4.90
>>> Installing (253 of 420) net-analyzer/ifstat-1.1-r2::gentoo to /usr/i586-tcc-linux-musl/
>>> Jobs: 233 of 420 complete, 2 running            Load avg: 5.17, 5.06, 4.90
>>> Jobs: 233 of 420 complete, 1 running            Load avg: 5.17, 5.06, 4.90
>>> Recording net-analyzer/ifstat in "world" favorites file...
>>> Jobs: 233 of 420 complete, 1 running            Load avg: 4.92, 5.01, 4.89
>>> Jobs: 234 of 420 complete, 1 running            Load avg: 4.92, 5.01, 4.89
>>> Jobs: 234 of 420 complete, 2 running            Load avg: 4.92, 5.01, 4.89
>>> Emerging (254 of 420) net-analyzer/tcpdump-4.99.5::gentoo for /usr/i586-tcc-linux-musl/
>>> Jobs: 234 of 420 complete, 2 running            Load avg: 4.92, 5.01, 4.89
>>> Jobs: 234 of 420 complete, 3 running            Load avg: 4.92, 5.01, 4.89
>>> Emerging (255 of 420) net-analyzer/tcptrace-6.6.7_p6-r2::gentoo for /usr/i586-tcc-linux-musl/
>>> Jobs: 234 of 420 complete, 3 running            Load avg: 4.92, 5.01, 4.89
>>> Jobs: 234 of 420 complete, 4 running            Load avg: 4.85, 5.00, 4.88
>>> Emerging (256 of 420) net-analyzer/tcptraceroute-1.5_beta7-r3::gentoo for /usr/i586-tcc-linux-musl/
>>> Jobs: 234 of 420 complete, 4 running            Load avg: 4.85, 5.00, 4.88
>>> Jobs: 234 of 420 complete, 5 running            Load avg: 4.94, 5.01, 4.89
>>> Emerging (257 of 420) net-analyzer/traceroute-nanog-6.4.2_p1::gentoo for /usr/i586-tcc-linux-musl/
>>> Jobs: 234 of 420 complete, 5 running            Load avg: 4.94, 5.01, 4.89
>>> Installing (251 of 420) media-video/mplayer-1.4-r1::gentoo to /usr/i586-tcc-linux-musl/
>>> Jobs: 234 of 420 complete, 5 running            Load avg: 5.23, 5.08, 4.92
>>> Jobs: 234 of 420 complete, 4 running            Load avg: 5.23, 5.08, 4.92
>>> Recording media-video/mplayer in "world" favorites file...
>>> Jobs: 234 of 420 complete, 4 running            Load avg: 5.29, 5.09, 4.92
>>> Jobs: 235 of 420 complete, 4 running            Load avg: 5.29, 5.09, 4.92
>>> Installing (257 of 420) net-analyzer/traceroute-nanog-6.4.2_p1::gentoo to /usr/i586-tcc-linux-musl/
>>> Jobs: 235 of 420 complete, 4 running            Load avg: 5.29, 5.09, 4.92
>>> Jobs: 235 of 420 complete, 3 running            Load avg: 5.29, 5.09, 4.92
>>> Recording net-analyzer/traceroute-nanog in "world" favorites file...
>>> Jobs: 235 of 420 complete, 3 running            Load avg: 5.15, 5.07, 4.92
>>> Jobs: 236 of 420 complete, 3 running            Load avg: 5.15, 5.07, 4.92
>>> Installing (255 of 420) net-analyzer/tcptrace-6.6.7_p6-r2::gentoo to /usr/i586-tcc-linux-musl/
>>> Jobs: 236 of 420 complete, 3 running            Load avg: 5.14, 5.07, 4.92
>>> Jobs: 236 of 420 complete, 2 running            Load avg: 5.14, 5.07, 4.92
>>> Recording net-analyzer/tcptrace in "world" favorites file...
>>> Jobs: 236 of 420 complete, 2 running            Load avg: 4.81, 5.00, 4.90
>>> Jobs: 237 of 420 complete, 2 running            Load avg: 4.81, 5.00, 4.90
>>> Jobs: 237 of 420 complete, 3 running            Load avg: 4.81, 5.00, 4.90
>>> Emerging (258 of 420) net-dialup/dial-1.2-r2::gentoo for /usr/i586-tcc-linux-musl/
>>> Jobs: 237 of 420 complete, 3 running            Load avg: 4.81, 5.00, 4.90
>>> Installing (254 of 420) net-analyzer/tcpdump-4.99.5::gentoo to /usr/i586-tcc-linux-musl/
>>> Jobs: 237 of 420 complete, 3 running            Load avg: 4.81, 5.00, 4.90
>>> Jobs: 237 of 420 complete, 2 running            Load avg: 4.81, 5.00, 4.90
>>> Jobs: 237 of 420 complete, 3 running            Load avg: 4.66, 4.97, 4.89
>>> Emerging (259 of 420) net-dialup/diald-1.0-r3::gentoo for /usr/i586-tcc-linux-musl/
>>> Jobs: 237 of 420 complete, 3 running            Load avg: 4.66, 4.97, 4.89
>>> Jobs: 237 of 420 complete, 4 running            Load avg: 4.66, 4.97, 4.89
>>> Emerging (260 of 420) net-dialup/mingetty-1.08-r3::gentoo for /usr/i586-tcc-linux-musl/
>>> Jobs: 237 of 420 complete, 4 running            Load avg: 4.66, 4.97, 4.89
>>> Recording net-analyzer/tcpdump in "world" favorites file...
>>> Jobs: 237 of 420 complete, 4 running            Load avg: 4.66, 4.97, 4.89
>>> Jobs: 238 of 420 complete, 4 running            Load avg: 4.66, 4.97, 4.89
>>> Jobs: 238 of 420 complete, 5 running            Load avg: 4.61, 4.95, 4.88
>>> Emerging (261 of 420) net-dialup/minicom-2.9::gentoo for /usr/i586-tcc-linux-musl/
>>> Jobs: 238 of 420 complete, 5 running            Load avg: 4.61, 4.95, 4.88
>>> Installing (256 of 420) net-analyzer/tcptraceroute-1.5_beta7-r3::gentoo to /usr/i586-tcc-linux-musl/
>>> Jobs: 238 of 420 complete, 5 running            Load avg: 4.61, 4.95, 4.88
>>> Jobs: 238 of 420 complete, 4 running            Load avg: 4.61, 4.95, 4.88
>>> Jobs: 238 of 420 complete, 5 running            Load avg: 4.48, 4.92, 4.87
>>> Emerging (262 of 420) net-dialup/picocom-3.1::gentoo for /usr/i586-tcc-linux-musl/
>>> Jobs: 238 of 420 complete, 5 running            Load avg: 4.48, 4.92, 4.87
>>> Recording net-analyzer/tcptraceroute in "world" favorites file...
>>> Jobs: 238 of 420 complete, 5 running            Load avg: 4.77, 4.96, 4.88
>>> Jobs: 239 of 420 complete, 5 running            Load avg: 4.77, 4.96, 4.88
>>> Installing (260 of 420) net-dialup/mingetty-1.08-r3::gentoo to /usr/i586-tcc-linux-musl/
>>> Jobs: 239 of 420 complete, 5 running            Load avg: 4.89, 4.98, 4.89
>>> Jobs: 239 of 420 complete, 4 running            Load avg: 4.89, 4.98, 4.89
>>> Jobs: 239 of 420 complete, 5 running            Load avg: 4.89, 4.98, 4.89
>>> Emerging (263 of 420) net-dialup/pppconfig-2.3.25::gentoo for /usr/i586-tcc-linux-musl/
>>> Jobs: 239 of 420 complete, 5 running            Load avg: 4.89, 4.98, 4.89
>>> Recording net-dialup/mingetty in "world" favorites file...
>>> Jobs: 239 of 420 complete, 5 running            Load avg: 4.74, 4.94, 4.88
>>> Jobs: 240 of 420 complete, 5 running            Load avg: 4.74, 4.94, 4.88
>>> Installing (258 of 420) net-dialup/dial-1.2-r2::gentoo to /usr/i586-tcc-linux-musl/
>>> Jobs: 240 of 420 complete, 5 running            Load avg: 4.76, 4.94, 4.88
>>> Jobs: 240 of 420 complete, 4 running            Load avg: 4.76, 4.94, 4.88
>>> Jobs: 240 of 420 complete, 5 running            Load avg: 4.76, 4.94, 4.88
>>> Emerging (264 of 420) net-dns/dnsmasq-2.90::gentoo for /usr/i586-tcc-linux-musl/
>>> Jobs: 240 of 420 complete, 5 running            Load avg: 4.76, 4.94, 4.88
>>> Recording net-dialup/dial in "world" favorites file...
>>> Jobs: 240 of 420 complete, 5 running            Load avg: 4.64, 4.91, 4.87
>>> Installing (259 of 420) net-dialup/diald-1.0-r3::gentoo to /usr/i586-tcc-linux-musl/
>>> Jobs: 240 of 420 complete, 5 running            Load avg: 4.64, 4.91, 4.87
>>> Jobs: 240 of 420 complete, 4 running            Load avg: 4.64, 4.91, 4.87
>>> Jobs: 240 of 420 complete, 5 running            Load avg: 4.64, 4.91, 4.87
>>> Emerging (265 of 420) net-dns/openresolv-3.13.2-r1::gentoo for /usr/i586-tcc-linux-musl/
>>> Jobs: 240 of 420 complete, 5 running            Load avg: 4.64, 4.91, 4.87
>>> Jobs: 241 of 420 complete, 5 running            Load avg: 4.64, 4.91, 4.87
>>> Recording net-dialup/diald in "world" favorites file...
>>> Jobs: 241 of 420 complete, 5 running            Load avg: 4.42, 4.86, 4.86
>>> Installing (262 of 420) net-dialup/picocom-3.1::gentoo to /usr/i586-tcc-linux-musl/
>>> Jobs: 241 of 420 complete, 5 running            Load avg: 4.42, 4.86, 4.86
>>> Jobs: 241 of 420 complete, 4 running            Load avg: 4.42, 4.86, 4.86
>>> Jobs: 241 of 420 complete, 5 running            Load avg: 4.42, 4.86, 4.86
>>> Emerging (266 of 420) net-firewall/arptables-0.0.0.7::gentoo for /usr/i586-tcc-linux-musl/
>>> Jobs: 241 of 420 complete, 5 running            Load avg: 4.42, 4.86, 4.86
>>> Jobs: 242 of 420 complete, 5 running            Load avg: 4.42, 4.86, 4.86
>>> Recording net-dialup/picocom in "world" favorites file...
>>> Jobs: 242 of 420 complete, 5 running            Load avg: 4.55, 4.88, 4.86
>>> Jobs: 243 of 420 complete, 5 running            Load avg: 4.55, 4.88, 4.86
>>> Installing (263 of 420) net-dialup/pppconfig-2.3.25::gentoo to /usr/i586-tcc-linux-musl/
>>> Jobs: 243 of 420 complete, 5 running            Load avg: 4.67, 4.90, 4.87
>>> Jobs: 243 of 420 complete, 4 running            Load avg: 4.67, 4.90, 4.87
>>> Jobs: 243 of 420 complete, 5 running            Load avg: 4.67, 4.90, 4.87
>>> Emerging (267 of 420) net-ftp/ncftp-3.2.7-r2::gentoo for /usr/i586-tcc-linux-musl/
>>> Jobs: 243 of 420 complete, 5 running            Load avg: 4.67, 4.90, 4.87
>>> Recording net-dialup/pppconfig in "world" favorites file...
>>> Jobs: 243 of 420 complete, 5 running            Load avg: 4.77, 4.92, 4.88
>>> Jobs: 244 of 420 complete, 5 running            Load avg: 4.77, 4.92, 4.88
>>> Installing (265 of 420) net-dns/openresolv-3.13.2-r1::gentoo to /usr/i586-tcc-linux-musl/
>>> Jobs: 244 of 420 complete, 5 running            Load avg: 4.81, 4.92, 4.88
>>> Jobs: 244 of 420 complete, 4 running            Load avg: 4.81, 4.92, 4.88
>>> Jobs: 244 of 420 complete, 5 running            Load avg: 4.81, 4.92, 4.88
>>> Emerging (268 of 420) net-ftp/oftpd-0.3.7-r10::gentoo for /usr/i586-tcc-linux-musl/
>>> Jobs: 244 of 420 complete, 5 running            Load avg: 4.81, 4.92, 4.88
>>> Recording net-dns/openresolv in "world" favorites file...
>>> Jobs: 244 of 420 complete, 5 running            Load avg: 4.66, 4.89, 4.87
>>> Jobs: 245 of 420 complete, 5 running            Load avg: 4.66, 4.89, 4.87
>>> Installing (266 of 420) net-firewall/arptables-0.0.0.7::gentoo to /usr/i586-tcc-linux-musl/
>>> Jobs: 245 of 420 complete, 5 running            Load avg: 4.93, 4.94, 4.88
>>> Jobs: 245 of 420 complete, 4 running            Load avg: 4.93, 4.94, 4.88
>>> Jobs: 245 of 420 complete, 5 running            Load avg: 4.93, 4.94, 4.88
>>> Emerging (269 of 420) net-ftp/pure-ftpd-1.0.52::gentoo for /usr/i586-tcc-linux-musl/
>>> Jobs: 245 of 420 complete, 5 running            Load avg: 4.93, 4.94, 4.88
>>> Recording net-firewall/arptables in "world" favorites file...
>>> Jobs: 245 of 420 complete, 5 running            Load avg: 4.94, 4.94, 4.89
>>> Installing (261 of 420) net-dialup/minicom-2.9::gentoo to /usr/i586-tcc-linux-musl/
>>> Jobs: 245 of 420 complete, 5 running            Load avg: 4.94, 4.94, 4.89
>>> Jobs: 245 of 420 complete, 4 running            Load avg: 4.94, 4.94, 4.89
>>> Jobs: 245 of 420 complete, 5 running            Load avg: 4.94, 4.94, 4.89
>>> Emerging (270 of 420) net-irc/catgirl-9999::gentoo for /usr/i586-tcc-linux-musl/
>>> Jobs: 245 of 420 complete, 5 running            Load avg: 4.94, 4.94, 4.89
>>> Jobs: 246 of 420 complete, 5 running            Load avg: 4.94, 4.94, 4.89
>>> Recording net-dialup/minicom in "world" favorites file...
>>> Jobs: 246 of 420 complete, 5 running            Load avg: 4.78, 4.91, 4.88
>>> Installing (264 of 420) net-dns/dnsmasq-2.90::gentoo to /usr/i586-tcc-linux-musl/
>>> Jobs: 246 of 420 complete, 5 running            Load avg: 4.78, 4.91, 4.88
>>> Jobs: 246 of 420 complete, 4 running            Load avg: 4.78, 4.91, 4.88
>>> Jobs: 246 of 420 complete, 5 running            Load avg: 4.78, 4.91, 4.88
>>> Emerging (271 of 420) net-irc/ii-9999::gentoo for /usr/i586-tcc-linux-musl/
>>> Jobs: 246 of 420 complete, 5 running            Load avg: 4.78, 4.91, 4.88
>>> Jobs: 247 of 420 complete, 5 running            Load avg: 4.78, 4.91, 4.88
>>> Recording net-dns/dnsmasq in "world" favorites file...
>>> Jobs: 247 of 420 complete, 5 running            Load avg: 5.27, 5.01, 4.91
>>> Jobs: 248 of 420 complete, 5 running            Load avg: 5.27, 5.01, 4.91
>>> Installing (270 of 420) net-irc/catgirl-9999::gentoo to /usr/i586-tcc-linux-musl/
>>> Jobs: 248 of 420 complete, 5 running            Load avg: 5.34, 5.04, 4.92
>>> Jobs: 248 of 420 complete, 4 running            Load avg: 5.34, 5.04, 4.92
>>> Recording net-irc/catgirl in "world" favorites file...
>>> Jobs: 248 of 420 complete, 4 running            Load avg: 5.07, 4.99, 4.90
>>> Jobs: 249 of 420 complete, 4 running            Load avg: 5.07, 4.99, 4.90
>>> Installing (268 of 420) net-ftp/oftpd-0.3.7-r10::gentoo to /usr/i586-tcc-linux-musl/
>>> Jobs: 249 of 420 complete, 4 running            Load avg: 5.07, 4.99, 4.90
>>> Jobs: 249 of 420 complete, 3 running            Load avg: 5.07, 4.99, 4.90
>>> Recording net-ftp/oftpd in "world" favorites file...
>>> Jobs: 249 of 420 complete, 3 running            Load avg: 4.98, 4.98, 4.90
>>> Installing (267 of 420) net-ftp/ncftp-3.2.7-r2::gentoo to /usr/i586-tcc-linux-musl/
>>> Jobs: 249 of 420 complete, 3 running            Load avg: 4.98, 4.98, 4.90
>>> Jobs: 249 of 420 complete, 2 running            Load avg: 4.98, 4.98, 4.90
>>> Jobs: 249 of 420 complete, 3 running            Load avg: 4.98, 4.98, 4.90
>>> Emerging (272 of 420) net-irc/ngircd-26.1-r5::gentoo for /usr/i586-tcc-linux-musl/
>>> Jobs: 249 of 420 complete, 3 running            Load avg: 4.98, 4.98, 4.90
>>> Jobs: 249 of 420 complete, 4 running            Load avg: 4.98, 4.98, 4.90
>>> Emerging (273 of 420) net-irc/niii-9999::gentoo for /usr/i586-tcc-linux-musl/
>>> Jobs: 249 of 420 complete, 4 running            Load avg: 4.98, 4.98, 4.90
>>> Jobs: 250 of 420 complete, 4 running            Load avg: 4.98, 4.98, 4.90
>>> Jobs: 250 of 420 complete, 5 running            Load avg: 4.98, 4.98, 4.90
>>> Emerging (274 of 420) net-irc/pounce-9999::gentoo for /usr/i586-tcc-linux-musl/
>>> Jobs: 250 of 420 complete, 5 running            Load avg: 4.98, 4.98, 4.90
>>> Recording net-ftp/ncftp in "world" favorites file...
>>> Jobs: 250 of 420 complete, 5 running            Load avg: 4.98, 4.98, 4.90
>>> Jobs: 251 of 420 complete, 5 running            Load avg: 4.98, 4.98, 4.90
>>> Installing (271 of 420) net-irc/ii-9999::gentoo to /usr/i586-tcc-linux-musl/
>>> Jobs: 251 of 420 complete, 5 running            Load avg: 4.92, 4.96, 4.90
>>> Jobs: 251 of 420 complete, 4 running            Load avg: 4.92, 4.96, 4.90
>>> Jobs: 251 of 420 complete, 5 running            Load avg: 4.92, 4.96, 4.90
>>> Emerging (275 of 420) net-irc/sic-9999::gentoo for /usr/i586-tcc-linux-musl/
>>> Jobs: 251 of 420 complete, 5 running            Load avg: 4.92, 4.96, 4.90
>>> Recording net-irc/ii in "world" favorites file...
>>> Jobs: 251 of 420 complete, 5 running            Load avg: 5.00, 4.98, 4.90
>>> Jobs: 252 of 420 complete, 5 running            Load avg: 5.00, 4.98, 4.90
>>> Installing (273 of 420) net-irc/niii-9999::gentoo to /usr/i586-tcc-linux-musl/
>>> Jobs: 252 of 420 complete, 5 running            Load avg: 4.84, 4.95, 4.89
>>> Jobs: 252 of 420 complete, 4 running            Load avg: 4.84, 4.95, 4.89
>>> Jobs: 252 of 420 complete, 5 running            Load avg: 4.84, 4.95, 4.89
>>> Emerging (276 of 420) net-mail/fetchmail-6.4.39::gentoo for /usr/i586-tcc-linux-musl/
>>> Jobs: 252 of 420 complete, 5 running            Load avg: 4.84, 4.95, 4.89
>>> Recording net-irc/niii in "world" favorites file...
>>> Jobs: 252 of 420 complete, 5 running            Load avg: 4.69, 4.91, 4.88
>>> Jobs: 253 of 420 complete, 5 running            Load avg: 4.69, 4.91, 4.88
>>> Installing (269 of 420) net-ftp/pure-ftpd-1.0.52::gentoo to /usr/i586-tcc-linux-musl/
>>> Jobs: 253 of 420 complete, 5 running            Load avg: 4.69, 4.91, 4.88
>>> Jobs: 253 of 420 complete, 4 running            Load avg: 4.69, 4.91, 4.88
>>> Jobs: 253 of 420 complete, 5 running            Load avg: 4.69, 4.91, 4.88
>>> Emerging (277 of 420) net-mail/mpack-1.6-r4::gentoo for /usr/i586-tcc-linux-musl/
>>> Jobs: 253 of 420 complete, 5 running            Load avg: 4.69, 4.91, 4.88
>>> Recording net-ftp/pure-ftpd in "world" favorites file...
>>> Jobs: 253 of 420 complete, 5 running            Load avg: 4.80, 4.93, 4.89
>>> Jobs: 254 of 420 complete, 5 running            Load avg: 4.80, 4.93, 4.89
>>> Installing (274 of 420) net-irc/pounce-9999::gentoo to /usr/i586-tcc-linux-musl/
>>> Jobs: 254 of 420 complete, 5 running            Load avg: 4.99, 4.97, 4.90
>>> Jobs: 254 of 420 complete, 4 running            Load avg: 4.99, 4.97, 4.90
>>> Jobs: 254 of 420 complete, 5 running            Load avg: 4.99, 4.97, 4.90
>>> Emerging (278 of 420) net-mail/popa3d-1.0.2-r2::gentoo for /usr/i586-tcc-linux-musl/
>>> Jobs: 254 of 420 complete, 5 running            Load avg: 4.99, 4.97, 4.90
>>> Recording net-irc/pounce in "world" favorites file...
>>> Jobs: 254 of 420 complete, 5 running            Load avg: 4.91, 4.95, 4.90
>>> Jobs: 255 of 420 complete, 5 running            Load avg: 4.91, 4.95, 4.90
>>> Installing (275 of 420) net-irc/sic-9999::gentoo to /usr/i586-tcc-linux-musl/
>>> Jobs: 255 of 420 complete, 5 running            Load avg: 5.07, 4.99, 4.91
>>> Jobs: 255 of 420 complete, 4 running            Load avg: 5.07, 4.99, 4.91
>>> Recording net-irc/sic in "world" favorites file...
>>> Jobs: 255 of 420 complete, 4 running            Load avg: 4.75, 4.92, 4.89
>>> Jobs: 256 of 420 complete, 4 running            Load avg: 4.75, 4.92, 4.89
>>> Jobs: 256 of 420 complete, 5 running            Load avg: 4.75, 4.92, 4.89
>>> Emerging (279 of 420) net-mail/qprint-1.1-r1::gentoo for /usr/i586-tcc-linux-musl/
>>> Jobs: 256 of 420 complete, 5 running            Load avg: 4.75, 4.92, 4.89
>>> Installing (272 of 420) net-irc/ngircd-26.1-r5::gentoo to /usr/i586-tcc-linux-musl/
>>> Jobs: 256 of 420 complete, 5 running            Load avg: 4.75, 4.92, 4.89
>>> Jobs: 256 of 420 complete, 4 running            Load avg: 4.75, 4.92, 4.89
>>> Jobs: 256 of 420 complete, 5 running            Load avg: 4.77, 4.92, 4.89
>>> Emerging (280 of 420) net-misc/WendzelNNTPd-9999::gentoo for /usr/i586-tcc-linux-musl/
>>> Jobs: 256 of 420 complete, 5 running            Load avg: 4.77, 4.92, 4.89
>>> Recording net-irc/ngircd in "world" favorites file...
>>> Jobs: 256 of 420 complete, 5 running            Load avg: 4.87, 4.94, 4.90
>>> Jobs: 257 of 420 complete, 5 running            Load avg: 4.87, 4.94, 4.90
>>> Installing (277 of 420) net-mail/mpack-1.6-r4::gentoo to /usr/i586-tcc-linux-musl/
>>> Jobs: 257 of 420 complete, 5 running            Load avg: 4.87, 4.94, 4.90
>>> Jobs: 257 of 420 complete, 4 running            Load avg: 4.88, 4.94, 4.90
>>> Jobs: 257 of 420 complete, 5 running            Load avg: 4.88, 4.94, 4.90
>>> Emerging (281 of 420) net-misc/arpd-0.2-r1::gentoo for /usr/i586-tcc-linux-musl/
>>> Jobs: 257 of 420 complete, 5 running            Load avg: 4.88, 4.94, 4.90
>>> Recording net-mail/mpack in "world" favorites file...
>>> Jobs: 257 of 420 complete, 5 running            Load avg: 4.89, 4.94, 4.90
>>> Installing (278 of 420) net-mail/popa3d-1.0.2-r2::gentoo to /usr/i586-tcc-linux-musl/
>>> Jobs: 257 of 420 complete, 5 running            Load avg: 4.89, 4.94, 4.90
>>> Jobs: 257 of 420 complete, 4 running            Load avg: 4.89, 4.94, 4.90
>>> Jobs: 257 of 420 complete, 5 running            Load avg: 4.89, 4.94, 4.90
>>> Emerging (282 of 420) net-misc/chrony-4.6.1::gentoo for /usr/i586-tcc-linux-musl/
>>> Jobs: 257 of 420 complete, 5 running            Load avg: 4.89, 4.94, 4.90
>>> Jobs: 258 of 420 complete, 5 running            Load avg: 4.89, 4.94, 4.90
>>> Recording net-mail/popa3d in "world" favorites file...
>>> Jobs: 258 of 420 complete, 5 running            Load avg: 4.82, 4.93, 4.89
>>> Jobs: 259 of 420 complete, 5 running            Load avg: 4.82, 4.93, 4.89
>>> Installing (279 of 420) net-mail/qprint-1.1-r1::gentoo to /usr/i586-tcc-linux-musl/
>>> Jobs: 259 of 420 complete, 5 running            Load avg: 4.93, 4.95, 4.90
>>> Jobs: 259 of 420 complete, 4 running            Load avg: 4.93, 4.95, 4.90
>>> Jobs: 259 of 420 complete, 5 running            Load avg: 4.93, 4.95, 4.90
>>> Emerging (283 of 420) net-misc/dropbear-2024.86::gentoo for /usr/i586-tcc-linux-musl/
>>> Jobs: 259 of 420 complete, 5 running            Load avg: 4.93, 4.95, 4.90
>>> Recording net-mail/qprint in "world" favorites file...
>>> Jobs: 259 of 420 complete, 5 running            Load avg: 4.85, 4.93, 4.90
>>> Jobs: 260 of 420 complete, 5 running            Load avg: 4.85, 4.93, 4.90
>>> Installing (280 of 420) net-misc/WendzelNNTPd-9999::gentoo to /usr/i586-tcc-linux-musl/
>>> Jobs: 260 of 420 complete, 5 running            Load avg: 5.09, 4.98, 4.92
>>> Jobs: 260 of 420 complete, 4 running            Load avg: 5.09, 4.98, 4.92
>>> Recording net-misc/WendzelNNTPd in "world" favorites file...
>>> Jobs: 260 of 420 complete, 4 running            Load avg: 4.93, 4.95, 4.90
>>> Jobs: 261 of 420 complete, 4 running            Load avg: 4.93, 4.95, 4.90
>>> Jobs: 261 of 420 complete, 5 running            Load avg: 4.93, 4.95, 4.90
>>> Emerging (284 of 420) net-misc/endlessh-1.1-r2::gentoo for /usr/i586-tcc-linux-musl/
>>> Jobs: 261 of 420 complete, 5 running            Load avg: 4.93, 4.95, 4.90
>>> Installing (282 of 420) net-misc/chrony-4.6.1::gentoo to /usr/i586-tcc-linux-musl/
>>> Jobs: 261 of 420 complete, 5 running            Load avg: 4.93, 4.95, 4.90
>>> Jobs: 261 of 420 complete, 4 running            Load avg: 4.93, 4.95, 4.90
>>> Recording net-misc/chrony in "world" favorites file...
>>> Jobs: 261 of 420 complete, 4 running            Load avg: 4.69, 4.90, 4.89
>>> Installing (276 of 420) net-mail/fetchmail-6.4.39::gentoo to /usr/i586-tcc-linux-musl/
>>> Jobs: 261 of 420 complete, 4 running            Load avg: 4.69, 4.90, 4.89
>>> Jobs: 261 of 420 complete, 3 running            Load avg: 4.69, 4.90, 4.89
>>> Jobs: 261 of 420 complete, 4 running            Load avg: 4.69, 4.90, 4.89
>>> Emerging (285 of 420) net-misc/ethcat-9999::gentoo for /usr/i586-tcc-linux-musl/
>>> Jobs: 261 of 420 complete, 4 running            Load avg: 4.69, 4.90, 4.89
>>> Jobs: 262 of 420 complete, 4 running            Load avg: 4.69, 4.90, 4.89
>>> Jobs: 262 of 420 complete, 5 running            Load avg: 4.56, 4.87, 4.88
>>> Emerging (286 of 420) net-misc/fbvnc-9999::gentoo for /usr/i586-tcc-linux-musl/
>>> Jobs: 262 of 420 complete, 5 running            Load avg: 4.56, 4.87, 4.88
>>> Recording net-mail/fetchmail in "world" favorites file...
>>> Jobs: 262 of 420 complete, 5 running            Load avg: 4.56, 4.87, 4.88
>>> Jobs: 263 of 420 complete, 5 running            Load avg: 4.56, 4.87, 4.88
>>> Installing (281 of 420) net-misc/arpd-0.2-r1::gentoo to /usr/i586-tcc-linux-musl/
>>> Jobs: 263 of 420 complete, 5 running            Load avg: 4.56, 4.87, 4.88
>>> Jobs: 263 of 420 complete, 4 running            Load avg: 4.56, 4.87, 4.88
>>> Jobs: 263 of 420 complete, 5 running            Load avg: 4.43, 4.84, 4.87
>>> Emerging (287 of 420) net-misc/iperf-3.17.1::gentoo for /usr/i586-tcc-linux-musl/
>>> Jobs: 263 of 420 complete, 5 running            Load avg: 4.43, 4.84, 4.87
>>> Recording net-misc/arpd in "world" favorites file...
>>> Jobs: 263 of 420 complete, 5 running            Load avg: 4.24, 4.79, 4.85
>>> Jobs: 264 of 420 complete, 5 running            Load avg: 4.24, 4.79, 4.85
>>> Installing (284 of 420) net-misc/endlessh-1.1-r2::gentoo to /usr/i586-tcc-linux-musl/
>>> Jobs: 264 of 420 complete, 5 running            Load avg: 4.49, 4.83, 4.87
>>> Jobs: 264 of 420 complete, 4 running            Load avg: 4.49, 4.83, 4.87
>>> Jobs: 264 of 420 complete, 5 running            Load avg: 4.49, 4.83, 4.87
>>> Emerging (288 of 420) net-misc/mrouted-4.6::gentoo for /usr/i586-tcc-linux-musl/
>>> Jobs: 264 of 420 complete, 5 running            Load avg: 4.49, 4.83, 4.87
>>> Recording net-misc/endlessh in "world" favorites file...
>>> Jobs: 264 of 420 complete, 5 running            Load avg: 4.53, 4.83, 4.87
>>> Jobs: 265 of 420 complete, 5 running            Load avg: 4.73, 4.87, 4.88
>>> Installing (285 of 420) net-misc/ethcat-9999::gentoo to /usr/i586-tcc-linux-musl/
>>> Jobs: 265 of 420 complete, 5 running            Load avg: 4.73, 4.87, 4.88
>>> Jobs: 265 of 420 complete, 4 running            Load avg: 4.73, 4.87, 4.88
>>> Jobs: 265 of 420 complete, 5 running            Load avg: 4.73, 4.87, 4.88
>>> Emerging (289 of 420) net-misc/ndhcpc-9999::gentoo for /usr/i586-tcc-linux-musl/
>>> Jobs: 265 of 420 complete, 5 running            Load avg: 4.73, 4.87, 4.88
>>> Recording net-misc/ethcat in "world" favorites file...
>>> Jobs: 265 of 420 complete, 5 running            Load avg: 4.67, 4.85, 4.87
>>> Jobs: 266 of 420 complete, 5 running            Load avg: 4.67, 4.85, 4.87
>>> Installing (283 of 420) net-misc/dropbear-2024.86::gentoo to /usr/i586-tcc-linux-musl/
>>> Jobs: 266 of 420 complete, 5 running            Load avg: 4.67, 4.85, 4.87
>>> Jobs: 266 of 420 complete, 4 running            Load avg: 4.62, 4.84, 4.87
>>> Jobs: 266 of 420 complete, 5 running            Load avg: 4.62, 4.84, 4.87
>>> Emerging (290 of 420) net-misc/ndisc6-1.0.8::gentoo for /usr/i586-tcc-linux-musl/
>>> Jobs: 266 of 420 complete, 5 running            Load avg: 4.62, 4.84, 4.87
>>> Recording net-misc/dropbear in "world" favorites file...
>>> Jobs: 266 of 420 complete, 5 running            Load avg: 4.57, 4.83, 4.86
>>> Jobs: 267 of 420 complete, 5 running            Load avg: 4.57, 4.83, 4.86
>>> Installing (286 of 420) net-misc/fbvnc-9999::gentoo to /usr/i586-tcc-linux-musl/
>>> Jobs: 267 of 420 complete, 5 running            Load avg: 4.72, 4.85, 4.87
>>> Jobs: 267 of 420 complete, 4 running            Load avg: 4.72, 4.85, 4.87
>>> Jobs: 267 of 420 complete, 5 running            Load avg: 4.72, 4.85, 4.87
>>> Emerging (291 of 420) net-misc/nemesis-1.8::gentoo for /usr/i586-tcc-linux-musl/
>>> Jobs: 267 of 420 complete, 5 running            Load avg: 4.72, 4.85, 4.87
>>> Recording net-misc/fbvnc in "world" favorites file...
>>> Jobs: 267 of 420 complete, 5 running            Load avg: 4.82, 4.87, 4.88
>>> Jobs: 268 of 420 complete, 5 running            Load avg: 4.82, 4.87, 4.88
>>> Installing (287 of 420) net-misc/iperf-3.17.1::gentoo to /usr/i586-tcc-linux-musl/
>>> Jobs: 268 of 420 complete, 5 running            Load avg: 4.82, 4.87, 4.88
>>> Jobs: 268 of 420 complete, 4 running            Load avg: 4.82, 4.87, 4.88
>>> Jobs: 268 of 420 complete, 5 running            Load avg: 4.82, 4.87, 4.88
>>> Emerging (292 of 420) net-misc/netkit-bootpd-2.4-r2::gentoo for /usr/i586-tcc-linux-musl/
>>> Jobs: 268 of 420 complete, 5 running            Load avg: 4.82, 4.87, 4.88
>>> Recording net-misc/iperf in "world" favorites file...
>>> Jobs: 268 of 420 complete, 5 running            Load avg: 4.92, 4.89, 4.89
>>> Jobs: 269 of 420 complete, 5 running            Load avg: 4.92, 4.89, 4.89
>>> Installing (289 of 420) net-misc/ndhcpc-9999::gentoo to /usr/i586-tcc-linux-musl/
>>> Jobs: 269 of 420 complete, 5 running            Load avg: 4.92, 4.89, 4.89
>>> Jobs: 269 of 420 complete, 4 running            Load avg: 4.92, 4.89, 4.89
>>> Jobs: 269 of 420 complete, 5 running            Load avg: 4.92, 4.89, 4.89
>>> Emerging (293 of 420) net-misc/netkit-fingerd-0.17-r3::gentoo for /usr/i586-tcc-linux-musl/
>>> Jobs: 269 of 420 complete, 5 running            Load avg: 4.92, 4.89, 4.89
>>> Recording net-misc/ndhcpc in "world" favorites file...
>>> Jobs: 269 of 420 complete, 5 running            Load avg: 4.93, 4.89, 4.89
>>> Jobs: 270 of 420 complete, 5 running            Load avg: 4.93, 4.89, 4.89
>>> Installing (288 of 420) net-misc/mrouted-4.6::gentoo to /usr/i586-tcc-linux-musl/
>>> Jobs: 270 of 420 complete, 5 running            Load avg: 4.93, 4.89, 4.89
>>> Jobs: 270 of 420 complete, 4 running            Load avg: 4.93, 4.89, 4.89
>>> Jobs: 270 of 420 complete, 5 running            Load avg: 4.93, 4.89, 4.89
>>> Emerging (294 of 420) net-misc/netkit-routed-0.17-r5::gentoo for /usr/i586-tcc-linux-musl/
>>> Jobs: 270 of 420 complete, 5 running            Load avg: 4.93, 4.89, 4.89
>>> Recording net-misc/mrouted in "world" favorites file...
>>> Jobs: 270 of 420 complete, 5 running            Load avg: 4.78, 4.86, 4.88
>>> Jobs: 271 of 420 complete, 5 running            Load avg: 4.78, 4.86, 4.88
>>> Installing (292 of 420) net-misc/netkit-bootpd-2.4-r2::gentoo to /usr/i586-tcc-linux-musl/
>>> Jobs: 271 of 420 complete, 5 running            Load avg: 4.89, 4.88, 4.88
>>> Jobs: 271 of 420 complete, 4 running            Load avg: 4.89, 4.88, 4.88
>>> Jobs: 271 of 420 complete, 5 running            Load avg: 4.89, 4.88, 4.88
>>> Emerging (295 of 420) net-misc/netkit-talk-0.17-r8::gentoo for /usr/i586-tcc-linux-musl/
>>> Jobs: 271 of 420 complete, 5 running            Load avg: 4.89, 4.88, 4.88
>>> Recording net-misc/netkit-bootpd in "world" favorites file...
>>> Jobs: 271 of 420 complete, 5 running            Load avg: 4.74, 4.85, 4.87
>>> Jobs: 272 of 420 complete, 5 running            Load avg: 4.74, 4.85, 4.87
>>> Installing (293 of 420) net-misc/netkit-fingerd-0.17-r3::gentoo to /usr/i586-tcc-linux-musl/
>>> Jobs: 272 of 420 complete, 5 running            Load avg: 4.84, 4.87, 4.88
>>> Jobs: 272 of 420 complete, 4 running            Load avg: 4.84, 4.87, 4.88
>>> Jobs: 272 of 420 complete, 5 running            Load avg: 4.84, 4.87, 4.88
>>> Emerging (296 of 420) net-misc/netpipe-1.0.0_beta2-r2::gentoo for /usr/i586-tcc-linux-musl/
>>> Jobs: 272 of 420 complete, 5 running            Load avg: 4.84, 4.87, 4.88
>>> Recording net-misc/netkit-fingerd in "world" favorites file...
>>> Jobs: 272 of 420 complete, 5 running            Load avg: 4.61, 4.82, 4.86
>>> Jobs: 273 of 420 complete, 5 running            Load avg: 4.61, 4.82, 4.86
>>> Installing (294 of 420) net-misc/netkit-routed-0.17-r5::gentoo to /usr/i586-tcc-linux-musl/
>>> Jobs: 273 of 420 complete, 5 running            Load avg: 4.61, 4.82, 4.86
>>> Jobs: 273 of 420 complete, 4 running            Load avg: 4.61, 4.82, 4.86
>>> Jobs: 273 of 420 complete, 5 running            Load avg: 4.61, 4.82, 4.86
>>> Emerging (297 of 420) net-misc/radvd-2.19-r7::gentoo for /usr/i586-tcc-linux-musl/
>>> Jobs: 273 of 420 complete, 5 running            Load avg: 4.61, 4.82, 4.86
>>> Installing (291 of 420) net-misc/nemesis-1.8::gentoo to /usr/i586-tcc-linux-musl/
>>> Jobs: 273 of 420 complete, 5 running            Load avg: 4.61, 4.82, 4.86
>>> Jobs: 273 of 420 complete, 4 running            Load avg: 4.61, 4.82, 4.86
>>> Jobs: 273 of 420 complete, 5 running            Load avg: 4.57, 4.81, 4.86
>>> Emerging (298 of 420) net-misc/ser2net-2.10.0-r1::gentoo for /usr/i586-tcc-linux-musl/
>>> Jobs: 273 of 420 complete, 5 running            Load avg: 4.57, 4.81, 4.86
>>> Installing (290 of 420) net-misc/ndisc6-1.0.8::gentoo to /usr/i586-tcc-linux-musl/
>>> Jobs: 273 of 420 complete, 5 running            Load avg: 4.57, 4.81, 4.86
>>> Jobs: 273 of 420 complete, 4 running            Load avg: 4.57, 4.81, 4.86
>>> Recording net-misc/netkit-routed in "world" favorites file...
>>> Jobs: 273 of 420 complete, 4 running            Load avg: 4.44, 4.78, 4.85
>>> Jobs: 274 of 420 complete, 4 running            Load avg: 4.44, 4.78, 4.85
>>> Jobs: 274 of 420 complete, 5 running            Load avg: 4.44, 4.78, 4.85
>>> Emerging (299 of 420) net-misc/sipcalc-1.1.6-r1::gentoo for /usr/i586-tcc-linux-musl/
>>> Jobs: 274 of 420 complete, 5 running            Load avg: 4.44, 4.78, 4.85
>>> Installing (295 of 420) net-misc/netkit-talk-0.17-r8::gentoo to /usr/i586-tcc-linux-musl/
>>> Jobs: 274 of 420 complete, 5 running            Load avg: 4.24, 4.73, 4.83
>>> Jobs: 274 of 420 complete, 4 running            Load avg: 4.24, 4.73, 4.83
>>> Jobs: 274 of 420 complete, 5 running            Load avg: 4.24, 4.73, 4.83
>>> Emerging (300 of 420) net-misc/sntpd-3.1-r1::gentoo for /usr/i586-tcc-linux-musl/
>>> Jobs: 274 of 420 complete, 5 running            Load avg: 4.24, 4.73, 4.83
>>> Recording net-misc/nemesis in "world" favorites file...
>>> Jobs: 274 of 420 complete, 5 running            Load avg: 4.13, 4.69, 4.82
>>> Jobs: 275 of 420 complete, 5 running            Load avg: 4.13, 4.69, 4.82
>>> Recording net-misc/ndisc6 in "world" favorites file...
>>> Jobs: 275 of 420 complete, 5 running            Load avg: 4.13, 4.69, 4.82
>>> Recording net-misc/netkit-talk in "world" favorites file...
>>> Jobs: 275 of 420 complete, 5 running            Load avg: 4.13, 4.69, 4.82
>>> Jobs: 276 of 420 complete, 5 running            Load avg: 4.13, 4.69, 4.82
>>> Jobs: 277 of 420 complete, 5 running            Load avg: 4.13, 4.69, 4.82
>>> Installing (296 of 420) net-misc/netpipe-1.0.0_beta2-r2::gentoo to /usr/i586-tcc-linux-musl/
>>> Jobs: 277 of 420 complete, 5 running            Load avg: 4.13, 4.69, 4.82
>>> Jobs: 277 of 420 complete, 4 running            Load avg: 4.13, 4.69, 4.82
>>> Jobs: 277 of 420 complete, 5 running            Load avg: 4.13, 4.69, 4.82
>>> Emerging (301 of 420) net-misc/spiped-1.6.2-r1::gentoo for /usr/i586-tcc-linux-musl/
>>> Jobs: 277 of 420 complete, 5 running            Load avg: 4.13, 4.69, 4.82
>>> Recording net-misc/netpipe in "world" favorites file...
>>> Jobs: 277 of 420 complete, 5 running            Load avg: 3.91, 4.61, 4.79
>>> Jobs: 278 of 420 complete, 5 running            Load avg: 3.91, 4.61, 4.79
>>> Installing (298 of 420) net-misc/ser2net-2.10.0-r1::gentoo to /usr/i586-tcc-linux-musl/
>>> Jobs: 278 of 420 complete, 5 running            Load avg: 4.29, 4.65, 4.80
>>> Jobs: 278 of 420 complete, 4 running            Load avg: 4.29, 4.65, 4.80
>>> Jobs: 278 of 420 complete, 5 running            Load avg: 4.29, 4.65, 4.80
>>> Emerging (302 of 420) net-misc/stunnel-5.50-r1::gentoo for /usr/i586-tcc-linux-musl/
>>> Jobs: 278 of 420 complete, 5 running            Load avg: 4.29, 4.65, 4.80
>>> Recording net-misc/ser2net in "world" favorites file...
>>> Jobs: 278 of 420 complete, 5 running            Load avg: 4.61, 4.71, 4.82
>>> Jobs: 279 of 420 complete, 5 running            Load avg: 4.61, 4.71, 4.82
>>> Installing (300 of 420) net-misc/sntpd-3.1-r1::gentoo to /usr/i586-tcc-linux-musl/
>>> Jobs: 279 of 420 complete, 5 running            Load avg: 4.61, 4.71, 4.82
>>> Jobs: 279 of 420 complete, 4 running            Load avg: 4.61, 4.71, 4.82
>>> Jobs: 279 of 420 complete, 5 running            Load avg: 4.61, 4.71, 4.82
>>> Emerging (303 of 420) net-misc/taylor-uucp-1.07-r7::gentoo for /usr/i586-tcc-linux-musl/
>>> Jobs: 279 of 420 complete, 5 running            Load avg: 4.61, 4.71, 4.82
>>> Recording net-misc/sntpd in "world" favorites file...
>>> Jobs: 279 of 420 complete, 5 running            Load avg: 4.56, 4.70, 4.81
>>> Jobs: 280 of 420 complete, 5 running            Load avg: 4.56, 4.70, 4.81
>>> Installing (301 of 420) net-misc/spiped-1.6.2-r1::gentoo to /usr/i586-tcc-linux-musl/
>>> Jobs: 280 of 420 complete, 5 running            Load avg: 4.56, 4.70, 4.81
>>> Jobs: 280 of 420 complete, 4 running            Load avg: 4.56, 4.70, 4.81
>>> Jobs: 280 of 420 complete, 5 running            Load avg: 4.56, 4.70, 4.81
>>> Emerging (304 of 420) net-misc/unix2tcp-0.8.2-r2::gentoo for /usr/i586-tcc-linux-musl/
>>> Jobs: 280 of 420 complete, 5 running            Load avg: 4.56, 4.70, 4.81
>>> Installing (299 of 420) net-misc/sipcalc-1.1.6-r1::gentoo to /usr/i586-tcc-linux-musl/
>>> Jobs: 280 of 420 complete, 5 running            Load avg: 4.56, 4.70, 4.81
>>> Jobs: 280 of 420 complete, 4 running            Load avg: 4.56, 4.70, 4.81
>>> Jobs: 280 of 420 complete, 5 running            Load avg: 4.60, 4.71, 4.82
>>> Emerging (305 of 420) net-misc/urlview-0.9::gentoo for /usr/i586-tcc-linux-musl/
>>> Jobs: 280 of 420 complete, 5 running            Load avg: 4.60, 4.71, 4.82
>>> Recording net-misc/sipcalc in "world" favorites file...
>>> Jobs: 280 of 420 complete, 5 running            Load avg: 4.79, 4.74, 4.83
>>> Jobs: 281 of 420 complete, 5 running            Load avg: 4.79, 4.74, 4.83
>>> Recording net-misc/spiped in "world" favorites file...
>>> Jobs: 281 of 420 complete, 5 running            Load avg: 4.79, 4.74, 4.83
>>> Jobs: 282 of 420 complete, 5 running            Load avg: 4.79, 4.74, 4.83
>>> Installing (297 of 420) net-misc/radvd-2.19-r7::gentoo to /usr/i586-tcc-linux-musl/
>>> Jobs: 282 of 420 complete, 5 running            Load avg: 4.84, 4.76, 4.83
>>> Jobs: 282 of 420 complete, 4 running            Load avg: 4.84, 4.76, 4.83
>>> Jobs: 282 of 420 complete, 5 running            Load avg: 4.84, 4.76, 4.83
>>> Emerging (306 of 420) net-misc/whois-5.5.23::gentoo for /usr/i586-tcc-linux-musl/
>>> Jobs: 282 of 420 complete, 5 running            Load avg: 4.84, 4.76, 4.83
>>> Recording net-misc/radvd in "world" favorites file...
>>> Jobs: 282 of 420 complete, 5 running            Load avg: 5.10, 4.82, 4.85
>>> Jobs: 283 of 420 complete, 5 running            Load avg: 5.10, 4.82, 4.85
>>> Installing (304 of 420) net-misc/unix2tcp-0.8.2-r2::gentoo to /usr/i586-tcc-linux-musl/
>>> Jobs: 283 of 420 complete, 5 running            Load avg: 5.51, 4.92, 4.88
>>> Jobs: 283 of 420 complete, 4 running            Load avg: 5.51, 4.92, 4.88
>>> Recording net-misc/unix2tcp in "world" favorites file...
>>> Jobs: 283 of 420 complete, 4 running            Load avg: 5.31, 4.89, 4.87
>>> Jobs: 284 of 420 complete, 4 running            Load avg: 5.31, 4.89, 4.87
>>> Installing (306 of 420) net-misc/whois-5.5.23::gentoo to /usr/i586-tcc-linux-musl/
>>> Jobs: 284 of 420 complete, 4 running            Load avg: 5.31, 4.89, 4.87
>>> Jobs: 284 of 420 complete, 3 running            Load avg: 5.31, 4.89, 4.87
>>> Recording net-misc/whois in "world" favorites file...
>>> Jobs: 284 of 420 complete, 3 running            Load avg: 5.12, 4.86, 4.86
>>> Jobs: 285 of 420 complete, 3 running            Load avg: 5.12, 4.86, 4.86
>>> Installing (305 of 420) net-misc/urlview-0.9::gentoo to /usr/i586-tcc-linux-musl/
>>> Jobs: 285 of 420 complete, 3 running            Load avg: 5.12, 4.86, 4.86
>>> Jobs: 285 of 420 complete, 2 running            Load avg: 5.12, 4.86, 4.86
>>> Recording net-misc/urlview in "world" favorites file...
>>> Jobs: 285 of 420 complete, 2 running            Load avg: 4.63, 4.76, 4.83
>>> Jobs: 286 of 420 complete, 2 running            Load avg: 4.63, 4.76, 4.83
>>> Jobs: 286 of 420 complete, 3 running            Load avg: 4.63, 4.76, 4.83
>>> Emerging (307 of 420) net-nntp/leafnode-1.12.0::gentoo for /usr/i586-tcc-linux-musl/
>>> Jobs: 286 of 420 complete, 3 running            Load avg: 4.63, 4.76, 4.83
>>> Installing (302 of 420) net-misc/stunnel-5.50-r1::gentoo to /usr/i586-tcc-linux-musl/
>>> Jobs: 286 of 420 complete, 3 running            Load avg: 4.63, 4.76, 4.83
>>> Jobs: 286 of 420 complete, 2 running            Load avg: 4.63, 4.76, 4.83
>>> Jobs: 286 of 420 complete, 3 running            Load avg: 4.34, 4.70, 4.81
>>> Emerging (308 of 420) net-nntp/newspost-2.1.1-r3::gentoo for /usr/i586-tcc-linux-musl/
>>> Jobs: 286 of 420 complete, 3 running            Load avg: 4.34, 4.70, 4.81
>>> Jobs: 286 of 420 complete, 4 running            Load avg: 4.34, 4.70, 4.81
>>> Emerging (309 of 420) net-print/lprng-3.8.35-r3::gentoo for /usr/i586-tcc-linux-musl/
>>> Jobs: 286 of 420 complete, 4 running            Load avg: 4.34, 4.70, 4.81
>>> Installing (303 of 420) net-misc/taylor-uucp-1.07-r7::gentoo to /usr/i586-tcc-linux-musl/
>>> Jobs: 286 of 420 complete, 4 running            Load avg: 4.23, 4.67, 4.80
>>> Jobs: 286 of 420 complete, 3 running            Load avg: 4.23, 4.67, 4.80
>>> Jobs: 286 of 420 complete, 4 running            Load avg: 4.23, 4.67, 4.80
>>> Emerging (310 of 420) net-proxy/privoxy-3.0.34::gentoo for /usr/i586-tcc-linux-musl/
>>> Jobs: 286 of 420 complete, 4 running            Load avg: 4.23, 4.67, 4.80
>>> Jobs: 286 of 420 complete, 5 running            Load avg: 4.23, 4.67, 4.80
>>> Emerging (311 of 420) net-vpn/pptpd-1.4.0-r4::gentoo for /usr/i586-tcc-linux-musl/
>>> Jobs: 286 of 420 complete, 5 running            Load avg: 4.23, 4.67, 4.80
>>> Recording net-misc/stunnel in "world" favorites file...
>>> Jobs: 286 of 420 complete, 5 running            Load avg: 2.96, 4.30, 4.67
>>> Recording net-misc/taylor-uucp in "world" favorites file...
>>> Jobs: 286 of 420 complete, 5 running            Load avg: 2.96, 4.30, 4.67
>>> Jobs: 287 of 420 complete, 5 running            Load avg: 2.96, 4.30, 4.67
>>> Jobs: 288 of 420 complete, 5 running            Load avg: 2.96, 4.30, 4.67
>>> Installing (308 of 420) net-nntp/newspost-2.1.1-r3::gentoo to /usr/i586-tcc-linux-musl/
>>> Jobs: 288 of 420 complete, 5 running            Load avg: 4.09, 4.47, 4.72
>>> Jobs: 288 of 420 complete, 4 running            Load avg: 4.09, 4.47, 4.72
>>> Jobs: 288 of 420 complete, 5 running            Load avg: 4.09, 4.47, 4.72
>>> Emerging (312 of 420) net-vpn/tor-0.4.8.13::gentoo for /usr/i586-tcc-linux-musl/
>>> Jobs: 288 of 420 complete, 5 running            Load avg: 4.09, 4.47, 4.72
>>> Recording net-nntp/newspost in "world" favorites file...
>>> Jobs: 288 of 420 complete, 5 running            Load avg: 4.31, 4.51, 4.73
>>> Jobs: 289 of 420 complete, 5 running            Load avg: 4.31, 4.51, 4.73
>>> Installing (307 of 420) net-nntp/leafnode-1.12.0::gentoo to /usr/i586-tcc-linux-musl/
>>> Jobs: 289 of 420 complete, 5 running            Load avg: 4.77, 4.60, 4.76
>>> Jobs: 289 of 420 complete, 4 running            Load avg: 4.77, 4.60, 4.76
>>> Jobs: 289 of 420 complete, 5 running            Load avg: 4.77, 4.60, 4.76
>>> Emerging (313 of 420) sci-visualization/gnuplot-5.4.10::gentoo for /usr/i586-tcc-linux-musl/
>>> Jobs: 289 of 420 complete, 5 running            Load avg: 4.77, 4.60, 4.76
>>> Recording net-nntp/leafnode in "world" favorites file...
>>> Jobs: 289 of 420 complete, 5 running            Load avg: 5.19, 4.70, 4.79
>>> Jobs: 290 of 420 complete, 5 running            Load avg: 5.19, 4.70, 4.79
>>> Installing (310 of 420) net-proxy/privoxy-3.0.34::gentoo to /usr/i586-tcc-linux-musl/
>>> Jobs: 290 of 420 complete, 5 running            Load avg: 5.32, 4.74, 4.80
>>> Jobs: 290 of 420 complete, 4 running            Load avg: 5.32, 4.74, 4.80
>>> Recording net-proxy/privoxy in "world" favorites file...
>>> Jobs: 290 of 420 complete, 4 running            Load avg: 5.21, 4.73, 4.80
>>> Jobs: 291 of 420 complete, 4 running            Load avg: 5.21, 4.73, 4.80
>>> Installing (311 of 420) net-vpn/pptpd-1.4.0-r4::gentoo to /usr/i586-tcc-linux-musl/
>>> Jobs: 291 of 420 complete, 4 running            Load avg: 5.21, 4.73, 4.80
>>> Jobs: 291 of 420 complete, 3 running            Load avg: 5.21, 4.73, 4.80
>>> Recording net-vpn/pptpd in "world" favorites file...
>>> Jobs: 291 of 420 complete, 3 running            Load avg: 5.12, 4.72, 4.79
>>> Jobs: 292 of 420 complete, 3 running            Load avg: 5.12, 4.72, 4.79
>>> Installing (309 of 420) net-print/lprng-3.8.35-r3::gentoo to /usr/i586-tcc-linux-musl/
>>> Jobs: 292 of 420 complete, 3 running            Load avg: 4.95, 4.69, 4.78
>>> Jobs: 292 of 420 complete, 2 running            Load avg: 4.95, 4.69, 4.78
>>> Jobs: 292 of 420 complete, 3 running            Load avg: 4.95, 4.69, 4.78
>>> Emerging (314 of 420) sys-apps/dtc-1.6.0::gentoo for /usr/i586-tcc-linux-musl/
>>> Jobs: 292 of 420 complete, 3 running            Load avg: 4.95, 4.69, 4.78
>>> Jobs: 292 of 420 complete, 4 running            Load avg: 4.95, 4.69, 4.78
>>> Emerging (315 of 420) sys-apps/ethtool-1.8::gentoo for /usr/i586-tcc-linux-musl/
>>> Jobs: 292 of 420 complete, 4 running            Load avg: 4.95, 4.69, 4.78
>>> Recording net-print/lprng in "world" favorites file...
>>> Jobs: 292 of 420 complete, 4 running            Load avg: 5.11, 4.73, 4.79
>>> Jobs: 293 of 420 complete, 4 running            Load avg: 5.11, 4.73, 4.79
>>> Installing (314 of 420) sys-apps/dtc-1.6.0::gentoo to /usr/i586-tcc-linux-musl/
>>> Jobs: 293 of 420 complete, 4 running            Load avg: 5.07, 4.75, 4.80
>>> Jobs: 293 of 420 complete, 3 running            Load avg: 5.07, 4.75, 4.80
>>> Recording sys-apps/dtc in "world" favorites file...
>>> Jobs: 293 of 420 complete, 3 running            Load avg: 4.82, 4.70, 4.78
>>> Jobs: 294 of 420 complete, 3 running            Load avg: 4.82, 4.70, 4.78
>>> Jobs: 294 of 420 complete, 4 running            Load avg: 4.82, 4.70, 4.78
>>> Emerging (316 of 420) sys-apps/hdparm-9.65-r2::gentoo for /usr/i586-tcc-linux-musl/
>>> Jobs: 294 of 420 complete, 4 running            Load avg: 4.82, 4.70, 4.78
>>> Jobs: 294 of 420 complete, 5 running            Load avg: 4.92, 4.72, 4.79
>>> Emerging (317 of 420) sys-apps/makedev-3.23.1-r3::gentoo for /usr/i586-tcc-linux-musl/
>>> Jobs: 294 of 420 complete, 5 running            Load avg: 4.92, 4.72, 4.79
>>> Installing (313 of 420) sci-visualization/gnuplot-5.4.10::gentoo to /usr/i586-tcc-linux-musl/
>>> Jobs: 294 of 420 complete, 5 running            Load avg: 5.24, 4.79, 4.81
>>> Jobs: 294 of 420 complete, 4 running            Load avg: 5.24, 4.79, 4.81
>>> Recording sci-visualization/gnuplot in "world" favorites file...
>>> Jobs: 294 of 420 complete, 4 running            Load avg: 4.89, 4.73, 4.79
>>> Jobs: 295 of 420 complete, 4 running            Load avg: 4.89, 4.73, 4.79
>>> Jobs: 295 of 420 complete, 5 running            Load avg: 4.89, 4.73, 4.79
>>> Emerging (318 of 420) sys-apps/man2html-1.6g-r2::gentoo for /usr/i586-tcc-linux-musl/
>>> Jobs: 295 of 420 complete, 5 running            Load avg: 4.89, 4.73, 4.79
>>> Installing (315 of 420) sys-apps/ethtool-1.8::gentoo to /usr/i586-tcc-linux-musl/
>>> Jobs: 295 of 420 complete, 5 running            Load avg: 5.06, 4.77, 4.81
>>> Jobs: 295 of 420 complete, 4 running            Load avg: 5.06, 4.77, 4.81
>>> Recording sys-apps/ethtool in "world" favorites file...
>>> Jobs: 295 of 420 complete, 4 running            Load avg: 4.88, 4.75, 4.80
>>> Jobs: 296 of 420 complete, 4 running            Load avg: 4.88, 4.75, 4.80
>>> Jobs: 296 of 420 complete, 5 running            Load avg: 4.88, 4.75, 4.80
>>> Emerging (319 of 420) sys-apps/memtester-4.6.0::gentoo for /usr/i586-tcc-linux-musl/
>>> Jobs: 296 of 420 complete, 5 running            Load avg: 4.88, 4.75, 4.80
>>> Installing (316 of 420) sys-apps/hdparm-9.65-r2::gentoo to /usr/i586-tcc-linux-musl/
>>> Jobs: 296 of 420 complete, 5 running            Load avg: 5.29, 4.83, 4.83
>>> Jobs: 296 of 420 complete, 4 running            Load avg: 5.29, 4.83, 4.83
>>> Recording sys-apps/hdparm in "world" favorites file...
>>> Jobs: 296 of 420 complete, 4 running            Load avg: 5.51, 4.89, 4.84
>>> Jobs: 297 of 420 complete, 4 running            Load avg: 5.51, 4.89, 4.84
>>> Installing (312 of 420) net-vpn/tor-0.4.8.13::gentoo to /usr/i586-tcc-linux-musl/
>>> Jobs: 297 of 420 complete, 4 running            Load avg: 5.55, 4.91, 4.85
>>> Jobs: 297 of 420 complete, 3 running            Load avg: 5.55, 4.91, 4.85
>>> Recording net-vpn/tor in "world" favorites file...
>>> Jobs: 297 of 420 complete, 3 running            Load avg: 5.35, 4.87, 4.84
>>> Jobs: 298 of 420 complete, 3 running            Load avg: 5.35, 4.87, 4.84
>>> Installing (318 of 420) sys-apps/man2html-1.6g-r2::gentoo to /usr/i586-tcc-linux-musl/
>>> Jobs: 298 of 420 complete, 3 running            Load avg: 5.24, 4.86, 4.83
>>> Jobs: 298 of 420 complete, 2 running            Load avg: 5.24, 4.86, 4.83
>>> Recording sys-apps/man2html in "world" favorites file...
>>> Jobs: 298 of 420 complete, 2 running            Load avg: 4.98, 4.81, 4.82
>>> Jobs: 299 of 420 complete, 2 running            Load avg: 4.98, 4.81, 4.82
>>> Jobs: 299 of 420 complete, 3 running            Load avg: 4.98, 4.81, 4.82
>>> Emerging (320 of 420) sys-apps/miscfiles-1.5-r4::gentoo for /usr/i586-tcc-linux-musl/
>>> Jobs: 299 of 420 complete, 3 running            Load avg: 4.98, 4.81, 4.82
>>> Jobs: 299 of 420 complete, 4 running            Load avg: 4.98, 4.81, 4.82
>>> Emerging (321 of 420) sys-apps/mlocate-0.26-r3::gentoo for /usr/i586-tcc-linux-musl/
>>> Jobs: 299 of 420 complete, 4 running            Load avg: 4.98, 4.81, 4.82
>>> Installing (319 of 420) sys-apps/memtester-4.6.0::gentoo to /usr/i586-tcc-linux-musl/
>>> Jobs: 299 of 420 complete, 4 running            Load avg: 4.98, 4.81, 4.82
>>> Jobs: 299 of 420 complete, 3 running            Load avg: 4.98, 4.81, 4.82
>>> Jobs: 299 of 420 complete, 4 running            Load avg: 4.98, 4.81, 4.82
>>> Emerging (322 of 420) sys-apps/prctl-1.6-r1::gentoo for /usr/i586-tcc-linux-musl/
>>> Jobs: 299 of 420 complete, 4 running            Load avg: 4.98, 4.81, 4.82
>>> Recording sys-apps/memtester in "world" favorites file...
>>> Jobs: 299 of 420 complete, 4 running            Load avg: 4.90, 4.80, 4.82
>>> Installing (317 of 420) sys-apps/makedev-3.23.1-r3::gentoo to /usr/i586-tcc-linux-musl/
>>> Jobs: 299 of 420 complete, 4 running            Load avg: 4.90, 4.80, 4.82
>>> Jobs: 299 of 420 complete, 3 running            Load avg: 4.90, 4.80, 4.82
>>> Jobs: 300 of 420 complete, 3 running            Load avg: 4.90, 4.80, 4.82
>>> Jobs: 300 of 420 complete, 4 running            Load avg: 4.90, 4.80, 4.82
>>> Emerging (323 of 420) sys-apps/pv-1.9.0::gentoo for /usr/i586-tcc-linux-musl/
>>> Jobs: 300 of 420 complete, 4 running            Load avg: 4.90, 4.80, 4.82
>>> Jobs: 300 of 420 complete, 5 running            Load avg: 4.91, 4.80, 4.82
>>> Emerging (324 of 420) sys-apps/setserial-2.17-r6::gentoo for /usr/i586-tcc-linux-musl/
>>> Jobs: 300 of 420 complete, 5 running            Load avg: 4.91, 4.80, 4.82
>>> Recording sys-apps/makedev in "world" favorites file...
>>> Jobs: 300 of 420 complete, 5 running            Load avg: 4.92, 4.81, 4.82
>>> Jobs: 301 of 420 complete, 5 running            Load avg: 4.92, 4.81, 4.82
>>> Installing (320 of 420) sys-apps/miscfiles-1.5-r4::gentoo to /usr/i586-tcc-linux-musl/
>>> Jobs: 301 of 420 complete, 5 running            Load avg: 5.10, 4.85, 4.83
>>> Jobs: 301 of 420 complete, 4 running            Load avg: 5.10, 4.85, 4.83
>>> Recording sys-apps/miscfiles in "world" favorites file...
>>> Jobs: 301 of 420 complete, 4 running            Load avg: 5.25, 4.89, 4.84
>>> Jobs: 302 of 420 complete, 4 running            Load avg: 5.25, 4.89, 4.84
>>> Installing (322 of 420) sys-apps/prctl-1.6-r1::gentoo to /usr/i586-tcc-linux-musl/
>>> Jobs: 302 of 420 complete, 4 running            Load avg: 5.40, 4.94, 4.86
>>> Jobs: 302 of 420 complete, 3 running            Load avg: 5.40, 4.94, 4.86
>>> Recording sys-apps/prctl in "world" favorites file...
>>> Jobs: 302 of 420 complete, 3 running            Load avg: 5.04, 4.88, 4.84
>>> Jobs: 303 of 420 complete, 3 running            Load avg: 5.04, 4.88, 4.84
>>> Installing (324 of 420) sys-apps/setserial-2.17-r6::gentoo to /usr/i586-tcc-linux-musl/
>>> Jobs: 303 of 420 complete, 3 running            Load avg: 5.04, 4.88, 4.84
>>> Jobs: 303 of 420 complete, 2 running            Load avg: 5.04, 4.88, 4.84
>>> Recording sys-apps/setserial in "world" favorites file...
>>> Jobs: 303 of 420 complete, 2 running            Load avg: 4.88, 4.84, 4.83
>>> Jobs: 304 of 420 complete, 2 running            Load avg: 4.88, 4.84, 4.83
>>> Jobs: 304 of 420 complete, 3 running            Load avg: 4.88, 4.84, 4.83
>>> Emerging (325 of 420) sys-block/mtx-1.3.12::gentoo for /usr/i586-tcc-linux-musl/
>>> Jobs: 304 of 420 complete, 3 running            Load avg: 4.88, 4.84, 4.83
>>> Jobs: 304 of 420 complete, 4 running            Load avg: 4.88, 4.84, 4.83
>>> Emerging (326 of 420) sys-boot/syslinux-3.86::gentoo for /usr/i586-tcc-linux-musl/
>>> Jobs: 304 of 420 complete, 4 running            Load avg: 4.88, 4.84, 4.83
>>> Jobs: 304 of 420 complete, 5 running            Load avg: 4.88, 4.84, 4.83
>>> Emerging (327 of 420) sys-devel/autoconf-archive-2024.10.16-r1::gentoo for /usr/i586-tcc-linux-musl/
>>> Jobs: 304 of 420 complete, 5 running            Load avg: 4.88, 4.84, 4.83
>>> Installing (323 of 420) sys-apps/pv-1.9.0::gentoo to /usr/i586-tcc-linux-musl/
>>> Jobs: 304 of 420 complete, 5 running            Load avg: 4.88, 4.84, 4.83
>>> Jobs: 304 of 420 complete, 4 running            Load avg: 4.88, 4.84, 4.83
>>> Jobs: 304 of 420 complete, 5 running            Load avg: 4.57, 4.78, 4.81
>>> Emerging (328 of 420) sys-devel/bin86-0.16.21-r2::gentoo for /usr/i586-tcc-linux-musl/
>>> Jobs: 304 of 420 complete, 5 running            Load avg: 4.57, 4.78, 4.81
>>> Recording sys-apps/pv in "world" favorites file...
>>> Jobs: 304 of 420 complete, 5 running            Load avg: 4.57, 4.78, 4.81
>>> Jobs: 305 of 420 complete, 5 running            Load avg: 4.57, 4.78, 4.81
>>> Installing (321 of 420) sys-apps/mlocate-0.26-r3::gentoo to /usr/i586-tcc-linux-musl/
>>> Jobs: 305 of 420 complete, 5 running            Load avg: 4.57, 4.78, 4.81
>>> Jobs: 305 of 420 complete, 4 running            Load avg: 4.57, 4.78, 4.81
>>> Jobs: 305 of 420 complete, 5 running            Load avg: 4.28, 4.72, 4.79
>>> Emerging (329 of 420) sys-devel/muon-9999::gentoo for /usr/i586-tcc-linux-musl/
>>> Jobs: 305 of 420 complete, 5 running            Load avg: 4.28, 4.72, 4.79
>>> Recording sys-apps/mlocate in "world" favorites file...
>>> Jobs: 305 of 420 complete, 5 running            Load avg: 4.49, 4.72, 4.79
>>> Jobs: 306 of 420 complete, 5 running            Load avg: 4.49, 4.72, 4.79
>>> Installing (328 of 420) sys-devel/bin86-0.16.21-r2::gentoo to /usr/i586-tcc-linux-musl/
>>> Jobs: 306 of 420 complete, 5 running            Load avg: 4.67, 4.75, 4.80
>>> Jobs: 306 of 420 complete, 4 running            Load avg: 4.67, 4.75, 4.80
>>> Jobs: 306 of 420 complete, 5 running            Load avg: 4.67, 4.75, 4.80
>>> Emerging (330 of 420) sys-devel/slibtool-9999::gentoo for /usr/i586-tcc-linux-musl/
>>> Jobs: 306 of 420 complete, 5 running            Load avg: 4.67, 4.75, 4.80
>>> Recording sys-devel/bin86 in "world" favorites file...
>>> Jobs: 306 of 420 complete, 5 running            Load avg: 4.38, 4.69, 4.78
>>> Jobs: 307 of 420 complete, 5 running            Load avg: 4.38, 4.69, 4.78
>>> Installing (327 of 420) sys-devel/autoconf-archive-2024.10.16-r1::gentoo to /usr/i586-tcc-linux-musl/
>>> Jobs: 307 of 420 complete, 5 running            Load avg: 4.51, 4.71, 4.79
>>> Jobs: 307 of 420 complete, 4 running            Load avg: 4.51, 4.71, 4.79
>>> Jobs: 307 of 420 complete, 5 running            Load avg: 4.51, 4.71, 4.79
>>> Emerging (331 of 420) sys-fs/dosfstools-4.2::gentoo for /usr/i586-tcc-linux-musl/
>>> Jobs: 307 of 420 complete, 5 running            Load avg: 4.51, 4.71, 4.79
>>> Recording sys-devel/autoconf-archive in "world" favorites file...
>>> Jobs: 307 of 420 complete, 5 running            Load avg: 4.36, 4.67, 4.77
>>> Jobs: 308 of 420 complete, 5 running            Load avg: 4.36, 4.67, 4.77
>>> Installing (326 of 420) sys-boot/syslinux-3.86::gentoo to /usr/i586-tcc-linux-musl/
>>> Jobs: 308 of 420 complete, 5 running            Load avg: 4.36, 4.67, 4.77
>>> Jobs: 308 of 420 complete, 4 running            Load avg: 4.36, 4.67, 4.77
>>> Jobs: 308 of 420 complete, 5 running            Load avg: 4.36, 4.67, 4.77
>>> Emerging (332 of 420) sys-fs/exfat-utils-1.4.0::gentoo for /usr/i586-tcc-linux-musl/
>>> Jobs: 308 of 420 complete, 5 running            Load avg: 4.36, 4.67, 4.77
>>> Recording sys-boot/syslinux in "world" favorites file...
>>> Jobs: 308 of 420 complete, 5 running            Load avg: 4.33, 4.66, 4.77
>>> Installing (325 of 420) sys-block/mtx-1.3.12::gentoo to /usr/i586-tcc-linux-musl/
>>> Jobs: 308 of 420 complete, 5 running            Load avg: 4.33, 4.66, 4.77
>>> Jobs: 308 of 420 complete, 4 running            Load avg: 4.33, 4.66, 4.77
>>> Jobs: 308 of 420 complete, 5 running            Load avg: 4.33, 4.66, 4.77
>>> Emerging (333 of 420) sys-fs/squashfs-legacy-2.2-r2::gentoo for /usr/i586-tcc-linux-musl/
>>> Jobs: 308 of 420 complete, 5 running            Load avg: 4.33, 4.66, 4.77
>>> Jobs: 309 of 420 complete, 5 running            Load avg: 4.33, 4.66, 4.77
>>> Recording sys-block/mtx in "world" favorites file...
>>> Jobs: 309 of 420 complete, 5 running            Load avg: 4.59, 4.71, 4.78
>>> Jobs: 310 of 420 complete, 5 running            Load avg: 4.59, 4.71, 4.78
>>> Installing (329 of 420) sys-devel/muon-9999::gentoo to /usr/i586-tcc-linux-musl/
>>> Jobs: 310 of 420 complete, 5 running            Load avg: 4.59, 4.71, 4.78
>>> Jobs: 310 of 420 complete, 4 running            Load avg: 4.59, 4.71, 4.78
>>> Jobs: 310 of 420 complete, 5 running            Load avg: 4.59, 4.71, 4.78
>>> Emerging (334 of 420) sys-libs/timezone-data-2024b::gentoo for /usr/i586-tcc-linux-musl/
>>> Jobs: 310 of 420 complete, 5 running            Load avg: 4.59, 4.71, 4.78
>>> Recording sys-devel/muon in "world" favorites file...
>>> Jobs: 310 of 420 complete, 5 running            Load avg: 4.49, 4.68, 4.77
>>> Jobs: 311 of 420 complete, 5 running            Load avg: 4.49, 4.68, 4.77
>>> Installing (330 of 420) sys-devel/slibtool-9999::gentoo to /usr/i586-tcc-linux-musl/
>>> Jobs: 311 of 420 complete, 5 running            Load avg: 4.89, 4.76, 4.80
>>> Jobs: 311 of 420 complete, 4 running            Load avg: 4.89, 4.76, 4.80
>>> Jobs: 311 of 420 complete, 5 running            Load avg: 4.89, 4.76, 4.80
>>> Emerging (335 of 420) sys-process/at-3.2.5-r2::gentoo for /usr/i586-tcc-linux-musl/
>>> Jobs: 311 of 420 complete, 5 running            Load avg: 4.89, 4.76, 4.80
>>> Installing (333 of 420) sys-fs/squashfs-legacy-2.2-r2::gentoo to /usr/i586-tcc-linux-musl/
>>> Jobs: 311 of 420 complete, 5 running            Load avg: 4.89, 4.76, 4.80
>>> Jobs: 311 of 420 complete, 4 running            Load avg: 4.89, 4.76, 4.80
>>> Jobs: 311 of 420 complete, 5 running            Load avg: 4.90, 4.76, 4.80
>>> Emerging (336 of 420) sys-process/htop-3.2.1::gentoo for /usr/i586-tcc-linux-musl/
>>> Jobs: 311 of 420 complete, 5 running            Load avg: 4.90, 4.76, 4.80
>>> Installing (334 of 420) sys-libs/timezone-data-2024b::gentoo to /usr/i586-tcc-linux-musl/
>>> Jobs: 311 of 420 complete, 5 running            Load avg: 4.77, 4.74, 4.79
>>> Jobs: 311 of 420 complete, 4 running            Load avg: 4.77, 4.74, 4.79
>>> Jobs: 311 of 420 complete, 5 running            Load avg: 4.77, 4.74, 4.79
>>> Emerging (337 of 420) www-client/cgmnlm-9999::gentoo for /usr/i586-tcc-linux-musl/
>>> Jobs: 311 of 420 complete, 5 running            Load avg: 4.77, 4.74, 4.79
>>> Recording sys-devel/slibtool in "world" favorites file...
>>> Jobs: 311 of 420 complete, 5 running            Load avg: 4.77, 4.74, 4.79
>>> Jobs: 312 of 420 complete, 5 running            Load avg: 4.77, 4.74, 4.79
>>> Installing (331 of 420) sys-fs/dosfstools-4.2::gentoo to /usr/i586-tcc-linux-musl/
>>> Jobs: 312 of 420 complete, 5 running            Load avg: 5.03, 4.79, 4.81
>>> Jobs: 312 of 420 complete, 4 running            Load avg: 5.03, 4.79, 4.81
>>> Recording sys-fs/dosfstools in "world" favorites file...
>>> Jobs: 312 of 420 complete, 4 running            Load avg: 5.10, 4.81, 4.81
>>> Jobs: 313 of 420 complete, 4 running            Load avg: 5.10, 4.81, 4.81
>>> Recording sys-fs/squashfs-legacy in "world" favorites file...
>>> Jobs: 313 of 420 complete, 4 running            Load avg: 5.10, 4.81, 4.81
>>> Recording sys-libs/timezone-data in "world" favorites file...
>>> Jobs: 313 of 420 complete, 4 running            Load avg: 5.10, 4.81, 4.81
>>> Jobs: 314 of 420 complete, 4 running            Load avg: 5.10, 4.81, 4.81
>>> Jobs: 315 of 420 complete, 4 running            Load avg: 5.10, 4.81, 4.81
>>> Installing (332 of 420) sys-fs/exfat-utils-1.4.0::gentoo to /usr/i586-tcc-linux-musl/
>>> Jobs: 315 of 420 complete, 4 running            Load avg: 5.10, 4.82, 4.82
>>> Jobs: 315 of 420 complete, 3 running            Load avg: 5.01, 4.80, 4.81
>>> Recording sys-fs/exfat-utils in "world" favorites file...
>>> Jobs: 315 of 420 complete, 3 running            Load avg: 4.85, 4.77, 4.80
>>> Jobs: 316 of 420 complete, 3 running            Load avg: 4.85, 4.77, 4.80
>>> Jobs: 316 of 420 complete, 4 running            Load avg: 4.85, 4.77, 4.80
>>> Emerging (338 of 420) www-client/w3m-0.5.3_p20230121::gentoo for /usr/i586-tcc-linux-musl/
>>> Jobs: 316 of 420 complete, 4 running            Load avg: 4.85, 4.77, 4.80
>>> Jobs: 316 of 420 complete, 5 running            Load avg: 4.85, 4.77, 4.80
>>> Emerging (339 of 420) www-servers/gmnisrv-9999::gentoo for /usr/i586-tcc-linux-musl/
>>> Jobs: 316 of 420 complete, 5 running            Load avg: 4.85, 4.77, 4.80
>>> Installing (337 of 420) www-client/cgmnlm-9999::gentoo to /usr/i586-tcc-linux-musl/
>>> Jobs: 316 of 420 complete, 5 running            Load avg: 5.34, 4.88, 4.84
>>> Jobs: 316 of 420 complete, 4 running            Load avg: 5.34, 4.88, 4.84
>>> Recording www-client/cgmnlm in "world" favorites file...
>>> Jobs: 316 of 420 complete, 4 running            Load avg: 5.15, 4.85, 4.83
>>> Jobs: 317 of 420 complete, 4 running            Load avg: 5.15, 4.85, 4.83
>>> Installing (336 of 420) sys-process/htop-3.2.1::gentoo to /usr/i586-tcc-linux-musl/
>>> Jobs: 317 of 420 complete, 4 running            Load avg: 5.06, 4.83, 4.82
>>> Jobs: 317 of 420 complete, 3 running            Load avg: 5.06, 4.83, 4.82
>>> Recording sys-process/htop in "world" favorites file...
>>> Jobs: 317 of 420 complete, 3 running            Load avg: 4.81, 4.79, 4.81
>>> Jobs: 318 of 420 complete, 3 running            Load avg: 4.81, 4.79, 4.81
>>> Jobs: 318 of 420 complete, 4 running            Load avg: 4.81, 4.79, 4.81
>>> Emerging (340 of 420) x11-apps/bdftopcf-1.1.2::gentoo for /usr/i586-tcc-linux-musl/
>>> Jobs: 318 of 420 complete, 4 running            Load avg: 4.81, 4.79, 4.81
>>> Installing (335 of 420) sys-process/at-3.2.5-r2::gentoo to /usr/i586-tcc-linux-musl/
>>> Jobs: 318 of 420 complete, 4 running            Load avg: 4.81, 4.79, 4.81
>>> Jobs: 318 of 420 complete, 3 running            Load avg: 4.81, 4.79, 4.81
>>> Jobs: 318 of 420 complete, 4 running            Load avg: 4.83, 4.79, 4.81
>>> Emerging (341 of 420) x11-misc/makedepend-1.0.9::gentoo for /usr/i586-tcc-linux-musl/
>>> Jobs: 318 of 420 complete, 4 running            Load avg: 4.83, 4.79, 4.81
>>> Recording sys-process/at in "world" favorites file...
>>> Jobs: 318 of 420 complete, 4 running            Load avg: 4.68, 4.76, 4.80
>>> Jobs: 319 of 420 complete, 4 running            Load avg: 4.68, 4.76, 4.80
>>> Jobs: 319 of 420 complete, 5 running            Load avg: 4.68, 4.76, 4.80
>>> Emerging (342 of 420) app-text/discount-2.2.7c-r1::gentoo for /usr/i586-tcc-linux-musl/
>>> Jobs: 319 of 420 complete, 5 running            Load avg: 4.68, 4.76, 4.80
>>> Installing (339 of 420) www-servers/gmnisrv-9999::gentoo to /usr/i586-tcc-linux-musl/
>>> Jobs: 319 of 420 complete, 5 running            Load avg: 5.04, 4.84, 4.82
>>> Jobs: 319 of 420 complete, 4 running            Load avg: 5.04, 4.84, 4.82
>>> Recording www-servers/gmnisrv in "world" favorites file...
>>> Jobs: 319 of 420 complete, 4 running            Load avg: 5.04, 4.84, 4.82
>>> Jobs: 320 of 420 complete, 4 running            Load avg: 5.04, 4.84, 4.82
>>> Installing (338 of 420) www-client/w3m-0.5.3_p20230121::gentoo to /usr/i586-tcc-linux-musl/
>>> Jobs: 320 of 420 complete, 4 running            Load avg: 5.12, 4.86, 4.83
>>> Jobs: 320 of 420 complete, 3 running            Load avg: 5.12, 4.86, 4.83
>>> Recording www-client/w3m in "world" favorites file...
>>> Jobs: 320 of 420 complete, 3 running            Load avg: 4.95, 4.83, 4.82
>>> Jobs: 321 of 420 complete, 3 running            Load avg: 4.95, 4.83, 4.82
>>> Jobs: 321 of 420 complete, 4 running            Load avg: 4.95, 4.83, 4.82
>>> Emerging (343 of 420) app-text/webdump-9999::gentoo for /usr/i586-tcc-linux-musl/
>>> Jobs: 321 of 420 complete, 4 running            Load avg: 4.95, 4.83, 4.82
>>> Jobs: 321 of 420 complete, 5 running            Load avg: 4.95, 4.83, 4.82
>>> Emerging (344 of 420) www-apps/mkws-9999::gentoo for /usr/i586-tcc-linux-musl/
>>> Jobs: 321 of 420 complete, 5 running            Load avg: 4.95, 4.83, 4.82
>>> Installing (342 of 420) app-text/discount-2.2.7c-r1::gentoo to /usr/i586-tcc-linux-musl/
>>> Jobs: 321 of 420 complete, 5 running            Load avg: 5.03, 4.85, 4.83
>>> Jobs: 321 of 420 complete, 4 running            Load avg: 5.03, 4.85, 4.83
>>> Recording app-text/discount in "world" favorites file...
>>> Jobs: 321 of 420 complete, 4 running            Load avg: 4.87, 4.82, 4.81
>>> Jobs: 322 of 420 complete, 4 running            Load avg: 4.87, 4.82, 4.81
>>> Jobs: 322 of 420 complete, 5 running            Load avg: 4.87, 4.82, 4.81
>>> Emerging (345 of 420) app-crypt/gentoo-keys-201901130136::gentoo for /usr/i586-tcc-linux-musl/
>>> Jobs: 322 of 420 complete, 5 running            Load avg: 4.87, 4.82, 4.81
>>> Installing (343 of 420) app-text/webdump-9999::gentoo to /usr/i586-tcc-linux-musl/
>>> Jobs: 322 of 420 complete, 5 running            Load avg: 5.45, 4.96, 4.86
>>> Jobs: 322 of 420 complete, 4 running            Load avg: 5.49, 4.97, 4.87
>>> Recording app-text/webdump in "world" favorites file...
>>> Jobs: 322 of 420 complete, 4 running            Load avg: 5.13, 4.91, 4.85
>>> Jobs: 323 of 420 complete, 4 running            Load avg: 5.13, 4.91, 4.85
>>> Installing (341 of 420) x11-misc/makedepend-1.0.9::gentoo to /usr/i586-tcc-linux-musl/
>>> Jobs: 323 of 420 complete, 4 running            Load avg: 5.13, 4.91, 4.85
>>> Jobs: 323 of 420 complete, 3 running            Load avg: 5.13, 4.91, 4.85
>>> Installing (340 of 420) x11-apps/bdftopcf-1.1.2::gentoo to /usr/i586-tcc-linux-musl/
>>> Jobs: 323 of 420 complete, 3 running            Load avg: 5.13, 4.91, 4.85
>>> Jobs: 323 of 420 complete, 2 running            Load avg: 5.13, 4.91, 4.85
>>> Recording x11-misc/makedepend in "world" favorites file...
>>> Jobs: 323 of 420 complete, 2 running            Load avg: 4.88, 4.86, 4.83
>>> Recording x11-apps/bdftopcf in "world" favorites file...
>>> Jobs: 323 of 420 complete, 2 running            Load avg: 4.88, 4.86, 4.83
>>> Jobs: 324 of 420 complete, 2 running            Load avg: 4.88, 4.86, 4.83
>>> Jobs: 324 of 420 complete, 3 running            Load avg: 4.88, 4.86, 4.83
>>> Emerging (346 of 420) app-eselect/eselect-timezone-0.2::gentoo for /usr/i586-tcc-linux-musl/
>>> Jobs: 324 of 420 complete, 3 running            Load avg: 4.88, 4.86, 4.83
>>> Jobs: 325 of 420 complete, 3 running            Load avg: 4.88, 4.86, 4.83
>>> Installing (345 of 420) app-crypt/gentoo-keys-201901130136::gentoo to /usr/i586-tcc-linux-musl/
>>> Jobs: 325 of 420 complete, 3 running            Load avg: 4.88, 4.86, 4.83
>>> Jobs: 325 of 420 complete, 2 running            Load avg: 4.88, 4.86, 4.83
>>> Jobs: 325 of 420 complete, 3 running            Load avg: 4.73, 4.83, 4.82
>>> Emerging (347 of 420) app-portage/portage-utils-0.97::gentoo for /usr/i586-tcc-linux-musl/
>>> Jobs: 325 of 420 complete, 3 running            Load avg: 4.73, 4.83, 4.82
>>> Recording app-crypt/gentoo-keys in "world" favorites file...
>>> Jobs: 325 of 420 complete, 3 running            Load avg: 4.73, 4.83, 4.82
>>> Jobs: 326 of 420 complete, 3 running            Load avg: 4.73, 4.83, 4.82
>>> Jobs: 326 of 420 complete, 4 running            Load avg: 4.59, 4.80, 4.81
>>> Emerging (348 of 420) sci-calculators/bc-1.08.0::gentoo for /usr/i586-tcc-linux-musl/
>>> Jobs: 326 of 420 complete, 4 running            Load avg: 4.59, 4.80, 4.81
>>> Installing (344 of 420) www-apps/mkws-9999::gentoo to /usr/i586-tcc-linux-musl/
>>> Jobs: 326 of 420 complete, 4 running            Load avg: 4.59, 4.80, 4.81
>>> Jobs: 326 of 420 complete, 3 running            Load avg: 4.59, 4.80, 4.81
>>> Jobs: 326 of 420 complete, 4 running            Load avg: 4.38, 4.75, 4.80
>>> Emerging (349 of 420) sys-fs/devfsd-1.3.25-r9::gentoo for /usr/i586-tcc-linux-musl/
>>> Jobs: 326 of 420 complete, 4 running            Load avg: 4.38, 4.75, 4.80
>>> Jobs: 326 of 420 complete, 5 running            Load avg: 4.38, 4.75, 4.80
>>> Emerging (350 of 420) sys-apps/systrace-1.6g::gentoo for /usr/i586-tcc-linux-musl/
>>> Jobs: 326 of 420 complete, 5 running            Load avg: 4.38, 4.75, 4.80
>>> Recording www-apps/mkws in "world" favorites file...
>>> Jobs: 326 of 420 complete, 5 running            Load avg: 4.56, 4.76, 4.80
>>> Jobs: 327 of 420 complete, 5 running            Load avg: 4.56, 4.76, 4.80
>>> Installing (346 of 420) app-eselect/eselect-timezone-0.2::gentoo to /usr/i586-tcc-linux-musl/
>>> Jobs: 327 of 420 complete, 5 running            Load avg: 4.56, 4.76, 4.80
>>> Jobs: 327 of 420 complete, 4 running            Load avg: 4.56, 4.76, 4.80
>>> Recording app-eselect/eselect-timezone in "world" favorites file...
>>> Jobs: 327 of 420 complete, 4 running            Load avg: 4.70, 4.79, 4.81
>>> Jobs: 328 of 420 complete, 4 running            Load avg: 4.70, 4.79, 4.81
>>> Installing (349 of 420) sys-fs/devfsd-1.3.25-r9::gentoo to /usr/i586-tcc-linux-musl/
>>> Jobs: 328 of 420 complete, 4 running            Load avg: 4.60, 4.76, 4.80
>>> Jobs: 328 of 420 complete, 3 running            Load avg: 4.60, 4.76, 4.80
>>> Recording sys-fs/devfsd in "world" favorites file...
>>> Jobs: 328 of 420 complete, 3 running            Load avg: 4.42, 4.72, 4.79
>>> Jobs: 329 of 420 complete, 3 running            Load avg: 4.42, 4.72, 4.79
>>> Installing (348 of 420) sci-calculators/bc-1.08.0::gentoo to /usr/i586-tcc-linux-musl/
>>> Jobs: 329 of 420 complete, 3 running            Load avg: 4.20, 4.66, 4.77
>>> Jobs: 329 of 420 complete, 2 running            Load avg: 4.20, 4.66, 4.77
>>> Recording sci-calculators/bc in "world" favorites file...
>>> Jobs: 329 of 420 complete, 2 running            Load avg: 4.01, 4.61, 4.75
>>> Jobs: 330 of 420 complete, 2 running            Load avg: 4.01, 4.61, 4.75
>>> Installing (350 of 420) sys-apps/systrace-1.6g::gentoo to /usr/i586-tcc-linux-musl/
>>> Jobs: 330 of 420 complete, 2 running            Load avg: 4.01, 4.61, 4.75
>>> Jobs: 330 of 420 complete, 1 running            Load avg: 4.01, 4.61, 4.75
>>> Recording sys-apps/systrace in "world" favorites file...
>>> Jobs: 330 of 420 complete, 1 running            Load avg: 3.85, 4.56, 4.73
>>> Jobs: 331 of 420 complete, 1 running            Load avg: 3.85, 4.56, 4.73
>>> Installing (347 of 420) app-portage/portage-utils-0.97::gentoo to /usr/i586-tcc-linux-musl/
>>> Jobs: 331 of 420 complete, 1 running            Load avg: 2.29, 3.83, 4.45
>>> Jobs: 331 of 420 complete                       Load avg: 2.29, 3.83, 4.45
>>> Recording app-portage/portage-utils in "world" favorites file...
>>> Jobs: 331 of 420 complete                       Load avg: 2.19, 3.79, 4.43
>>> Jobs: 332 of 420 complete                       Load avg: 2.19, 3.79, 4.43
>>> Installing (1 of 420) virtual/os-headers-0-r2::gentoo to /usr/i586-tcc-linux-musl/
>>> Jobs: 332 of 420 complete                       Load avg: 2.19, 3.79, 4.43
>>> Jobs: 333 of 420 complete                       Load avg: 2.17, 3.76, 4.42
>>> Installing (3 of 420) sys-libs/queue-standalone-0.1-r1::gentoo to /usr/i586-tcc-linux-musl/
>>> Jobs: 333 of 420 complete                       Load avg: 2.17, 3.76, 4.42
>>> Jobs: 334 of 420 complete                       Load avg: 2.08, 3.71, 4.40
>>> Installing (2 of 420) sys-apps/gentoo-functions-0.19::gentoo to /usr/i586-tcc-linux-musl/
>>> Jobs: 334 of 420 complete                       Load avg: 2.08, 3.71, 4.40
>>> Jobs: 335 of 420 complete                       Load avg: 1.99, 3.67, 4.38
>>> Installing (28 of 420) app-text/mandoc-1.14.6::gentoo to /usr/i586-tcc-linux-musl/
>>> Jobs: 335 of 420 complete                       Load avg: 1.99, 3.67, 4.38
>>> Recording app-text/mandoc in "world" favorites file...
>>> Jobs: 335 of 420 complete                       Load avg: 1.86, 3.47, 4.30
>>> Jobs: 336 of 420 complete                       Load avg: 1.86, 3.47, 4.30
>>> Installing (35 of 420) sys-libs/fts-standalone-1.2.7-r1::gentoo to /usr/i586-tcc-linux-musl/
>>> Jobs: 336 of 420 complete                       Load avg: 1.86, 3.47, 4.30
>>> Jobs: 337 of 420 complete                       Load avg: 1.79, 3.43, 4.28
>>> Installing (34 of 420) sys-apps/file-5.45-r4::gentoo to /usr/i586-tcc-linux-musl/
>>> Jobs: 337 of 420 complete                       Load avg: 1.79, 3.43, 4.28
>>> Jobs: 338 of 420 complete                       Load avg: 1.73, 3.39, 4.26
>>> Installing (37 of 420) dev-libs/popt-1.19-r1::gentoo to /usr/i586-tcc-linux-musl/
>>> Jobs: 338 of 420 complete                       Load avg: 1.73, 3.39, 4.26
>>> Jobs: 339 of 420 complete                       Load avg: 1.76, 3.34, 4.24
>>> Installing (38 of 420) sys-apps/shadow-4.8.1-r4::gentoo to /usr/i586-tcc-linux-musl/
>>> Jobs: 339 of 420 complete                       Load avg: 1.76, 3.34, 4.24
>>> Jobs: 340 of 420 complete                       Load avg: 1.70, 3.30, 4.22
>>> Installing (36 of 420) sys-apps/gawk-5.2.2::gentoo to /usr/i586-tcc-linux-musl/
>>> Jobs: 340 of 420 complete                       Load avg: 1.70, 3.30, 4.22
>>> Jobs: 341 of 420 complete                       Load avg: 1.81, 3.30, 4.21
>>> Installing (39 of 420) app-misc/pax-utils-1.3.4::gentoo to /usr/i586-tcc-linux-musl/
>>> Jobs: 341 of 420 complete                       Load avg: 1.81, 3.30, 4.21
>>> Jobs: 342 of 420 complete                       Load avg: 1.82, 3.28, 4.20
>>> Installing (56 of 420) sys-libs/readline-8.2_p13-r1::gentoo to /usr/i586-tcc-linux-musl/
>>> Jobs: 342 of 420 complete                       Load avg: 1.82, 3.28, 4.20
>>> Jobs: 343 of 420 complete                       Load avg: 1.69, 3.20, 4.16
>>> Installing (59 of 420) sys-apps/iproute2-2.4.7::gentoo to /usr/i586-tcc-linux-musl/
>>> Jobs: 343 of 420 complete                       Load avg: 1.69, 3.20, 4.16
>>> Jobs: 344 of 420 complete                       Load avg: 1.72, 3.18, 4.15
>>> Installing (94 of 420) app-arch/lzz-9999::gentoo to /usr/i586-tcc-linux-musl/
>>> Jobs: 344 of 420 complete                       Load avg: 1.72, 3.18, 4.15
>>> Jobs: 345 of 420 complete                       Load avg: 1.66, 3.15, 4.14
>>> Installing (93 of 420) sys-apps/attr-9999::gentoo to /usr/i586-tcc-linux-musl/
>>> Jobs: 345 of 420 complete                       Load avg: 1.66, 3.15, 4.14
>>> Recording sys-apps/attr in "world" favorites file...
>>> Jobs: 345 of 420 complete                       Load avg: 1.61, 3.11, 4.12
>>> Jobs: 346 of 420 complete                       Load avg: 1.61, 3.11, 4.12
>>> Installing (137 of 420) dev-util/samurai-9999::gentoo to /usr/i586-tcc-linux-musl/
>>> Jobs: 346 of 420 complete                       Load avg: 1.61, 3.11, 4.12
>>> Jobs: 347 of 420 complete                       Load avg: 1.56, 3.07, 4.10
>>> Installing (138 of 420) sys-apps/baselayout-2.17::gentoo to /usr/i586-tcc-linux-musl/
>>> Jobs: 347 of 420 complete                       Load avg: 1.56, 3.07, 4.10
>>> Jobs: 348 of 420 complete                       Load avg: 1.63, 3.04, 4.08
>>> Installing (139 of 420) sys-apps/kbd-2.6.4::gentoo to /usr/i586-tcc-linux-musl/
>>> Jobs: 348 of 420 complete                       Load avg: 1.63, 3.04, 4.08
>>> Jobs: 349 of 420 complete                       Load avg: 1.58, 3.00, 4.06
>>> Installing (141 of 420) sys-devel/make-3.82-r4::gentoo to /usr/i586-tcc-linux-musl/
>>> Jobs: 349 of 420 complete                       Load avg: 1.58, 3.00, 4.06
>>> Jobs: 350 of 420 complete                       Load avg: 1.54, 2.97, 4.05
>>> Jobs: 350 of 420 complete, 1 running            Load avg: 1.54, 2.97, 4.05
>>> Emerging (351 of 420) sys-devel/binutils-config-5.5.2::gentoo for /usr/i586-tcc-linux-musl/
>>> Jobs: 350 of 420 complete, 1 running            Load avg: 1.54, 2.97, 4.05
>>> Jobs: 350 of 420 complete, 2 running            Load avg: 1.49, 2.94, 4.03
>>> Emerging (352 of 420) virtual/man-0-r4::gentoo for /usr/i586-tcc-linux-musl/
>>> Jobs: 350 of 420 complete, 2 running            Load avg: 1.49, 2.94, 4.03
>>> Jobs: 350 of 420 complete, 3 running            Load avg: 1.49, 2.94, 4.03
>>> Emerging (353 of 420) app-admin/eselect-1.4.28::gentoo for /usr/i586-tcc-linux-musl/
>>> Jobs: 350 of 420 complete, 3 running            Load avg: 1.49, 2.94, 4.03
>>> Jobs: 350 of 420 complete, 4 running            Load avg: 1.49, 2.94, 4.03
>>> Emerging (354 of 420) sys-apps/util-linux-2.24.2::gentoo for /usr/i586-tcc-linux-musl/
>>> Jobs: 350 of 420 complete, 4 running            Load avg: 1.49, 2.94, 4.03
>>> Jobs: 350 of 420 complete, 5 running            Load avg: 1.85, 2.99, 4.04
>>> Emerging (355 of 420) app-shells/bash-5.1_p16-r13::gentoo for /usr/i586-tcc-linux-musl/
>>> Jobs: 350 of 420 complete, 5 running            Load avg: 1.85, 2.99, 4.04
>>> Jobs: 350 of 420 complete, 4 running            Load avg: 2.56, 3.10, 4.07
>>> Jobs: 350 of 420 complete, 5 running            Load avg: 2.56, 3.10, 4.07
>>> Emerging (356 of 420) net-libs/libtirpc-1.3.5::gentoo for /usr/i586-tcc-linux-musl/
>>> Jobs: 350 of 420 complete, 5 running            Load avg: 2.56, 3.10, 4.07
>>> Jobs: 350 of 420 complete, 4 running            Load avg: 2.56, 3.10, 4.07
>>> Jobs: 350 of 420 complete, 5 running            Load avg: 2.68, 3.12, 4.07
>>> Emerging (357 of 420) dev-libs/libusb-1.0.24-r1::gentoo for /usr/i586-tcc-linux-musl/
>>> Jobs: 350 of 420 complete, 5 running            Load avg: 2.68, 3.12, 4.07
>>> Jobs: 350 of 420 complete, 4 running            Load avg: 4.21, 3.46, 4.14
>>> Jobs: 350 of 420 complete, 5 running            Load avg: 4.21, 3.46, 4.14
>>> Emerging (358 of 420) media-libs/libmikmod-3.3.11.1-r2::gentoo for /usr/i586-tcc-linux-musl/
>>> Jobs: 350 of 420 complete, 5 running            Load avg: 4.21, 3.46, 4.14
>>> Installing (357 of 420) dev-libs/libusb-1.0.24-r1::gentoo to /usr/i586-tcc-linux-musl/
>>> Jobs: 350 of 420 complete, 5 running            Load avg: 5.16, 3.76, 4.23
>>> Jobs: 350 of 420 complete, 4 running            Load avg: 5.16, 3.76, 4.23
>>> Jobs: 351 of 420 complete, 4 running            Load avg: 5.05, 3.79, 4.23
>>> Installing (356 of 420) net-libs/libtirpc-1.3.5::gentoo to /usr/i586-tcc-linux-musl/
>>> Jobs: 351 of 420 complete, 4 running            Load avg: 5.05, 3.79, 4.23
>>> Jobs: 351 of 420 complete, 3 running            Load avg: 5.05, 3.79, 4.23
>>> Jobs: 352 of 420 complete, 3 running            Load avg: 4.97, 3.79, 4.23
>>> Jobs: 352 of 420 complete, 4 running            Load avg: 4.97, 3.79, 4.23
>>> Emerging (359 of 420) virtual/libusb-1-r2::gentoo for /usr/i586-tcc-linux-musl/
>>> Jobs: 352 of 420 complete, 4 running            Load avg: 4.97, 3.79, 4.23
>>> Jobs: 352 of 420 complete, 3 running            Load avg: 4.97, 3.79, 4.23
>>> Jobs: 352 of 420 complete, 4 running            Load avg: 4.81, 3.78, 4.22
>>> Emerging (360 of 420) net-misc/rsync-3.3.0-r1::gentoo for /usr/i586-tcc-linux-musl/
>>> Jobs: 352 of 420 complete, 4 running            Load avg: 4.81, 3.78, 4.22
>>> Jobs: 352 of 420 complete, 5 running            Load avg: 4.81, 3.78, 4.22
>>> Emerging (361 of 420) sys-libs/libcap-2.28-r1::gentoo for /usr/i586-tcc-linux-musl/
>>> Jobs: 352 of 420 complete, 5 running            Load avg: 4.81, 3.78, 4.22
>>> Installing (359 of 420) virtual/libusb-1-r2::gentoo to /usr/i586-tcc-linux-musl/
>>> Jobs: 352 of 420 complete, 5 running            Load avg: 5.82, 4.07, 4.31
>>> Jobs: 352 of 420 complete, 4 running            Load avg: 5.82, 4.07, 4.31
>>> Jobs: 353 of 420 complete, 4 running            Load avg: 5.45, 4.05, 4.30
>>> Jobs: 353 of 420 complete, 3 running            Load avg: 5.45, 4.05, 4.30
>>> Installing (358 of 420) media-libs/libmikmod-3.3.11.1-r2::gentoo to /usr/i586-tcc-linux-musl/
>>> Jobs: 353 of 420 complete, 3 running            Load avg: 5.45, 4.05, 4.30
>>> Jobs: 353 of 420 complete, 2 running            Load avg: 5.45, 4.05, 4.30
>>> Jobs: 354 of 420 complete, 2 running            Load avg: 5.26, 4.03, 4.29
>>> Installing (361 of 420) sys-libs/libcap-2.28-r1::gentoo to /usr/i586-tcc-linux-musl/
>>> Jobs: 354 of 420 complete, 2 running            Load avg: 4.99, 4.00, 4.28
>>> Jobs: 354 of 420 complete, 1 running            Load avg: 4.99, 4.00, 4.28
>>> Jobs: 354 of 420 complete, 2 running            Load avg: 4.99, 4.00, 4.28
>>> Emerging (362 of 420) dev-libs/libusb-compat-0.1.8::gentoo for /usr/i586-tcc-linux-musl/
>>> Jobs: 354 of 420 complete, 2 running            Load avg: 4.99, 4.00, 4.28
>>> Jobs: 354 of 420 complete, 3 running            Load avg: 4.83, 3.98, 4.27
>>> Emerging (363 of 420) media-libs/sdl-sound-1.0.3_p20220525::gentoo for /usr/i586-tcc-linux-musl/
>>> Jobs: 354 of 420 complete, 3 running            Load avg: 4.83, 3.98, 4.27
>>> Jobs: 355 of 420 complete, 3 running            Load avg: 4.83, 3.98, 4.27
>>> Jobs: 355 of 420 complete, 4 running            Load avg: 4.69, 3.97, 4.26
>>> Emerging (364 of 420) net-nds/rpcbind-1.2.6::gentoo for /usr/i586-tcc-linux-musl/
>>> Jobs: 355 of 420 complete, 4 running            Load avg: 4.69, 3.97, 4.26
>>> Jobs: 355 of 420 complete, 5 running            Load avg: 4.63, 3.97, 4.26
>>> Emerging (365 of 420) dev-libs/libzip-1.3.0::gentoo for /usr/i586-tcc-linux-musl/
>>> Jobs: 355 of 420 complete, 5 running            Load avg: 4.63, 3.97, 4.26
>>> Installing (362 of 420) dev-libs/libusb-compat-0.1.8::gentoo to /usr/i586-tcc-linux-musl/
>>> Jobs: 355 of 420 complete, 5 running            Load avg: 5.13, 4.18, 4.32
>>> Jobs: 355 of 420 complete, 4 running            Load avg: 5.13, 4.18, 4.32
>>> Jobs: 356 of 420 complete, 4 running            Load avg: 4.96, 4.16, 4.31
>>> Jobs: 356 of 420 complete, 5 running            Load avg: 4.96, 4.16, 4.31
>>> Emerging (366 of 420) virtual/libusb-0-r2::gentoo for /usr/i586-tcc-linux-musl/
>>> Jobs: 356 of 420 complete, 5 running            Load avg: 4.96, 4.16, 4.31
>>> Jobs: 356 of 420 complete, 4 running            Load avg: 5.28, 4.24, 4.34
>>> Installing (364 of 420) net-nds/rpcbind-1.2.6::gentoo to /usr/i586-tcc-linux-musl/
>>> Jobs: 356 of 420 complete, 4 running            Load avg: 5.28, 4.24, 4.34
>>> Jobs: 356 of 420 complete, 3 running            Load avg: 5.28, 4.24, 4.34
>>> Jobs: 357 of 420 complete, 3 running            Load avg: 5.10, 4.22, 4.33
>>> Installing (363 of 420) media-libs/sdl-sound-1.0.3_p20220525::gentoo to /usr/i586-tcc-linux-musl/
>>> Jobs: 357 of 420 complete, 3 running            Load avg: 4.85, 4.19, 4.32
>>> Jobs: 357 of 420 complete, 2 running            Load avg: 4.85, 4.19, 4.32
>>> Jobs: 357 of 420 complete, 3 running            Load avg: 4.85, 4.19, 4.32
>>> Emerging (367 of 420) net-misc/iputils-20121221-r2::gentoo for /usr/i586-tcc-linux-musl/
>>> Jobs: 357 of 420 complete, 3 running            Load avg: 4.85, 4.19, 4.32
>>> Jobs: 357 of 420 complete, 4 running            Load avg: 4.70, 4.17, 4.32
>>> Emerging (368 of 420) app-admin/logrotate-3.22.0::gentoo for /usr/i586-tcc-linux-musl/
>>> Jobs: 357 of 420 complete, 4 running            Load avg: 4.70, 4.17, 4.32
>>> Recording media-libs/sdl-sound in "world" favorites file...
>>> Jobs: 357 of 420 complete, 4 running            Load avg: 4.70, 4.17, 4.32
>>> Jobs: 358 of 420 complete, 4 running            Load avg: 4.70, 4.17, 4.32
>>> Jobs: 358 of 420 complete, 5 running            Load avg: 4.70, 4.17, 4.32
>>> Emerging (369 of 420) app-arch/pax-20201030::gentoo for /usr/i586-tcc-linux-musl/
>>> Jobs: 358 of 420 complete, 5 running            Load avg: 4.70, 4.17, 4.32
>>> Installing (366 of 420) virtual/libusb-0-r2::gentoo to /usr/i586-tcc-linux-musl/
>>> Jobs: 358 of 420 complete, 5 running            Load avg: 5.37, 4.32, 4.36
>>> Jobs: 358 of 420 complete, 4 running            Load avg: 5.37, 4.32, 4.36
>>> Installing (365 of 420) dev-libs/libzip-1.3.0::gentoo to /usr/i586-tcc-linux-musl/
>>> Jobs: 358 of 420 complete, 4 running            Load avg: 5.37, 4.32, 4.36
>>> Jobs: 358 of 420 complete, 3 running            Load avg: 5.37, 4.32, 4.36
>>> Jobs: 359 of 420 complete, 3 running            Load avg: 5.34, 4.33, 4.37
>>> Jobs: 360 of 420 complete, 3 running            Load avg: 5.34, 4.33, 4.37
>>> Jobs: 360 of 420 complete, 2 running            Load avg: 4.98, 4.29, 4.35
>>> Jobs: 360 of 420 complete, 3 running            Load avg: 4.98, 4.29, 4.35
>>> Emerging (370 of 420) app-editors/nano-8.2::gentoo for /usr/i586-tcc-linux-musl/
>>> Jobs: 360 of 420 complete, 3 running            Load avg: 4.98, 4.29, 4.35
>>> Jobs: 360 of 420 complete, 4 running            Load avg: 4.98, 4.30, 4.36
>>> Emerging (371 of 420) app-text/odt2tex-0.0.13::gentoo for /usr/i586-tcc-linux-musl/
>>> Jobs: 360 of 420 complete, 4 running            Load avg: 4.98, 4.30, 4.36
>>> Installing (369 of 420) app-arch/pax-20201030::gentoo to /usr/i586-tcc-linux-musl/
>>> Jobs: 360 of 420 complete, 4 running            Load avg: 4.98, 4.30, 4.36
>>> Jobs: 360 of 420 complete, 3 running            Load avg: 4.98, 4.30, 4.36
>>> Jobs: 360 of 420 complete, 4 running            Load avg: 4.74, 4.26, 4.34
>>> Emerging (372 of 420) app-text/txt2man-1.7.1::gentoo for /usr/i586-tcc-linux-musl/
>>> Jobs: 360 of 420 complete, 4 running            Load avg: 4.74, 4.26, 4.34
>>> Jobs: 360 of 420 complete, 5 running            Load avg: 4.36, 4.19, 4.32
>>> Emerging (373 of 420) mail-mta/opensmtpd-7.6.0_p1::gentoo for /usr/i586-tcc-linux-musl/
>>> Jobs: 360 of 420 complete, 5 running            Load avg: 4.36, 4.19, 4.32
>>> Recording app-arch/pax in "world" favorites file...
>>> Jobs: 360 of 420 complete, 5 running            Load avg: 4.55, 4.23, 4.33
>>> Jobs: 361 of 420 complete, 5 running            Load avg: 4.55, 4.23, 4.33
>>> Installing (368 of 420) app-admin/logrotate-3.22.0::gentoo to /usr/i586-tcc-linux-musl/
>>> Jobs: 361 of 420 complete, 5 running            Load avg: 4.78, 4.29, 4.35
>>> Jobs: 361 of 420 complete, 4 running            Load avg: 4.78, 4.29, 4.35
>>> Jobs: 361 of 420 complete, 5 running            Load avg: 4.78, 4.29, 4.35
>>> Emerging (374 of 420) net-analyzer/iptraf-ng-1.1.4-r2::gentoo for /usr/i586-tcc-linux-musl/
>>> Jobs: 361 of 420 complete, 5 running            Load avg: 4.78, 4.29, 4.35
>>> Recording app-admin/logrotate in "world" favorites file...
>>> Jobs: 361 of 420 complete, 5 running            Load avg: 4.66, 4.28, 4.35
>>> Jobs: 362 of 420 complete, 5 running            Load avg: 4.66, 4.28, 4.35
>>> Installing (371 of 420) app-text/odt2tex-0.0.13::gentoo to /usr/i586-tcc-linux-musl/
>>> Jobs: 362 of 420 complete, 5 running            Load avg: 4.66, 4.28, 4.35
>>> Jobs: 362 of 420 complete, 4 running            Load avg: 4.66, 4.28, 4.35
>>> Jobs: 362 of 420 complete, 5 running            Load avg: 4.66, 4.28, 4.35
>>> Emerging (375 of 420) net-dialup/mgetty-1.2.1-r4::gentoo for /usr/i586-tcc-linux-musl/
>>> Jobs: 362 of 420 complete, 5 running            Load avg: 4.66, 4.28, 4.35
>>> Recording app-text/odt2tex in "world" favorites file...
>>> Jobs: 362 of 420 complete, 5 running            Load avg: 5.18, 4.41, 4.39
>>> Installing (372 of 420) app-text/txt2man-1.7.1::gentoo to /usr/i586-tcc-linux-musl/
>>> Jobs: 362 of 420 complete, 5 running            Load avg: 5.18, 4.41, 4.39
>>> Jobs: 362 of 420 complete, 4 running            Load avg: 5.18, 4.41, 4.39
>>> Jobs: 363 of 420 complete, 4 running            Load avg: 5.18, 4.41, 4.39
>>> Recording app-text/txt2man in "world" favorites file...
>>> Jobs: 363 of 420 complete, 4 running            Load avg: 5.01, 4.38, 4.38
>>> Jobs: 364 of 420 complete, 4 running            Load avg: 5.01, 4.38, 4.38
>>> Installing (374 of 420) net-analyzer/iptraf-ng-1.1.4-r2::gentoo to /usr/i586-tcc-linux-musl/
>>> Jobs: 364 of 420 complete, 4 running            Load avg: 5.08, 4.43, 4.39
>>> Jobs: 364 of 420 complete, 3 running            Load avg: 5.08, 4.43, 4.39
>>> Recording net-analyzer/iptraf-ng in "world" favorites file...
>>> Jobs: 364 of 420 complete, 3 running            Load avg: 4.75, 4.38, 4.38
>>> Jobs: 365 of 420 complete, 3 running            Load avg: 4.75, 4.38, 4.38
>>> Jobs: 365 of 420 complete, 4 running            Load avg: 4.75, 4.38, 4.38
>>> Emerging (376 of 420) net-dialup/pptpclient-1.10.0::gentoo for /usr/i586-tcc-linux-musl/
>>> Jobs: 365 of 420 complete, 4 running            Load avg: 4.75, 4.38, 4.38
>>> Jobs: 365 of 420 complete, 5 running            Load avg: 4.77, 4.39, 4.38
>>> Emerging (377 of 420) net-fs/nfs-utils-1.3.4::gentoo for /usr/i586-tcc-linux-musl/
>>> Jobs: 365 of 420 complete, 5 running            Load avg: 4.77, 4.39, 4.38
>>> Installing (375 of 420) net-dialup/mgetty-1.2.1-r4::gentoo to /usr/i586-tcc-linux-musl/
>>> Jobs: 365 of 420 complete, 5 running            Load avg: 5.21, 4.50, 4.42
>>> Jobs: 365 of 420 complete, 4 running            Load avg: 5.21, 4.50, 4.42
>>> Recording net-dialup/mgetty in "world" favorites file...
>>> Jobs: 365 of 420 complete, 4 running            Load avg: 5.11, 4.50, 4.42
>>> Jobs: 366 of 420 complete, 4 running            Load avg: 5.11, 4.50, 4.42
>>> Installing (376 of 420) net-dialup/pptpclient-1.10.0::gentoo to /usr/i586-tcc-linux-musl/
>>> Jobs: 366 of 420 complete, 4 running            Load avg: 5.11, 4.50, 4.42
>>> Jobs: 366 of 420 complete, 3 running            Load avg: 5.11, 4.50, 4.42
>>> Recording net-dialup/pptpclient in "world" favorites file...
>>> Jobs: 366 of 420 complete, 3 running            Load avg: 5.10, 4.52, 4.43
>>> Jobs: 367 of 420 complete, 3 running            Load avg: 5.10, 4.52, 4.43
>>> Installing (373 of 420) mail-mta/opensmtpd-7.6.0_p1::gentoo to /usr/i586-tcc-linux-musl/
>>> Jobs: 367 of 420 complete, 3 running            Load avg: 4.93, 4.50, 4.42
>>> Jobs: 367 of 420 complete, 2 running            Load avg: 4.93, 4.50, 4.42
>>> Jobs: 367 of 420 complete, 3 running            Load avg: 4.93, 4.50, 4.42
>>> Emerging (378 of 420) net-ftp/vsftpd-3.0.5-r1::gentoo for /usr/i586-tcc-linux-musl/
>>> Jobs: 367 of 420 complete, 3 running            Load avg: 4.93, 4.50, 4.42
>>> Jobs: 367 of 420 complete, 4 running            Load avg: 4.85, 4.49, 4.42
>>> Emerging (379 of 420) net-misc/bridge-utils-1.7.1-r1::gentoo for /usr/i586-tcc-linux-musl/
>>> Jobs: 367 of 420 complete, 4 running            Load avg: 4.85, 4.49, 4.42
>>> Recording mail-mta/opensmtpd in "world" favorites file...
>>> Jobs: 367 of 420 complete, 4 running            Load avg: 4.85, 4.49, 4.42
>>> Jobs: 368 of 420 complete, 4 running            Load avg: 4.85, 4.49, 4.42
>>> Jobs: 368 of 420 complete, 5 running            Load avg: 4.79, 4.48, 4.41
>>> Emerging (380 of 420) net-misc/netkit-bootparamd-0.17-r5::gentoo for /usr/i586-tcc-linux-musl/
>>> Jobs: 368 of 420 complete, 5 running            Load avg: 4.79, 4.48, 4.41
>>> Installing (378 of 420) net-ftp/vsftpd-3.0.5-r1::gentoo to /usr/i586-tcc-linux-musl/
>>> Jobs: 368 of 420 complete, 5 running            Load avg: 5.71, 4.70, 4.49
>>> Jobs: 368 of 420 complete, 4 running            Load avg: 5.71, 4.70, 4.49
>>> Recording net-ftp/vsftpd in "world" favorites file...
>>> Jobs: 368 of 420 complete, 4 running            Load avg: 5.49, 4.67, 4.48
>>> Jobs: 369 of 420 complete, 4 running            Load avg: 5.49, 4.67, 4.48
>>> Installing (380 of 420) net-misc/netkit-bootparamd-0.17-r5::gentoo to /usr/i586-tcc-linux-musl/
>>> Jobs: 369 of 420 complete, 4 running            Load avg: 5.53, 4.69, 4.49
>>> Jobs: 369 of 420 complete, 3 running            Load avg: 5.53, 4.69, 4.49
>>> Recording net-misc/netkit-bootparamd in "world" favorites file...
>>> Jobs: 369 of 420 complete, 3 running            Load avg: 5.49, 4.70, 4.49
>>> Jobs: 370 of 420 complete, 3 running            Load avg: 5.49, 4.70, 4.49
>>> Installing (379 of 420) net-misc/bridge-utils-1.7.1-r1::gentoo to /usr/i586-tcc-linux-musl/
>>> Jobs: 370 of 420 complete, 3 running            Load avg: 5.59, 4.74, 4.51
>>> Jobs: 370 of 420 complete, 2 running            Load avg: 5.59, 4.74, 4.51
>>> Recording net-misc/bridge-utils in "world" favorites file...
>>> Jobs: 370 of 420 complete, 2 running            Load avg: 5.22, 4.68, 4.49
>>> Jobs: 371 of 420 complete, 2 running            Load avg: 5.22, 4.68, 4.49
>>> Installing (377 of 420) net-fs/nfs-utils-1.3.4::gentoo to /usr/i586-tcc-linux-musl/
>>> Jobs: 371 of 420 complete, 2 running            Load avg: 5.22, 4.68, 4.49
>>> Jobs: 371 of 420 complete, 1 running            Load avg: 5.22, 4.68, 4.49
>>> Recording net-fs/nfs-utils in "world" favorites file...
>>> Jobs: 371 of 420 complete, 1 running            Load avg: 4.96, 4.63, 4.47
>>> Jobs: 372 of 420 complete, 1 running            Load avg: 4.96, 4.63, 4.47
>>> Jobs: 372 of 420 complete, 2 running            Load avg: 4.96, 4.63, 4.47
>>> Emerging (381 of 420) net-p2p/transmission-3.00-r1::gentoo for /usr/i586-tcc-linux-musl/
>>> Jobs: 372 of 420 complete, 2 running            Load avg: 4.96, 4.63, 4.47
>>> Installing (370 of 420) app-editors/nano-8.2::gentoo to /usr/i586-tcc-linux-musl/
>>> Jobs: 372 of 420 complete, 2 running            Load avg: 4.72, 4.59, 4.46
>>> Jobs: 372 of 420 complete, 1 running            Load avg: 4.72, 4.59, 4.46
>>> Jobs: 372 of 420 complete, 2 running            Load avg: 4.72, 4.59, 4.46
>>> Emerging (382 of 420) sys-apps/flashrom-1.2-r3::gentoo for /usr/i586-tcc-linux-musl/
>>> Jobs: 372 of 420 complete, 2 running            Load avg: 4.72, 4.59, 4.46
>>> Jobs: 372 of 420 complete, 3 running            Load avg: 4.72, 4.59, 4.46
>>> Emerging (383 of 420) sys-apps/usbutils-0.11::gentoo for /usr/i586-tcc-linux-musl/
>>> Jobs: 372 of 420 complete, 3 running            Load avg: 4.72, 4.59, 4.46
>>> Jobs: 372 of 420 complete, 4 running            Load avg: 4.35, 4.51, 4.43
>>> Emerging (384 of 420) sys-devel/gdb-7.12.1::gentoo for /usr/i586-tcc-linux-musl/
>>> Jobs: 372 of 420 complete, 4 running            Load avg: 4.35, 4.51, 4.43
>>> Jobs: 372 of 420 complete, 5 running            Load avg: 4.08, 4.45, 4.42
>>> Emerging (385 of 420) sys-fs/squashfs-tools-9999::gentoo for /usr/i586-tcc-linux-musl/
>>> Jobs: 372 of 420 complete, 5 running            Load avg: 4.08, 4.45, 4.42
>>> Recording app-editors/nano in "world" favorites file...
>>> Jobs: 372 of 420 complete, 5 running            Load avg: 4.39, 4.50, 4.43
>>> Jobs: 373 of 420 complete, 5 running            Load avg: 4.39, 4.50, 4.43
>>> Installing (382 of 420) sys-apps/flashrom-1.2-r3::gentoo to /usr/i586-tcc-linux-musl/
>>> Jobs: 373 of 420 complete, 5 running            Load avg: 5.38, 4.74, 4.51
>>> Jobs: 373 of 420 complete, 4 running            Load avg: 5.38, 4.74, 4.51
>>> Recording sys-apps/flashrom in "world" favorites file...
>>> Jobs: 373 of 420 complete, 4 running            Load avg: 5.39, 4.76, 4.52
>>> Jobs: 374 of 420 complete, 4 running            Load avg: 5.39, 4.76, 4.52
>>> Installing (385 of 420) sys-fs/squashfs-tools-9999::gentoo to /usr/i586-tcc-linux-musl/
>>> Jobs: 374 of 420 complete, 4 running            Load avg: 5.39, 4.76, 4.52
>>> Jobs: 374 of 420 complete, 3 running            Load avg: 5.39, 4.76, 4.52
>>> Recording sys-fs/squashfs-tools in "world" favorites file...
>>> Jobs: 374 of 420 complete, 3 running            Load avg: 5.28, 4.75, 4.52
>>> Jobs: 375 of 420 complete, 3 running            Load avg: 5.28, 4.75, 4.52
>>> Installing (383 of 420) sys-apps/usbutils-0.11::gentoo to /usr/i586-tcc-linux-musl/
>>> Jobs: 375 of 420 complete, 3 running            Load avg: 5.17, 4.75, 4.53
>>> Jobs: 375 of 420 complete, 2 running            Load avg: 5.17, 4.75, 4.53
>>> Recording sys-apps/usbutils in "world" favorites file...
>>> Jobs: 375 of 420 complete, 2 running            Load avg: 5.30, 4.79, 4.54
>>> Jobs: 376 of 420 complete, 2 running            Load avg: 5.30, 4.79, 4.54
>>> Installing (381 of 420) net-p2p/transmission-3.00-r1::gentoo to /usr/i586-tcc-linux-musl/
>>> Jobs: 376 of 420 complete, 2 running            Load avg: 5.04, 4.75, 4.53
>>> Jobs: 376 of 420 complete, 1 running            Load avg: 5.04, 4.75, 4.53
>>> Recording net-p2p/transmission in "world" favorites file...
>>> Jobs: 376 of 420 complete, 1 running            Load avg: 4.79, 4.70, 4.52
>>> Jobs: 377 of 420 complete, 1 running            Load avg: 4.79, 4.70, 4.52
>>> Jobs: 377 of 420 complete, 2 running            Load avg: 4.79, 4.70, 4.52
>>> Emerging (386 of 420) www-client/links-2.30::gentoo for /usr/i586-tcc-linux-musl/
>>> Jobs: 377 of 420 complete, 2 running            Load avg: 4.79, 4.70, 4.52
>>> Jobs: 377 of 420 complete, 3 running            Load avg: 4.79, 4.70, 4.52
>>> Emerging (387 of 420) www-servers/lighttpd-1.4.76-r1::gentoo for /usr/i586-tcc-linux-musl/
>>> Jobs: 377 of 420 complete, 3 running            Load avg: 4.79, 4.70, 4.52
>>> Jobs: 377 of 420 complete, 4 running            Load avg: 4.57, 4.66, 4.50
>>> Emerging (388 of 420) app-admin/superadduser-1.15::gentoo for /usr/i586-tcc-linux-musl/
>>> Jobs: 377 of 420 complete, 4 running            Load avg: 4.57, 4.66, 4.50
>>> Jobs: 377 of 420 complete, 5 running            Load avg: 4.68, 4.68, 4.51
>>> Emerging (389 of 420) app-portage/elt-patches-20241121::gentoo for /usr/i586-tcc-linux-musl/
>>> Jobs: 377 of 420 complete, 5 running            Load avg: 4.68, 4.68, 4.51
>>> Installing (388 of 420) app-admin/superadduser-1.15::gentoo to /usr/i586-tcc-linux-musl/
>>> Jobs: 377 of 420 complete, 5 running            Load avg: 4.98, 4.74, 4.54
>>> Jobs: 377 of 420 complete, 4 running            Load avg: 4.98, 4.74, 4.54
>>> Recording app-admin/superadduser in "world" favorites file...
>>> Jobs: 377 of 420 complete, 4 running            Load avg: 5.29, 4.82, 4.56
>>> Jobs: 378 of 420 complete, 4 running            Load avg: 5.29, 4.82, 4.56
>>> Installing (389 of 420) app-portage/elt-patches-20241121::gentoo to /usr/i586-tcc-linux-musl/
>>> Jobs: 378 of 420 complete, 4 running            Load avg: 5.19, 4.80, 4.56
>>> Jobs: 378 of 420 complete, 3 running            Load avg: 5.19, 4.80, 4.56
>>> Recording app-portage/elt-patches in "world" favorites file...
>>> Jobs: 378 of 420 complete, 3 running            Load avg: 5.09, 4.79, 4.56
>>> Jobs: 379 of 420 complete, 3 running            Load avg: 5.09, 4.79, 4.56
>>> Installing (387 of 420) www-servers/lighttpd-1.4.76-r1::gentoo to /usr/i586-tcc-linux-musl/
>>> Jobs: 379 of 420 complete, 3 running            Load avg: 4.97, 4.79, 4.56
>>> Jobs: 379 of 420 complete, 2 running            Load avg: 4.97, 4.79, 4.56
>>> Recording www-servers/lighttpd in "world" favorites file...
>>> Jobs: 379 of 420 complete, 2 running            Load avg: 4.59, 4.71, 4.54
>>> Jobs: 380 of 420 complete, 2 running            Load avg: 4.59, 4.71, 4.54
>>> Installing (386 of 420) www-client/links-2.30::gentoo to /usr/i586-tcc-linux-musl/
>>> Jobs: 380 of 420 complete, 2 running            Load avg: 4.59, 4.71, 4.54
>>> Jobs: 380 of 420 complete, 1 running            Load avg: 4.59, 4.71, 4.54
>>> Recording www-client/links in "world" favorites file...
>>> Jobs: 380 of 420 complete, 1 running            Load avg: 4.46, 4.68, 4.53
>>> Jobs: 381 of 420 complete, 1 running            Load avg: 4.46, 4.68, 4.53
>>> Installing (384 of 420) sys-devel/gdb-7.12.1::gentoo to /usr/i586-tcc-linux-musl/
>>> Jobs: 381 of 420 complete, 1 running            Load avg: 1.67, 3.41, 4.07
>>> Jobs: 381 of 420 complete                       Load avg: 1.67, 3.41, 4.07
>>> Recording sys-devel/gdb in "world" favorites file...
>>> Jobs: 381 of 420 complete                       Load avg: 1.57, 3.33, 4.04
>>> Jobs: 382 of 420 complete                       Load avg: 1.57, 3.33, 4.04
>>> Installing (352 of 420) virtual/man-0-r4::gentoo to /usr/i586-tcc-linux-musl/
>>> Jobs: 382 of 420 complete                       Load avg: 1.57, 3.33, 4.04
>>> Jobs: 383 of 420 complete                       Load avg: 1.52, 3.29, 4.02
>>> Installing (351 of 420) sys-devel/binutils-config-5.5.2::gentoo to /usr/i586-tcc-linux-musl/
>>> Jobs: 383 of 420 complete                       Load avg: 1.52, 3.29, 4.02
>>> Recording sys-devel/binutils-config in "world" favorites file...
>>> Jobs: 383 of 420 complete                       Load avg: 1.48, 3.25, 4.00
>>> Jobs: 384 of 420 complete                       Load avg: 1.48, 3.25, 4.00
>>> Installing (353 of 420) app-admin/eselect-1.4.28::gentoo to /usr/i586-tcc-linux-musl/
>>> Jobs: 384 of 420 complete                       Load avg: 1.48, 3.25, 4.00
>>> Jobs: 385 of 420 complete                       Load avg: 1.44, 3.22, 3.99
>>> Installing (355 of 420) app-shells/bash-5.1_p16-r13::gentoo to /usr/i586-tcc-linux-musl/
>>> Jobs: 385 of 420 complete                       Load avg: 1.44, 3.22, 3.99
>>> Jobs: 386 of 420 complete                       Load avg: 1.41, 3.18, 3.97
>>> Installing (354 of 420) sys-apps/util-linux-2.24.2::gentoo to /usr/i586-tcc-linux-musl/
>>> Jobs: 386 of 420 complete                       Load avg: 1.41, 3.18, 3.97
>>> Jobs: 387 of 420 complete                       Load avg: 1.42, 3.12, 3.94
>>> Installing (360 of 420) net-misc/rsync-3.3.0-r1::gentoo to /usr/i586-tcc-linux-musl/
>>> Jobs: 387 of 420 complete                       Load avg: 1.42, 3.12, 3.94
>>> Jobs: 388 of 420 complete                       Load avg: 1.36, 3.05, 3.91
>>> Installing (367 of 420) net-misc/iputils-20121221-r2::gentoo to /usr/i586-tcc-linux-musl/
>>> Jobs: 388 of 420 complete                       Load avg: 1.36, 3.05, 3.91
>>> Jobs: 389 of 420 complete                       Load avg: 1.33, 3.02, 3.90
>>> Jobs: 389 of 420 complete, 1 running            Load avg: 1.33, 3.02, 3.90
>>> Emerging (390 of 420) sys-apps/man-pages-posix-2017a-r1::gentoo for /usr/i586-tcc-linux-musl/
>>> Jobs: 389 of 420 complete, 1 running            Load avg: 1.33, 3.02, 3.90
>>> Jobs: 389 of 420 complete, 2 running            Load avg: 1.33, 3.02, 3.90
>>> Emerging (391 of 420) app-eselect/eselect-timidity-20110513::gentoo for /usr/i586-tcc-linux-musl/
>>> Jobs: 389 of 420 complete, 2 running            Load avg: 1.33, 3.02, 3.90
>>> Jobs: 389 of 420 complete, 3 running            Load avg: 1.33, 3.02, 3.90
>>> Emerging (392 of 420) app-eselect/eselect-lib-bin-symlink-0.1.1-r1::gentoo for /usr/i586-tcc-linux-musl/
>>> Jobs: 389 of 420 complete, 3 running            Load avg: 1.33, 3.02, 3.90
>>> Jobs: 389 of 420 complete, 4 running            Load avg: 1.33, 3.02, 3.90
>>> Emerging (393 of 420) dev-lang/python-3.8.13_p2::gentoo for /usr/i586-tcc-linux-musl/
>>> Jobs: 389 of 420 complete, 4 running            Load avg: 1.33, 3.02, 3.90
>>> Jobs: 389 of 420 complete, 5 running            Load avg: 1.70, 3.07, 3.91
>>> Emerging (394 of 420) app-eselect/eselect-iptables-20220320::gentoo for /usr/i586-tcc-linux-musl/
>>> Jobs: 389 of 420 complete, 5 running            Load avg: 1.70, 3.07, 3.91
>>> Installing (391 of 420) app-eselect/eselect-timidity-20110513::gentoo to /usr/i586-tcc-linux-musl/
>>> Jobs: 389 of 420 complete, 5 running            Load avg: 2.86, 3.24, 3.95
>>> Jobs: 389 of 420 complete, 4 running            Load avg: 2.86, 3.24, 3.95
>>> Jobs: 389 of 420 complete, 5 running            Load avg: 2.86, 3.24, 3.95
>>> Emerging (395 of 420) app-eselect/eselect-fontconfig-20220403::gentoo for /usr/i586-tcc-linux-musl/
>>> Jobs: 389 of 420 complete, 5 running            Load avg: 2.86, 3.24, 3.95
>>> Jobs: 390 of 420 complete, 5 running            Load avg: 4.13, 3.50, 4.02
>>> Installing (392 of 420) app-eselect/eselect-lib-bin-symlink-0.1.1-r1::gentoo to /usr/i586-tcc-linux-musl/
>>> Jobs: 390 of 420 complete, 5 running            Load avg: 4.13, 3.50, 4.02
>>> Jobs: 390 of 420 complete, 4 running            Load avg: 4.13, 3.50, 4.02
>>> Jobs: 390 of 420 complete, 5 running            Load avg: 4.52, 3.59, 4.05
>>> Emerging (396 of 420) media-sound/timidity-eawpatches-12-r5::gentoo for /usr/i586-tcc-linux-musl/
>>> Jobs: 390 of 420 complete, 5 running            Load avg: 4.52, 3.59, 4.05
>>> Jobs: 391 of 420 complete, 5 running            Load avg: 4.43, 3.60, 4.05
>>> Installing (390 of 420) sys-apps/man-pages-posix-2017a-r1::gentoo to /usr/i586-tcc-linux-musl/
>>> Jobs: 391 of 420 complete, 5 running            Load avg: 4.43, 3.60, 4.05
>>> Jobs: 391 of 420 complete, 4 running            Load avg: 4.43, 3.60, 4.05
>>> Jobs: 391 of 420 complete, 5 running            Load avg: 4.43, 3.60, 4.05
>>> Emerging (397 of 420) app-eselect/eselect-lua-4-r1::gentoo for /usr/i586-tcc-linux-musl/
>>> Jobs: 391 of 420 complete, 5 running            Load avg: 4.43, 3.60, 4.05
>>> Recording sys-apps/man-pages-posix in "world" favorites file...
>>> Jobs: 391 of 420 complete, 5 running            Load avg: 4.56, 3.64, 4.06
>>> Jobs: 392 of 420 complete, 5 running            Load avg: 4.56, 3.64, 4.06
>>> Installing (394 of 420) app-eselect/eselect-iptables-20220320::gentoo to /usr/i586-tcc-linux-musl/
>>> Jobs: 392 of 420 complete, 5 running            Load avg: 4.56, 3.64, 4.06
>>> Jobs: 392 of 420 complete, 4 running            Load avg: 4.56, 3.64, 4.06
>>> Jobs: 392 of 420 complete, 5 running            Load avg: 4.56, 3.64, 4.06
>>> Emerging (398 of 420) app-eselect/eselect-cdparanoia-0.1-r1::gentoo for /usr/i586-tcc-linux-musl/
>>> Jobs: 392 of 420 complete, 5 running            Load avg: 4.56, 3.64, 4.06
>>> Jobs: 393 of 420 complete, 5 running            Load avg: 4.54, 3.67, 4.07
>>> Installing (395 of 420) app-eselect/eselect-fontconfig-20220403::gentoo to /usr/i586-tcc-linux-musl/
>>> Jobs: 393 of 420 complete, 5 running            Load avg: 4.58, 3.69, 4.07
>>> Jobs: 393 of 420 complete, 4 running            Load avg: 4.58, 3.69, 4.07
>>> Jobs: 393 of 420 complete, 5 running            Load avg: 4.58, 3.69, 4.07
>>> Emerging (399 of 420) net-firewall/iptables-1.8.8-r2::gentoo for /usr/i586-tcc-linux-musl/
>>> Jobs: 393 of 420 complete, 5 running            Load avg: 4.58, 3.69, 4.07
>>> Jobs: 394 of 420 complete, 5 running            Load avg: 4.55, 3.72, 4.08
>>> Installing (397 of 420) app-eselect/eselect-lua-4-r1::gentoo to /usr/i586-tcc-linux-musl/
>>> Jobs: 394 of 420 complete, 5 running            Load avg: 4.55, 3.72, 4.08
>>> Jobs: 394 of 420 complete, 4 running            Load avg: 4.55, 3.72, 4.08
>>> Jobs: 394 of 420 complete, 5 running            Load avg: 4.55, 3.72, 4.08
>>> Emerging (400 of 420) media-libs/fontconfig-2.12.93::gentoo for /usr/i586-tcc-linux-musl/
>>> Jobs: 394 of 420 complete, 5 running            Load avg: 4.55, 3.72, 4.08
>>> Installing (398 of 420) app-eselect/eselect-cdparanoia-0.1-r1::gentoo to /usr/i586-tcc-linux-musl/
>>> Jobs: 394 of 420 complete, 5 running            Load avg: 5.26, 3.92, 4.13
>>> Jobs: 394 of 420 complete, 4 running            Load avg: 5.26, 3.92, 4.13
>>> Jobs: 395 of 420 complete, 4 running            Load avg: 5.22, 3.95, 4.14
>>> Jobs: 396 of 420 complete, 4 running            Load avg: 5.22, 3.95, 4.14
>>> Installing (396 of 420) media-sound/timidity-eawpatches-12-r5::gentoo to /usr/i586-tcc-linux-musl/
>>> Jobs: 396 of 420 complete, 4 running            Load avg: 5.22, 3.95, 4.14
>>> Jobs: 396 of 420 complete, 3 running            Load avg: 5.22, 3.95, 4.14
>>> Recording media-sound/timidity-eawpatches in "world" favorites file...
>>> Jobs: 396 of 420 complete, 3 running            Load avg: 5.18, 3.99, 4.15
>>> Jobs: 397 of 420 complete, 3 running            Load avg: 5.18, 3.99, 4.15
>>> Jobs: 397 of 420 complete, 4 running            Load avg: 4.96, 4.05, 4.17
>>> Emerging (401 of 420) media-sound/timidity++-2.15.0-r6::gentoo for /usr/i586-tcc-linux-musl/
>>> Jobs: 397 of 420 complete, 4 running            Load avg: 4.96, 4.05, 4.17
>>> Installing (399 of 420) net-firewall/iptables-1.8.8-r2::gentoo to /usr/i586-tcc-linux-musl/
>>> Jobs: 397 of 420 complete, 4 running            Load avg: 4.96, 4.05, 4.17
>>> Jobs: 397 of 420 complete, 3 running            Load avg: 4.96, 4.05, 4.17
>>> Recording net-firewall/iptables in "world" favorites file...
>>> Jobs: 397 of 420 complete, 3 running            Load avg: 6.29, 4.43, 4.29
>>> Jobs: 398 of 420 complete, 3 running            Load avg: 6.29, 4.43, 4.29
>>> Installing (400 of 420) media-libs/fontconfig-2.12.93::gentoo to /usr/i586-tcc-linux-musl/
>>> Jobs: 398 of 420 complete, 3 running            Load avg: 6.94, 4.75, 4.40
>>> Jobs: 398 of 420 complete, 2 running            Load avg: 6.94, 4.75, 4.40
>>> Jobs: 399 of 420 complete, 2 running            Load avg: 6.33, 4.69, 4.39
>>> Installing (401 of 420) media-sound/timidity++-2.15.0-r6::gentoo to /usr/i586-tcc-linux-musl/
>>> Jobs: 399 of 420 complete, 2 running            Load avg: 5.29, 4.59, 4.36
>>> Jobs: 399 of 420 complete, 1 running            Load avg: 5.29, 4.59, 4.36
>>> Recording media-sound/timidity++ in "world" favorites file...
>>> Jobs: 399 of 420 complete, 1 running            Load avg: 4.70, 4.48, 4.33
>>> Jobs: 400 of 420 complete, 1 running            Load avg: 4.70, 4.48, 4.33
>>> Jobs: 400 of 420 complete, 2 running            Load avg: 4.70, 4.48, 4.33
>>> Emerging (402 of 420) media-libs/sdl-mixer-1.2.12-r4::gentoo for /usr/i586-tcc-linux-musl/
>>> Jobs: 400 of 420 complete, 2 running            Load avg: 4.70, 4.48, 4.33
>>> Installing (393 of 420) dev-lang/python-3.8.13_p2::gentoo to /usr/i586-tcc-linux-musl/
>>> Jobs: 400 of 420 complete, 2 running            Load avg: 4.70, 4.48, 4.33
>>> Jobs: 400 of 420 complete, 1 running            Load avg: 4.70, 4.48, 4.33
>>> Jobs: 400 of 420 complete, 2 running            Load avg: 4.56, 4.46, 4.32
>>> Emerging (403 of 420) dev-lang/lua-5.4.6::gentoo for /usr/i586-tcc-linux-musl/
>>> Jobs: 400 of 420 complete, 2 running            Load avg: 4.56, 4.46, 4.32
>>> Jobs: 400 of 420 complete, 3 running            Load avg: 4.44, 4.43, 4.31
>>> Emerging (404 of 420) app-eselect/eselect-pinentry-0.7.4::gentoo for /usr/i586-tcc-linux-musl/
>>> Jobs: 400 of 420 complete, 3 running            Load avg: 4.44, 4.43, 4.31
>>> Jobs: 400 of 420 complete, 4 running            Load avg: 4.40, 4.43, 4.31
>>> Emerging (405 of 420) sys-devel/binutils-2.32-r2::gentoo for /usr/i586-tcc-linux-musl/
>>> Jobs: 400 of 420 complete, 4 running            Load avg: 4.40, 4.43, 4.31
>>> Jobs: 400 of 420 complete, 5 running            Load avg: 4.40, 4.43, 4.31
>>> Emerging (406 of 420) app-text/build-docbook-catalog-2.4::gentoo for /usr/i586-tcc-linux-musl/
>>> Jobs: 400 of 420 complete, 5 running            Load avg: 4.40, 4.43, 4.31
>>> Recording dev-lang/python in "world" favorites file...
>>> Jobs: 400 of 420 complete, 5 running            Load avg: 5.28, 4.62, 4.38
>>> Jobs: 401 of 420 complete, 5 running            Load avg: 5.28, 4.62, 4.38
>>> Installing (404 of 420) app-eselect/eselect-pinentry-0.7.4::gentoo to /usr/i586-tcc-linux-musl/
>>> Jobs: 401 of 420 complete, 5 running            Load avg: 5.28, 4.62, 4.38
>>> Jobs: 401 of 420 complete, 4 running            Load avg: 5.34, 4.64, 4.39
>>> Jobs: 402 of 420 complete, 4 running            Load avg: 5.55, 4.73, 4.42
>>> Installing (406 of 420) app-text/build-docbook-catalog-2.4::gentoo to /usr/i586-tcc-linux-musl/
>>> Jobs: 402 of 420 complete, 4 running            Load avg: 5.43, 4.71, 4.42
>>> Jobs: 402 of 420 complete, 3 running            Load avg: 5.43, 4.71, 4.42
>>> Recording app-text/build-docbook-catalog in "world" favorites file...
>>> Jobs: 402 of 420 complete, 3 running            Load avg: 4.90, 4.62, 4.39
>>> Jobs: 403 of 420 complete, 3 running            Load avg: 4.90, 4.62, 4.39
>>> Jobs: 403 of 420 complete, 4 running            Load avg: 4.90, 4.62, 4.39
>>> Emerging (407 of 420) sys-apps/portage-3.0.30-r5::gentoo for /usr/i586-tcc-linux-musl/
>>> Jobs: 403 of 420 complete, 4 running            Load avg: 4.90, 4.62, 4.39
>>> Jobs: 403 of 420 complete, 5 running            Load avg: 4.99, 4.65, 4.40
>>> Emerging (408 of 420) app-crypt/pinentry-1.2.1::gentoo for /usr/i586-tcc-linux-musl/
>>> Jobs: 403 of 420 complete, 5 running            Load avg: 4.99, 4.65, 4.40
>>> Installing (402 of 420) media-libs/sdl-mixer-1.2.12-r4::gentoo to /usr/i586-tcc-linux-musl/
>>> Jobs: 403 of 420 complete, 5 running            Load avg: 5.31, 4.72, 4.42
>>> Jobs: 403 of 420 complete, 4 running            Load avg: 5.31, 4.72, 4.42
>>> Recording media-libs/sdl-mixer in "world" favorites file...
>>> Jobs: 403 of 420 complete, 4 running            Load avg: 4.94, 4.66, 4.41
>>> Jobs: 404 of 420 complete, 4 running            Load avg: 4.94, 4.66, 4.41
>>> Jobs: 404 of 420 complete, 5 running            Load avg: 4.94, 4.66, 4.41
>>> Emerging (409 of 420) dev-libs/libcdio-paranoia-2.0.1::gentoo for /usr/i586-tcc-linux-musl/
>>> Jobs: 404 of 420 complete, 5 running            Load avg: 4.94, 4.66, 4.41
>>> Installing (403 of 420) dev-lang/lua-5.4.6::gentoo to /usr/i586-tcc-linux-musl/
>>> Jobs: 404 of 420 complete, 5 running            Load avg: 4.94, 4.66, 4.41
>>> Jobs: 404 of 420 complete, 4 running            Load avg: 4.94, 4.66, 4.41
>>> Jobs: 404 of 420 complete, 5 running            Load avg: 4.79, 4.63, 4.40
>>> Emerging (410 of 420) games-fps/prboom-plus-2.5.1.4::gentoo for /usr/i586-tcc-linux-musl/
>>> Jobs: 404 of 420 complete, 5 running            Load avg: 4.79, 4.63, 4.40
>>> Jobs: 405 of 420 complete, 5 running            Load avg: 4.94, 4.67, 4.42
>>> Installing (407 of 420) sys-apps/portage-3.0.30-r5::gentoo to /usr/i586-tcc-linux-musl/
>>> Jobs: 405 of 420 complete, 5 running            Load avg: 6.07, 4.96, 4.52
>>> Jobs: 405 of 420 complete, 4 running            Load avg: 6.07, 4.96, 4.52
>>> Installing (408 of 420) app-crypt/pinentry-1.2.1::gentoo to /usr/i586-tcc-linux-musl/
>>> Jobs: 405 of 420 complete, 4 running            Load avg: 5.51, 4.88, 4.50
>>> Jobs: 405 of 420 complete, 3 running            Load avg: 5.51, 4.88, 4.50
>>> Recording app-crypt/pinentry in "world" favorites file...
>>> Jobs: 405 of 420 complete, 3 running            Load avg: 5.52, 4.90, 4.51
>>> Jobs: 406 of 420 complete, 3 running            Load avg: 5.52, 4.90, 4.51
>>> Recording sys-apps/portage in "world" favorites file...
>>> Jobs: 406 of 420 complete, 3 running            Load avg: 5.52, 4.90, 4.51
>>> Jobs: 407 of 420 complete, 3 running            Load avg: 5.52, 4.90, 4.51
>>> Installing (409 of 420) dev-libs/libcdio-paranoia-2.0.1::gentoo to /usr/i586-tcc-linux-musl/
>>> Jobs: 407 of 420 complete, 3 running            Load avg: 5.35, 4.89, 4.51
>>> Jobs: 407 of 420 complete, 2 running            Load avg: 5.33, 4.89, 4.52
>>> Recording dev-libs/libcdio-paranoia in "world" favorites file...
>>> Jobs: 407 of 420 complete, 2 running            Load avg: 5.06, 4.84, 4.50
>>> Jobs: 408 of 420 complete, 2 running            Load avg: 5.06, 4.84, 4.50
>>> Installing (410 of 420) games-fps/prboom-plus-2.5.1.4::gentoo to /usr/i586-tcc-linux-musl/
>>> Jobs: 408 of 420 complete, 2 running            Load avg: 4.89, 4.81, 4.49
>>> Jobs: 408 of 420 complete, 1 running            Load avg: 4.89, 4.81, 4.49
>>> Jobs: 408 of 420 complete, 2 running            Load avg: 4.89, 4.81, 4.49
>>> Emerging (411 of 420) dev-lua/lpeg-1.1.0::gentoo for /usr/i586-tcc-linux-musl/
>>> Jobs: 408 of 420 complete, 2 running            Load avg: 4.89, 4.81, 4.49
>>> Jobs: 408 of 420 complete, 3 running            Load avg: 4.74, 4.78, 4.48
>>> Emerging (412 of 420) media-gfx/fbida-2.10::gentoo for /usr/i586-tcc-linux-musl/
>>> Jobs: 408 of 420 complete, 3 running            Load avg: 4.74, 4.78, 4.48
>>> Recording games-fps/prboom-plus in "world" favorites file...
>>> Jobs: 408 of 420 complete, 3 running            Load avg: 4.84, 4.80, 4.49
>>> Jobs: 409 of 420 complete, 3 running            Load avg: 4.84, 4.80, 4.49
>>> Jobs: 409 of 420 complete, 4 running            Load avg: 4.84, 4.80, 4.49
>>> Emerging (413 of 420) media-sound/timidity-freepats-20060219-r1::gentoo for /usr/i586-tcc-linux-musl/
>>> Jobs: 409 of 420 complete, 4 running            Load avg: 4.84, 4.80, 4.49
>>> Jobs: 409 of 420 complete, 5 running            Load avg: 4.70, 4.77, 4.48
>>> Emerging (414 of 420) net-proxy/redsocks-9999::gentoo for /usr/i586-tcc-linux-musl/
>>> Jobs: 409 of 420 complete, 5 running            Load avg: 4.70, 4.77, 4.48
>>> Installing (411 of 420) dev-lua/lpeg-1.1.0::gentoo to /usr/i586-tcc-linux-musl/
>>> Jobs: 409 of 420 complete, 5 running            Load avg: 4.96, 4.83, 4.51
>>> Jobs: 409 of 420 complete, 4 running            Load avg: 4.96, 4.83, 4.51
>>> Jobs: 409 of 420 complete, 5 running            Load avg: 4.96, 4.83, 4.51
>>> Emerging (415 of 420) sys-apps/man-pages-5.13::gentoo for /usr/i586-tcc-linux-musl/
>>> Jobs: 409 of 420 complete, 5 running            Load avg: 4.96, 4.83, 4.51
>>> Recording dev-lua/lpeg in "world" favorites file...
>>> Jobs: 409 of 420 complete, 5 running            Load avg: 5.03, 4.85, 4.52
>>> Jobs: 410 of 420 complete, 5 running            Load avg: 4.87, 4.82, 4.51
>>> Installing (412 of 420) media-gfx/fbida-2.10::gentoo to /usr/i586-tcc-linux-musl/
>>> Jobs: 410 of 420 complete, 5 running            Load avg: 4.87, 4.82, 4.51
>>> Jobs: 410 of 420 complete, 4 running            Load avg: 4.87, 4.82, 4.51
>>> Jobs: 410 of 420 complete, 5 running            Load avg: 4.87, 4.82, 4.51
>>> Emerging (416 of 420) app-editors/vis-9999::gentoo for /usr/i586-tcc-linux-musl/
>>> Jobs: 410 of 420 complete, 5 running            Load avg: 4.87, 4.82, 4.51
>>> Recording media-gfx/fbida in "world" favorites file...
>>> Jobs: 410 of 420 complete, 5 running            Load avg: 5.28, 4.91, 4.54
>>> Jobs: 411 of 420 complete, 5 running            Load avg: 5.28, 4.91, 4.54
>>> Installing (414 of 420) net-proxy/redsocks-9999::gentoo to /usr/i586-tcc-linux-musl/
>>> Jobs: 411 of 420 complete, 5 running            Load avg: 5.56, 4.98, 4.57
>>> Jobs: 411 of 420 complete, 4 running            Load avg: 5.56, 4.98, 4.57
>>> Recording net-proxy/redsocks in "world" favorites file...
>>> Jobs: 411 of 420 complete, 4 running            Load avg: 5.35, 4.95, 4.56
>>> Jobs: 412 of 420 complete, 4 running            Load avg: 5.35, 4.95, 4.56
>>> Installing (413 of 420) media-sound/timidity-freepats-20060219-r1::gentoo to /usr/i586-tcc-linux-musl/
>>> Jobs: 412 of 420 complete, 4 running            Load avg: 5.33, 4.95, 4.56
>>> Jobs: 412 of 420 complete, 3 running            Load avg: 5.33, 4.95, 4.56
>>> Recording media-sound/timidity-freepats in "world" favorites file...
>>> Jobs: 412 of 420 complete, 3 running            Load avg: 5.06, 4.90, 4.55
>>> Jobs: 413 of 420 complete, 3 running            Load avg: 5.06, 4.90, 4.55
>>> Jobs: 413 of 420 complete, 2 running            Load avg: 5.06, 4.90, 4.55
>>> Installing (416 of 420) app-editors/vis-9999::gentoo to /usr/i586-tcc-linux-musl/
>>> Jobs: 413 of 420 complete, 2 running            Load avg: 4.81, 4.85, 4.53
>>> Jobs: 413 of 420 complete, 1 running            Load avg: 4.81, 4.85, 4.53
>>> Jobs: 413 of 420 complete, 2 running            Load avg: 4.81, 4.85, 4.53
>>> Emerging (417 of 420) sys-block/parted-3.2-r2::gentoo for /usr/i586-tcc-linux-musl/
>>> Jobs: 413 of 420 complete, 2 running            Load avg: 4.81, 4.85, 4.53
>>> Jobs: 413 of 420 complete, 3 running            Load avg: 4.67, 4.82, 4.53
>>> Emerging (418 of 420) sys-fs/jfsutils-1.1.15-r2::gentoo for /usr/i586-tcc-linux-musl/
>>> Jobs: 413 of 420 complete, 3 running            Load avg: 4.67, 4.82, 4.53
>>> Jobs: 413 of 420 complete, 4 running            Load avg: 4.77, 4.84, 4.53
>>> Emerging (419 of 420) app-eselect/eselect-vi-20221122::gentoo for /usr/i586-tcc-linux-musl/
>>> Jobs: 413 of 420 complete, 4 running            Load avg: 4.77, 4.84, 4.53
>>> Recording app-editors/vis in "world" favorites file...
>>> Jobs: 413 of 420 complete, 4 running            Load avg: 5.19, 4.92, 4.56
>>> Jobs: 414 of 420 complete, 4 running            Load avg: 5.19, 4.92, 4.56
>>> Installing (419 of 420) app-eselect/eselect-vi-20221122::gentoo to /usr/i586-tcc-linux-musl/
>>> Jobs: 414 of 420 complete, 4 running            Load avg: 6.29, 5.19, 4.66
>>> Jobs: 414 of 420 complete, 3 running            Load avg: 6.29, 5.19, 4.66
>>> Recording app-eselect/eselect-vi in "world" favorites file...
>>> Jobs: 414 of 420 complete, 3 running            Load avg: 5.77, 5.12, 4.64
>>> Jobs: 415 of 420 complete, 3 running            Load avg: 5.77, 5.12, 4.64
>>> Installing (415 of 420) sys-apps/man-pages-5.13::gentoo to /usr/i586-tcc-linux-musl/
>>> Jobs: 415 of 420 complete, 3 running            Load avg: 5.77, 5.12, 4.64
>>> Jobs: 415 of 420 complete, 2 running            Load avg: 5.77, 5.12, 4.64
>>> Recording sys-apps/man-pages in "world" favorites file...
>>> Jobs: 415 of 420 complete, 2 running            Load avg: 5.27, 5.03, 4.62
>>> Jobs: 416 of 420 complete, 2 running            Load avg: 5.27, 5.03, 4.62
>>> Installing (418 of 420) sys-fs/jfsutils-1.1.15-r2::gentoo to /usr/i586-tcc-linux-musl/
>>> Jobs: 416 of 420 complete, 2 running            Load avg: 4.76, 4.93, 4.59
>>> Jobs: 416 of 420 complete, 1 running            Load avg: 4.76, 4.93, 4.59
>>> Jobs: 416 of 420 complete, 2 running            Load avg: 4.76, 4.93, 4.59
>>> Emerging (420 of 420) sys-devel/crossdev-20240921::gentoo for /usr/i586-tcc-linux-musl/
>>> Jobs: 416 of 420 complete, 2 running            Load avg: 4.76, 4.93, 4.59
>>> Recording sys-fs/jfsutils in "world" favorites file...
>>> Jobs: 416 of 420 complete, 2 running            Load avg: 4.62, 4.90, 4.58
>>> Jobs: 417 of 420 complete, 2 running            Load avg: 4.62, 4.90, 4.58
>>> Installing (420 of 420) sys-devel/crossdev-20240921::gentoo to /usr/i586-tcc-linux-musl/
>>> Jobs: 417 of 420 complete, 2 running            Load avg: 4.11, 4.77, 4.54
>>> Jobs: 417 of 420 complete, 1 running            Load avg: 4.11, 4.77, 4.54
>>> Recording sys-devel/crossdev in "world" favorites file...
>>> Jobs: 417 of 420 complete, 1 running            Load avg: 3.94, 4.73, 4.53
>>> Jobs: 418 of 420 complete, 1 running            Load avg: 3.94, 4.73, 4.53
>>> Installing (417 of 420) sys-block/parted-3.2-r2::gentoo to /usr/i586-tcc-linux-musl/
>>> Jobs: 418 of 420 complete, 1 running            Load avg: 2.78, 4.37, 4.42
>>> Jobs: 418 of 420 complete                       Load avg: 2.78, 4.37, 4.42
>>> Recording sys-block/parted in "world" favorites file...
>>> Jobs: 418 of 420 complete                       Load avg: 2.64, 4.31, 4.40
>>> Jobs: 419 of 420 complete                       Load avg: 2.64, 4.31, 4.40
>>> Installing (405 of 420) sys-devel/binutils-2.32-r2::gentoo to /usr/i586-tcc-linux-musl/
>>> Jobs: 419 of 420 complete                       Load avg: 2.64, 4.31, 4.40
>>> Recording sys-devel/binutils in "world" favorites file...
>>> Jobs: 419 of 420 complete                       Load avg: 2.39, 4.20, 4.36
>>> Jobs: 420 of 420 complete                       Load avg: 2.39, 4.20, 4.36

 * Messages for package sys-apps/portage-3.0.30-r5 merged to /usr/i586-tcc-linux-musl/:
 * Log file: /media/CACHE/RELEASE/2025/logs/sys-apps:portage-3.0.30-r5:20250608-170135.log
 * Unable to find kernel sources at /usr/i586-tcc-linux-musl/usr/src/linux
 * Unable to calculate Linux Kernel version for build, attempting to use running version
 * Unable to check for the following kernel config options due
 * to absence of any configured kernel sources or compiled
 * config:
 *  - IPC_NS
 *  - PID_NS
 *  - NET_NS
 *  - UTS_NS
 * You're on your own to make sure they are set if needed.
 * Messages for package sys-libs/gpm-1.20.7-r6 merged to /usr/i586-tcc-linux-musl/:
 * Log file: /media/CACHE/RELEASE/2025/logs/sys-libs:gpm-1.20.7-r6:20250608-170136.log
 * Unable to find kernel sources at /usr/i586-tcc-linux-musl/usr/src/linux
 * Unable to calculate Linux Kernel version for build, attempting to use running version
 * Unable to check for the following kernel config options due
 * to absence of any configured kernel sources or compiled
 * config:
 *  - INPUT_MOUSEDEV - CONFIG_INPUT_MOUSEDEV:	is not set (required to expose mice for GPM)
 * You're on your own to make sure they are set if needed.
 * Messages for package media-fonts/urw-fonts-20230503-r1 merged to /usr/i586-tcc-linux-musl/:
 * Log file: /media/CACHE/RELEASE/2025/logs/media-fonts:urw-fonts-20230503-r1:20250608-170422.log
 * The following fontconfig configuration files have been installed:
 * 
 *   61-urw-bookman.conf
 *   61-urw-c059.conf
 *   61-urw-d050000l.conf
 *   61-urw-fallback-backwards.conf
 *   61-urw-fallback-generics.conf
 *   61-urw-fallback-specifics.conf
 *   61-urw-gothic.conf
 *   61-urw-nimbus-mono-ps.conf
 *   61-urw-nimbus-roman.conf
 *   61-urw-nimbus-sans.conf
 *   61-urw-p052.conf
 *   61-urw-standard-symbols-ps.conf
 *   61-urw-z003.conf
 * 
 * Use `eselect fontconfig` to enable/disable them.
 * Messages for package app-crypt/gnupg-1.4.23 merged to /usr/i586-tcc-linux-musl/:
 * Log file: /media/CACHE/RELEASE/2025/logs/app-crypt:gnupg-1.4.23:20250608-170759.log
 * If you are using a non-Linux system, or a kernel older than 2.6.9,
 * you MUST make the gpg binary setuid.
 * 
 * See https://www.gentoo.org/doc/en/gnupg-user.xml for documentation on gnupg
 * 
 * If you wish to view images emerge:
 * media-gfx/xloadimage, media-gfx/xli or any other viewer
 * Remember to use photo-viewer option in configuration file to activate the right viewer
 * Messages for package dev-libs/libpcre2-10.44-r1 merged to /usr/i586-tcc-linux-musl/:
 * Log file: /media/CACHE/RELEASE/2025/logs/dev-libs:libpcre2-10.44-r1:20250608-171352.log
 * Sanity check for libpcre2-8.so failed.
 * Shared library wasn't built, possible libtool bug
 * Messages for package dev-libs/libxml2-2.13.5 merged to /usr/i586-tcc-linux-musl/:
 * Log file: /media/CACHE/RELEASE/2025/logs/dev-libs:libxml2-2.13.5:20250608-171903.log
 * Skipping XML catalog creation for stage building (bug #208887).
 * Messages for package dev-vcs/git-2.35.1 merged to /usr/i586-tcc-linux-musl/:
 * Log file: /media/CACHE/RELEASE/2025/logs/dev-vcs:git-2.35.1:20250608-172133.log
 * Please read /usr/share/bash-completion/completions/git for Git bash command
 * completion.
 * Please read /usr/share/git/git-prompt.sh for Git bash prompt
 * Note that the prompt bash code is now in that separate script
 * These additional scripts need some dependencies:
 *   git-quiltimport  : dev-util/quilt
 *   git-instaweb     : || ( www-servers/lighttpd www-servers/apache www-servers/nginx )
 * Messages for package media-gfx/sane-backends-1.1.1-r2 merged to /usr/i586-tcc-linux-musl/:
 * Log file: /media/CACHE/RELEASE/2025/logs/media-gfx:sane-backends-1.1.1-r2:20250608-172416.log
 * Install additional packages for optional runtime features:
 *   media-gfx/sane-airscan for Network scanner backend
 *   media-gfx/iscan for Epson-specific backend
 *   net-print/hplip for HP-specific backend
 * Messages for package sys-libs/gpm-1.20.7-r6 merged to /usr/i586-tcc-linux-musl/:
 * Log file: /media/CACHE/RELEASE/2025/logs/sys-libs:gpm-1.20.7-r6:20250608-172737.log
 * Unable to find kernel sources at /usr/i586-tcc-linux-musl/usr/src/linux
 * Unable to calculate Linux Kernel version for build, attempting to use running version
 * Unable to check for the following kernel config options due
 * to absence of any configured kernel sources or compiled
 * config:
 *  - INPUT_MOUSEDEV - CONFIG_INPUT_MOUSEDEV:	is not set (required to expose mice for GPM)
 * You're on your own to make sure they are set if needed.
 * Messages for package media-libs/libsdl-1.2.15-r9 merged to /usr/i586-tcc-linux-musl/:
 * Log file: /media/CACHE/RELEASE/2025/logs/media-libs:libsdl-1.2.15-r9:20250608-172833.log
 * Since you've chosen to use possibly unsafe CFLAGS,
 * don't bother filing libsdl-related bugs until trying to remerge
 * libsdl without the custom-cflags use flag in USE.
 * Messages for package net-dialup/dwun-0.96e-r6 merged to /usr/i586-tcc-linux-musl/:
 * Log file: /media/CACHE/RELEASE/2025/logs/net-dialup:dwun-0.96e-r6:20250608-172956.log
 * 
 * Make sure you have "net-dialup/ppp" merged if you intend to use dwun
 * to control a standard PPP network link.
 * See /usr/share/doc/dwun-0.96e/QUICKSTART for instructions on
 * configuring dwun.
 * 
 * Messages for package dev-libs/cyrus-sasl-2.1.28-r5 merged to /usr/i586-tcc-linux-musl/:
 * Log file: /media/CACHE/RELEASE/2025/logs/dev-libs:cyrus-sasl-2.1.28-r5:20250608-173444.log
 * Warning: tmpfiles.d not processed on ROOT != /. If you do not use
 * a service manager supporting tmpfiles.d, you need to run
 * the following command after booting (or chroot-ing with all
 * appropriate filesystems mounted) into the ROOT:
 * 
 *   tmpfiles --create
 * 
 * Failure to do so may result in missing runtime directories
 * and failures to run programs or start services.
 * pwcheck and saslauthd home directories have moved to:
 *   /run/saslauthd, using tmpfiles.d
 * Messages for package app-misc/color-1.2-r3 merged to /usr/i586-tcc-linux-musl/:
 * Log file: /media/CACHE/RELEASE/2025/logs/app-misc:color-1.2-r3:20250608-174524.log
 * For information on using colour in your shell scripts,
 * run 'color' without any arguments.
 * 
 * To see all the colours available, use this command
 * 	$ color --list
 * 
 * More examples are available in /usr/i586-tcc-linux-musl/usr/share/doc/color-1.2-r3.
 * Messages for package app-text/multitail-6.4.2-r1 merged to /usr/i586-tcc-linux-musl/:
 * Log file: /media/CACHE/RELEASE/2025/logs/app-text:multitail-6.4.2-r1:20250608-174855.log
 * Install additional packages for optional runtime features:
 *   x11-misc/xclip for send a buffer to the X clipboard
 * Messages for package app-text/rfcutil-3.2.3-r2 merged to /usr/i586-tcc-linux-musl/:
 * Log file: /media/CACHE/RELEASE/2025/logs/app-text:rfcutil-3.2.3-r2:20250608-175033.log
 * Gaarde suggests you make a cron.monthly to run the following:
 *    /usr/bin/rfc -i
 * Messages for package app-text/wgetpaste-2.34 merged to /usr/i586-tcc-linux-musl/:
 * Log file: /media/CACHE/RELEASE/2025/logs/app-text:wgetpaste-2.34:20250608-175106.log
 * Install additional packages for optional runtime features:
 *   app-text/ansifilter for ANSI (color code) stripping support
 *   x11-misc/xclip for xclip support
 * Messages for package dev-util/ctags-20240609.0 merged to /usr/i586-tcc-linux-musl/:
 * Log file: /media/CACHE/RELEASE/2025/logs/dev-util:ctags-20240609.0:20250608-175200.log
 * You can set the version to be started by /usr/i586-tcc-linux-musl/usr/bin/ctags through
 * the ctags eselect module. "man ctags.eselect" for details.
 * Messages for package dev-util/yacc-1.9.1-r8 merged to /usr/i586-tcc-linux-musl/:
 * Log file: /media/CACHE/RELEASE/2025/logs/dev-util:yacc-1.9.1-r8:20250608-175407.log
 * This package will overwrite one or more files that may belong to other
 * packages (see list below). You can use a command such as `portageq
 * owners / <filename>` to identify the installed package that owns a
 * file. If portageq reports that only one package owns a file then do
 * NOT file a bug report. A bug report is only useful if it identifies at
 * least two or more packages that are known to install the same file(s).
 * If a collision occurs and you can not explain where the file came from
 * then you should simply ignore the collision since there is not enough
 * information to determine if a real problem exists. Please do NOT file
 * a bug report at https://bugs.gentoo.org/ unless you report exactly
 * which two packages install the same file(s). See
 * https://wiki.gentoo.org/wiki/Knowledge_Base:Blockers for tips on how
 * to solve the problem. And once again, please do NOT file a bug report
 * unless you have completely understood the above message.
 * 
 * Detected file collision(s):
 * 
 * 	/usr/i586-tcc-linux-musl/usr/bin/yacc
 * 
 * Searching all installed packages for file collisions...
 * 
 * Press Ctrl-C to Stop
 * 
 * None of the installed packages claim the file(s).
 * 
 * Package 'dev-util/yacc-1.9.1-r8' merged despite file collisions. If
 * necessary, refer to your elog messages for the whole content of the
 * above message.
 * Messages for package mail-client/mutt-2.2.13 merged to /usr/i586-tcc-linux-musl/:
 * Log file: /media/CACHE/RELEASE/2025/logs/mail-client:mutt-2.2.13:20250608-175443.log
 * If you are new to mutt you may want to take a look at
 * the Gentoo QuickStart Guide to Mutt E-Mail:
 *    https://wiki.gentoo.org/wiki/Mutt
 * Messages for package media-gfx/jpeg2ps-1.9-r2 merged to /usr/i586-tcc-linux-musl/:
 * Log file: /media/CACHE/RELEASE/2025/logs/media-gfx:jpeg2ps-1.9-r2:20250608-175832.log
 * By default, this installation of jpeg2ps will generate letter size
 * output. You can force A4 output with
 * jpeg2ps -p a4 file.jpg > file.ps
 * 
 * (Note: Above message is only printed the first time package is
 * installed. Please look at /usr/share/doc/jpeg2ps-1.9-r2/README.gentoo*
 * for future reference)
 * Messages for package media-sound/audiotag-0.19-r1 merged to /usr/i586-tcc-linux-musl/:
 * Log file: /media/CACHE/RELEASE/2025/logs/media-sound:audiotag-0.19-r1:20250608-180204.log
 * Install additional packages for optional runtime features:
 *   media-video/atomicparsley for for m4a/mp4 support
 *   media-libs/id3lib for for mp3 support
 *   media-sound/vorbis-tools for for vorbis support
 * Messages for package media-fonts/terminus-font-4.49.1-r1 merged to /usr/i586-tcc-linux-musl/:
 * Log file: /media/CACHE/RELEASE/2025/logs/media-fonts:terminus-font-4.49.1-r1:20250608-175607.log
 * The following fontconfig configuration files have been installed:
 * 
 *   75-yes-terminus.conf
 * 
 * Use `eselect fontconfig` to enable/disable them.
 * Messages for package net-ftp/pure-ftpd-1.0.52 merged to /usr/i586-tcc-linux-musl/:
 * Log file: /media/CACHE/RELEASE/2025/logs/net-ftp:pure-ftpd-1.0.52:20250608-180719.log
 * 
 * Before starting Pure-FTPd, you have to edit the /etc/pure-ftpd.conf file!
 * 
 * It's *really* important to read the README provided with Pure-FTPd!
 * Check out http://download.pureftpd.org/pub/pure-ftpd/doc/README for general info
 * and http://download.pureftpd.org/pub/pure-ftpd/doc/README.TLS for SSL/TLS info.
 * 
 * Messages for package net-irc/ngircd-26.1-r5 merged to /usr/i586-tcc-linux-musl/:
 * Log file: /media/CACHE/RELEASE/2025/logs/net-irc:ngircd-26.1-r5:20250608-180810.log
 * Warning: tmpfiles.d not processed on ROOT != /. If you do not use
 * a service manager supporting tmpfiles.d, you need to run
 * the following command after booting (or chroot-ing with all
 * appropriate filesystems mounted) into the ROOT:
 * 
 *   tmpfiles --create
 * 
 * Failure to do so may result in missing runtime directories
 * and failures to run programs or start services.
 * Messages for package net-misc/chrony-4.6.1 merged to /usr/i586-tcc-linux-musl/:
 * Log file: /media/CACHE/RELEASE/2025/logs/net-misc:chrony-4.6.1:20250608-180945.log
 * Warning: tmpfiles.d not processed on ROOT != /. If you do not use
 * a service manager supporting tmpfiles.d, you need to run
 * the following command after booting (or chroot-ing with all
 * appropriate filesystems mounted) into the ROOT:
 * 
 *   tmpfiles --create
 * 
 * Failure to do so may result in missing runtime directories
 * and failures to run programs or start services.
 * To enable seccomp in a stricter mode, please modify:
 * - /usr/i586-tcc-linux-musl/etc/conf.d/chronyd for OpenRC
 * - systemctl edit chronyd for systemd
 * to use -F 1 or -F -1 instead of -F 2 (see man chronyd)
 * By default, we now use -F 2 which is a baseline/minimal filter.
 * Messages for package net-mail/fetchmail-6.4.39 merged to /usr/i586-tcc-linux-musl/:
 * Log file: /media/CACHE/RELEASE/2025/logs/net-mail:fetchmail-6.4.39:20250608-180836.log
 * Warning: tmpfiles.d not processed on ROOT != /. If you do not use
 * a service manager supporting tmpfiles.d, you need to run
 * the following command after booting (or chroot-ing with all
 * appropriate filesystems mounted) into the ROOT:
 * 
 *   tmpfiles --create
 * 
 * Failure to do so may result in missing runtime directories
 * and failures to run programs or start services.
 * Please see /etc/conf.d/fetchmail if you want to adjust
 * the polling delay used by the fetchmail init script.
 * Messages for package net-misc/endlessh-1.1-r2 merged to /usr/i586-tcc-linux-musl/:
 * Log file: /media/CACHE/RELEASE/2025/logs/net-misc:endlessh-1.1-r2:20250608-181025.log
 * Log parsing script installed to /usr/share/endlessh
 * Install dev-python/pyrfc3339 if you are going to use it
 * Messages for package net-misc/dropbear-2024.86 merged to /usr/i586-tcc-linux-musl/:
 * Log file: /media/CACHE/RELEASE/2025/logs/net-misc:dropbear-2024.86:20250608-181000.log
 * Using bundled copies of libtommath and libtomcrypt
 * Messages for package net-misc/spiped-1.6.2-r1 merged to /usr/i586-tcc-linux-musl/:
 * Log file: /media/CACHE/RELEASE/2025/logs/net-misc:spiped-1.6.2-r1:20250608-181302.log
 * 
 * You will need to configure spiped via its
 * configuration file located in /etc/conf.d/.
 * 
 * Please have a look at this file prior to starting up spiped!
 * 
 * Messages for package net-misc/radvd-2.19-r7 merged to /usr/i586-tcc-linux-musl/:
 * Log file: /media/CACHE/RELEASE/2025/logs/net-misc:radvd-2.19-r7:20250608-181245.log
 * Please create a configuration file /etc/radvd.conf.
 * See /usr/share/doc/radvd-2.19-r7 for an example.
 * 
 * grsecurity users should allow a specific group to read /proc
 * and add the radvd user to that group, otherwise radvd may
 * segfault on startup.
 * 
 * (Note: Above message is only printed the first time package is
 * installed. Please look at /usr/share/doc/radvd-2.19-r7/README.gentoo*
 * for future reference)
 * Messages for package sci-visualization/gnuplot-5.4.10 merged to /usr/i586-tcc-linux-musl/:
 * Log file: /media/CACHE/RELEASE/2025/logs/sci-visualization:gnuplot-5.4.10:20250608-181634.log
 * Gnuplot no longer links against pdflib. You can use the "pdfcairo"
 * terminal for PDF output. It is available with USE="cairo".
 * 
 * For font support in png/jpeg/gif output, you may have to set the
 * GDFONTPATH and GNUPLOT_DEFAULT_GDFONT environment variables. See the
 * FAQ file in /usr/share/doc/gnuplot-5.4.10/ for more information.
 * 
 * (Note: Above message is only printed the first time package is
 * installed. Please look at /usr/share/doc/gnuplot-5.4.10/README.gentoo*
 * for future reference)
 * Messages for package sys-apps/pv-1.9.0 merged to /usr/i586-tcc-linux-musl/:
 * Log file: /media/CACHE/RELEASE/2025/logs/sys-apps:pv-1.9.0:20250608-181859.log
 * Unable to find kernel sources at /usr/i586-tcc-linux-musl/usr/src/linux
 * Unable to calculate Linux Kernel version for build, attempting to use running version
 * Unable to check for the following kernel config options due
 * to absence of any configured kernel sources or compiled
 * config:
 *  - SYSVIPC - You will need to enable CONFIG_SYSVIPC in your kernel to use the --remote option.
 * You're on your own to make sure they are set if needed.
 * Messages for package sys-apps/mlocate-0.26-r3 merged to /usr/i586-tcc-linux-musl/:
 * Log file: /media/CACHE/RELEASE/2025/logs/sys-apps:mlocate-0.26-r3:20250608-181849.log
 * The database for the locate command is generated daily by a cron job,
 * if you install for the first time you can run the updatedb command manually now.
 * 
 * Note that the /etc/updatedb.conf file is generic,
 * please customize it to your system requirements.
 * Messages for package sys-process/htop-3.2.1 merged to /usr/i586-tcc-linux-musl/:
 * Log file: /media/CACHE/RELEASE/2025/logs/sys-process:htop-3.2.1:20250608-182135.log
 * To use lsof features in htop (what processes are accessing
 * what files), you must have sys-process/lsof installed.
 * Unable to find kernel sources at /usr/i586-tcc-linux-musl/usr/src/linux
 * Unable to calculate Linux Kernel version for build, attempting to use running version
 * Unable to check for the following kernel config options due
 * to absence of any configured kernel sources or compiled
 * config:
 *  - TASKSTATS
 *  - TASK_XACCT
 *  - TASK_IO_ACCOUNTING
 *  - CGROUPS
 * You're on your own to make sure they are set if needed.
 * Messages for package app-text/discount-2.2.7c-r1 merged to /usr/i586-tcc-linux-musl/:
 * Log file: /media/CACHE/RELEASE/2025/logs/app-text:discount-2.2.7c-r1:20250608-182248.log
 * Sample binaries with overly-generic names have been
 * prefixed with "discount-".
 * Messages for package app-text/mandoc-1.14.6 merged to /usr/i586-tcc-linux-musl/:
 * Log file: /media/CACHE/RELEASE/2025/logs/app-text:mandoc-1.14.6:20250608-170501.log
 * Generating mandoc database
 * Messages for package sys-apps/baselayout-2.17 merged to /usr/i586-tcc-linux-musl/:
 * Log file: /media/CACHE/RELEASE/2025/logs/sys-apps:baselayout-2.17:20250608-173908.log
 * You should reboot now to get /run mounted with tmpfs!
 * Messages for package app-admin/logrotate-3.22.0 merged to /usr/i586-tcc-linux-musl/:
 * Log file: /media/CACHE/RELEASE/2025/logs/app-admin:logrotate-3.22.0:20250608-183251.log
 * 
 * The logrotate binary is now installed under /usr/bin. Please
 * update your links
 * 
 * logrotate state file is now located at /var/lib/misc/logrotate.status
 * See bug #357275
 * Warning: tmpfiles.d not processed on ROOT != /. If you do not use
 * a service manager supporting tmpfiles.d, you need to run
 * the following command after booting (or chroot-ing with all
 * appropriate filesystems mounted) into the ROOT:
 * 
 *   tmpfiles --create
 * 
 * Failure to do so may result in missing runtime directories
 * and failures to run programs or start services.
 * If you wish to have logrotate e-mail you updates, please
 * emerge virtual/mailx and configure logrotate in
 * /etc/logrotate.conf appropriately
 * 
 * Additionally, /etc/logrotate.conf may need to be modified
 * for your particular needs. See man logrotate for details.
 * Messages for package net-dialup/mgetty-1.2.1-r4 merged to /usr/i586-tcc-linux-musl/:
 * Log file: /media/CACHE/RELEASE/2025/logs/net-dialup:mgetty-1.2.1-r4:20250608-183401.log
 * Users who wish to use the fax or voicemail capabilities must be members
 * of the group fax in order to access files
 * 
 * If you want to grab voice messages from a remote location, you must save
 * the password in /var/spool/voice/.code file
 * Messages for package net-misc/bridge-utils-1.7.1-r1 merged to /usr/i586-tcc-linux-musl/:
 * Log file: /media/CACHE/RELEASE/2025/logs/net-misc:bridge-utils-1.7.1-r1:20250608-183528.log
 * Unable to find kernel sources at /usr/i586-tcc-linux-musl/usr/src/linux
 * Unable to calculate Linux Kernel version for build, attempting to use running version
 * Unable to check for the following kernel config options due
 * to absence of any configured kernel sources or compiled
 * config:
 *  - BRIDGE - CONFIG_BRIDGE is required to get bridge devices in the kernel
 * You're on your own to make sure they are set if needed.
 * Messages for package net-fs/nfs-utils-1.3.4 merged to /usr/i586-tcc-linux-musl/:
 * Log file: /media/CACHE/RELEASE/2025/logs/net-fs:nfs-utils-1.3.4:20250608-183442.log
 * If you use OpenRC, the nfsmount service has been replaced with nfsclient.
 * If you were using nfsmount, please add nfsclient and netmount to the
 * same runlevel as nfsmount.
 * Messages for package sys-apps/flashrom-1.2-r3 merged to /usr/i586-tcc-linux-musl/:
 * Log file: /media/CACHE/RELEASE/2025/logs/sys-apps:flashrom-1.2-r3:20250608-183636.log
 * The ebuild needs to be kept in sync.
 * IUSE set to: atahpt atapromise atavia buspirate_spi ch341a_spi dediprog developerbox_spi digilent_spi drkaiser dummy ft2232_spi gfxnvidia internal it8212 jlink_spi linuxmtd linux_spi mstarddc_spi nic3com nicintel nicinteleeprom nicintel_spi nicnatsemi nicrealtek ogp_spi pickit2_spi pony_spi rayer_spi satamv satasii serprog stlinkv3_spi usbblaster_spi
 * flashrom.c : atahpt atapromise atavia buspirate_spi ch341a_spi dediprog developerbox_spi digilent_spi drkaiser dummy ft2232_spi gfxnvidia internal it8212 jlink_spi linux_mtd linux_spi mstarddc_spi ni845x_spi nic3com nicintel nicintel_eeprom nicintel_spi nicnatsemi nicrealtek ogp_spi pickit2_spi pony_spi rayer_spi satamv satasii serprog stlinkv3_spi usbblaster_spi
 * Messages for package net-p2p/transmission-3.00-r1 merged to /usr/i586-tcc-linux-musl/:
 * Log file: /media/CACHE/RELEASE/2025/logs/net-p2p:transmission-3.00-r1:20250608-183631.log
 * If you use transmission-daemon, please, set 'rpc-username' and
 * 'rpc-password' (in plain text, transmission-daemon will hash it on
 * start) in settings.json file located at /var/lib/transmission/config or
 * any other appropriate config directory.
 * 
 * Since µTP is enabled by default, transmission needs large kernel buffers for
 * the UDP socket. You can append following lines into /etc/sysctl.conf:
 *  net.core.rmem_max = 4194304
 *  net.core.wmem_max = 1048576
 * and run sysctl -p
 * Messages for package www-servers/lighttpd-1.4.76-r1 merged to /usr/i586-tcc-linux-musl/:
 * Log file: /media/CACHE/RELEASE/2025/logs/www-servers:lighttpd-1.4.76-r1:20250608-183817.log
 * Warning: tmpfiles.d not processed on ROOT != /. If you do not use
 * a service manager supporting tmpfiles.d, you need to run
 * the following command after booting (or chroot-ing with all
 * appropriate filesystems mounted) into the ROOT:
 * 
 *   tmpfiles --create
 * 
 * Failure to do so may result in missing runtime directories
 * and failures to run programs or start services.
 * Messages for package app-shells/bash-5.1_p16-r13 merged to /usr/i586-tcc-linux-musl/:
 * Log file: /media/CACHE/RELEASE/2025/logs/app-shells:bash-5.1_p16-r13:20250608-182906.log
 * Files situated under /etc/bash/bashrc.d must now have a suffix of .sh or .bash.
 * 
 * Gentoo now defaults to defining PROMPT_COMMAND as an array. Depending on the
 * characteristics of the operating environment, this array may contain a command
 * to set the terminal's window title. Those already choosing to customise the
 * PROMPT_COMMAND variable are now advised to append their commands like so:
 * 
 * PROMPT_COMMAND+=('custom command goes here')
 * 
 * Gentoo no longer defaults to having bash manipulate the window title in the case
 * that the terminal is controlled by sshd(8), unless screen or tmux are in use.
 * Those wanting to set the title unconditionally may adjust ~/.bashrc - or create
 * a custom /etc/bash/bashrc.d drop-in - to set PROMPT_COMMMAND like so:
 * 
 * PROMPT_COMMAND=(genfun_set_win_title)
 * 
 * Those who would prefer for bash never to interfere with the window title may
 * now opt out of the default title setting behaviour, either with the "unset -v
 * PROMPT_COMMAND" command or by re-defining PROMPT_COMMAND as desired.
 * Messages for package net-firewall/iptables-1.8.8-r2 merged to /usr/i586-tcc-linux-musl/:
 * Log file: /media/CACHE/RELEASE/2025/logs/net-firewall:iptables-1.8.8-r2:20250608-184506.log
 * Current iptables implementation is unset, setting to xtables-legacy-multi
 * Messages for package media-libs/fontconfig-2.12.93 merged to /usr/i586-tcc-linux-musl/:
 * Log file: /media/CACHE/RELEASE/2025/logs/media-libs:fontconfig-2.12.93:20250608-184514.log
 * Please make fontconfig configuration changes using `eselect
 * fontconfig`. Any changes made to /etc/fonts/fonts.conf will be
 * overwritten. If you need to reset your configuration to upstream
 * defaults, delete the directory
 * /usr/i586-tcc-linux-musletc/fonts/conf.d/ and re-emerge fontconfig.
 * 
 * (Note: Above message is only printed the first time package is
 * installed. Please look at /usr/share/doc/fontconfig-2.12.93/README.gentoo*
 * for future reference)
 * Messages for package media-sound/timidity++-2.15.0-r6 merged to /usr/i586-tcc-linux-musl/:
 * Log file: /media/CACHE/RELEASE/2025/logs/media-sound:timidity++-2.15.0-r6:20250608-184619.log
 * A timidity config file has been installed in /etc/timidity.cfg.
 * Do not edit this file as it will interfere with the eselect timidity tool.
 * The tool 'eselect timidity' can be used to switch between installed patchsets.
 * Messages for package dev-lang/python-3.8.13_p2 merged to /usr/i586-tcc-linux-musl/:
 * Log file: /media/CACHE/RELEASE/2025/logs/dev-lang:python-3.8.13_p2:20250608-184356.log
 * You have configured Python without XML support.
 * This is NOT a recommended configuration as you
 * may face problems parsing any XML documents.
 * Messages for package dev-lang/lua-5.4.6 merged to /usr/i586-tcc-linux-musl/:
 * Log file: /media/CACHE/RELEASE/2025/logs/dev-lang:lua-5.4.6:20250608-184804.log
 * Install additional packages for optional runtime features:
 *   app-emacs/lua-mode for Lua support for Emacs
 * Messages for package sys-apps/portage-3.0.30-r5 merged to /usr/i586-tcc-linux-musl/:
 * Log file: /media/CACHE/RELEASE/2025/logs/sys-apps:portage-3.0.30-r5:20250608-184905.log
 * Unable to find kernel sources at /usr/i586-tcc-linux-musl/usr/src/linux
 * Unable to calculate Linux Kernel version for build, attempting to use running version






































































































>>> Auto-cleaning packages...

>>> Using system located in ROOT tree /usr/i586-tcc-linux-musl/

>>> No outdated packages were found on your system.
### release_image(666666)
Creating little endian 2.1 filesystem on /media/CACHE/RELEASE/2025/x86-embedded/666666/root-embedded-x86-666666.squashfs, block size 65536.

Little endian filesystem, data block size 65536, compressed data, uncompressed metadata, compressed fragments
Filesystem size 615711.71 Kbytes (601.28 Mbytes)
	26.39% of uncompressed filesystem size (2332768.47 Kbytes)
Inode table size 934806 bytes (912.90 Kbytes)
	100.00% of uncompressed inode table size (934806 bytes)
Directory table size 562846 bytes (549.65 Kbytes)
	100.00% of uncompressed directory table size (562846 bytes)
Number of duplicate files found 3409
Number of inodes 33157
Number of files 26065
Number of fragments 2188
Number of symbolic links  4570
Number of device nodes 0
Number of fifo nodes 1
Number of socket nodes 0
Number of directories 2521
Number of uids 16
	root (0)
	ngircd (413)
	privoxy (392)
	stunnel (341)
	uucp (15)
	fax (320)
	nobody (65534)
	fetchmail (124)
	lighttpd (302)
	news (13)
	portage (250)
	timidity (306)
	tor (43)
	transmission (169)
	at (246)
	cron (16)
Number of gids 11
	at (246)
	portage (250)
	ssmtp (299)
	mail (8)
	locate (245)
	root (0)
	smtpq (252)
	wheel (10)
	ftp (21)
	nobody (65534)
	lp (7)
### x86_tcc_boot_image(666666)
Creating little endian 2.1 filesystem on /media/CACHE/RELEASE/2025/ISOROOT-embedded-666666/boot/initrd, block size 65536.

Little endian filesystem, data block size 65536, compressed data, uncompressed metadata, compressed fragments
Filesystem size 636.14 Kbytes (0.62 Mbytes)
	42.65% of uncompressed filesystem size (1491.64 Kbytes)
Inode table size 428 bytes (0.42 Kbytes)
	100.00% of uncompressed inode table size (428 bytes)
Directory table size 161 bytes (0.16 Kbytes)
	100.00% of uncompressed directory table size (161 bytes)
Number of duplicate files found 0
Number of inodes 20
Number of files 3
Number of fragments 1
Number of symbolic links  1
Number of device nodes 0
Number of fifo nodes 0
Number of socket nodes 0
Number of directories 16
Number of uids 1
	root (0)
Number of gids 0
Warning: Creating ISO-9660:1999 (version 2) filesystem.
Warning: ISO-9660 filenames longer than 31 may cause buffer overflows in the OS.
Setting input-charset to 'UTF-8' from locale.
Size of boot image is 4 sectors -> No emulation
  1.61% done, estimate finish Sun Jun  8 19:05:00 2025
  3.22% done, estimate finish Sun Jun  8 19:05:00 2025
  4.82% done, estimate finish Sun Jun  8 19:05:20 2025
  6.42% done, estimate finish Sun Jun  8 19:05:15 2025
  8.03% done, estimate finish Sun Jun  8 19:05:12 2025
  9.63% done, estimate finish Sun Jun  8 19:05:10 2025
 11.24% done, estimate finish Sun Jun  8 19:05:08 2025
 12.84% done, estimate finish Sun Jun  8 19:05:15 2025
 14.45% done, estimate finish Sun Jun  8 19:05:13 2025
 16.05% done, estimate finish Sun Jun  8 19:05:12 2025
 17.66% done, estimate finish Sun Jun  8 19:05:11 2025
 19.26% done, estimate finish Sun Jun  8 19:05:15 2025
 20.87% done, estimate finish Sun Jun  8 19:05:14 2025
 22.47% done, estimate finish Sun Jun  8 19:05:13 2025
 24.07% done, estimate finish Sun Jun  8 19:05:12 2025
 25.68% done, estimate finish Sun Jun  8 19:05:15 2025
 27.29% done, estimate finish Sun Jun  8 19:05:14 2025
 28.89% done, estimate finish Sun Jun  8 19:05:13 2025
 30.49% done, estimate finish Sun Jun  8 19:05:16 2025
 32.09% done, estimate finish Sun Jun  8 19:05:15 2025
 33.71% done, estimate finish Sun Jun  8 19:05:14 2025
 35.31% done, estimate finish Sun Jun  8 19:05:14 2025
 36.91% done, estimate finish Sun Jun  8 19:05:13 2025
 38.51% done, estimate finish Sun Jun  8 19:05:15 2025
 40.13% done, estimate finish Sun Jun  8 19:05:14 2025
 41.73% done, estimate finish Sun Jun  8 19:05:16 2025
 43.33% done, estimate finish Sun Jun  8 19:05:16 2025
 44.93% done, estimate finish Sun Jun  8 19:05:17 2025
 46.54% done, estimate finish Sun Jun  8 19:05:17 2025
 48.15% done, estimate finish Sun Jun  8 19:05:16 2025
 49.75% done, estimate finish Sun Jun  8 19:05:18 2025
 51.35% done, estimate finish Sun Jun  8 19:05:17 2025
 52.96% done, estimate finish Sun Jun  8 19:05:16 2025
 54.57% done, estimate finish Sun Jun  8 19:05:18 2025
 56.17% done, estimate finish Sun Jun  8 19:05:28 2025
 57.77% done, estimate finish Sun Jun  8 19:05:27 2025
 59.38% done, estimate finish Sun Jun  8 19:05:28 2025
 60.98% done, estimate finish Sun Jun  8 19:05:27 2025
 62.59% done, estimate finish Sun Jun  8 19:05:28 2025
 64.19% done, estimate finish Sun Jun  8 19:05:28 2025
 65.80% done, estimate finish Sun Jun  8 19:05:27 2025
 67.40% done, estimate finish Sun Jun  8 19:05:26 2025
 69.00% done, estimate finish Sun Jun  8 19:05:26 2025
 70.61% done, estimate finish Sun Jun  8 19:05:26 2025
 72.22% done, estimate finish Sun Jun  8 19:05:26 2025
 73.82% done, estimate finish Sun Jun  8 19:05:25 2025
 75.42% done, estimate finish Sun Jun  8 19:05:25 2025
 77.03% done, estimate finish Sun Jun  8 19:05:25 2025
 78.64% done, estimate finish Sun Jun  8 19:05:25 2025
 80.24% done, estimate finish Sun Jun  8 19:05:24 2025
 81.84% done, estimate finish Sun Jun  8 19:05:24 2025
 83.44% done, estimate finish Sun Jun  8 19:05:25 2025
 85.06% done, estimate finish Sun Jun  8 19:05:24 2025
 86.66% done, estimate finish Sun Jun  8 19:05:25 2025
 88.26% done, estimate finish Sun Jun  8 19:05:30 2025
 89.86% done, estimate finish Sun Jun  8 19:05:30 2025
 91.48% done, estimate finish Sun Jun  8 19:05:30 2025
 93.08% done, estimate finish Sun Jun  8 19:05:30 2025
 94.68% done, estimate finish Sun Jun  8 19:05:29 2025
 96.28% done, estimate finish Sun Jun  8 19:05:29 2025
 97.89% done, estimate finish Sun Jun  8 19:05:29 2025
 99.49% done, estimate finish Sun Jun  8 19:05:29 2025
Total translation table size: 2048
Total rockridge attributes bytes: 0
Total directory bytes: 4096
Path table size(bytes): 38
Max brk space used 0
311591 extents written (608 MB)
sg lanout -c "ncftpput 172.16.2.3 / /media/CACHE/RELEASE/2025/x86-embedded/666666/embedded-x86-666666.iso"
